day,logged,location,model name,supply scenario,demand scenario,avg daily demand,inventory size,test days,init days,epsilon start,epsilon decay,epsilon min,epsilon current,learning rate,gamma,batch size,num units requested,num supplied products,num supplied O-,num supplied O+,num supplied A-,num supplied A+,num supplied B-,num supplied B+,num supplied AB-,num supplied AB+,num requests O-,num requests O+,num requests A-,num requests A+,num requests B-,num requests B+,num requests AB-,num requests AB+,num O- in inventory,num O+ in inventory,num A- in inventory,num A+ in inventory,num B- in inventory,num B+ in inventory,num AB- in inventory,num AB+ in inventory,reward,issued but nonexistent,issued but discarded,num outdates,num shortages,num mismatches A,num mismatches B,num mismatches D,num mismatches C,num mismatches c,num mismatches E,num mismatches e
0,True,reg_9,request_scratch,cau100_afr0_asi0_9,regional_9,50,150,365,70,0,0.995,0.01,1.0,0.1,0.5,50,0,0,0,0,0,0,0,0,0,0,0,0,0,0,0,0,0,0,0,0,0,0,0,0,0,0,-60.0,1,0,0.0,1,0,0,0,0,0,0,0
1,True,reg_9,request_scratch,cau100_afr0_asi0_9,regional_9,50,150,365,70,0,0.995,0.01,0.995,0.1,0.5,50,0,0,0,0,0,0,0,0,0,0,0,0,0,0,0,0,0,0,0,0,0,0,0,0,0,0,-60.0,1,0,0.0,1,0,0,0,0,0,0,0
2,True,reg_9,request_scratch,cau100_afr0_asi0_9,regional_9,50,150,365,70,0,0.995,0.01,0.990025,0.1,0.5,50,0,0,0,0,0,0,0,0,0,0,0,0,0,0,0,0,0,0,0,0,0,0,0,0,0,0,-240.0,4,0,0.0,4,0,0,0,0,0,0,0
3,True,reg_9,request_scratch,cau100_afr0_asi0_9,regional_9,50,150,365,70,0,0.995,0.01,0.985074875,0.1,0.5,50,0,0,0,0,0,0,0,0,0,0,0,0,0,0,0,0,0,0,0,0,0,0,0,0,0,0,-1462.8348,24,2,0.0,26,0,0,0,1,1,2,3
4,True,reg_9,request_scratch,cau100_afr0_asi0_9,regional_9,50,150,365,70,0,0.995,0.01,0.9801495006250001,0.1,0.5,50,0,0,0,0,0,0,0,0,0,0,0,0,0,0,0,0,0,0,0,0,0,0,0,0,0,0,-1200.3231,20,0,0.0,20,0,0,0,0,0,1,1
5,True,reg_9,request_scratch,cau100_afr0_asi0_9,regional_9,50,150,365,70,0,0.995,0.01,0.9752487531218751,0.1,0.5,50,0,0,0,0,0,0,0,0,0,0,0,0,0,0,0,0,0,0,0,0,0,0,0,0,0,0,-1631.7363,27,1,0.0,28,0,0,0,1,3,1,3
6,True,reg_9,request_scratch,cau100_afr0_asi0_9,regional_9,50,150,365,70,0,0.995,0.01,0.9703725093562657,0.1,0.5,50,0,0,0,0,0,0,0,0,0,0,0,0,0,0,0,0,0,0,0,0,0,0,0,0,0,0,-1440.2377,24,0,0.0,24,0,0,0,0,1,0,2
7,True,reg_9,request_scratch,cau100_afr0_asi0_9,regional_9,50,150,365,70,0,0.995,0.01,0.9655206468094844,0.1,0.5,50,0,0,0,0,0,0,0,0,0,0,0,0,0,0,0,0,0,0,0,0,0,0,0,0,0,0,-3551.62,59,1,0.0,60,0,0,0,0,2,2,0
8,True,reg_9,request_scratch,cau100_afr0_asi0_9,regional_9,50,150,365,70,0,0.995,0.01,0.960693043575437,0.1,0.5,50,0,0,0,0,0,0,0,0,0,0,0,0,0,0,0,0,0,0,0,0,0,0,0,0,0,0,-600.3231000000001,10,0,0.0,10,0,0,0,0,0,1,1
9,True,reg_9,request_scratch,cau100_afr0_asi0_9,regional_9,50,150,365,70,0,0.995,0.01,0.9558895783575597,0.1,0.5,50,0,0,0,0,0,0,0,0,0,0,0,0,0,0,0,0,0,0,0,0,0,0,0,0,0,0,-2160.1672,36,0,0.0,36,0,0,0,0,0,0,2
10,True,reg_9,request_scratch,cau100_afr0_asi0_9,regional_9,50,150,365,70,0,0.995,0.01,0.9511101304657719,0.1,0.5,50,0,0,0,0,0,0,0,0,0,0,0,0,0,0,0,0,0,0,0,0,0,0,0,0,0,0,-960.0836,16,0,0.0,16,0,0,0,0,0,0,1
11,True,reg_9,request_scratch,cau100_afr0_asi0_9,regional_9,50,150,365,70,0,0.995,0.01,0.946354579813443,0.1,0.5,50,0,0,0,0,0,0,0,0,0,0,0,0,0,0,0,0,0,0,0,0,0,0,0,0,0,0,-1980.6444,33,0,0.0,33,0,0,0,0,1,1,4
12,True,reg_9,request_scratch,cau100_afr0_asi0_9,regional_9,50,150,365,70,0,0.995,0.01,0.9416228069143757,0.1,0.5,50,0,0,0,0,0,0,0,0,0,0,0,0,0,0,0,0,0,0,0,0,0,0,0,0,0,0,-1211.2377000000001,20,1,0.0,21,0,0,0,0,1,0,2
13,True,reg_9,request_scratch,cau100_afr0_asi0_9,regional_9,50,150,365,70,0,0.995,0.01,0.9369146928798039,0.1,0.5,50,0,0,0,0,0,0,0,0,0,0,0,0,0,0,0,0,0,0,0,0,0,0,0,0,0,0,-2100.3231,35,0,0.0,35,0,0,0,0,0,1,1
14,True,reg_9,request_scratch,cau100_afr0_asi0_9,regional_9,50,150,365,70,0,0.995,0.01,0.9322301194154049,0.1,0.5,50,0,0,0,0,0,0,0,0,0,0,0,0,0,0,0,0,0,0,0,0,0,0,0,0,0,0,-1440.5117,24,0,0.0,24,0,0,0,1,1,1,2
15,True,reg_9,request_scratch,cau100_afr0_asi0_9,regional_9,50,150,365,70,0,0.995,0.01,0.9275689688183278,0.1,0.5,50,0,0,0,0,0,0,0,0,0,0,0,0,0,0,0,0,0,0,0,0,0,0,0,0,0,0,-2580.4067,43,0,0.0,43,0,0,0,0,0,1,2
16,True,reg_9,request_scratch,cau100_afr0_asi0_9,regional_9,50,150,365,70,0,0.995,0.01,0.9229311239742362,0.1,0.5,50,0,0,0,0,0,0,0,0,0,0,0,0,0,0,0,0,0,0,0,0,0,0,0,0,0,0,-1200.105,20,0,0.0,20,0,0,0,1,1,0,0
17,True,reg_9,request_scratch,cau100_afr0_asi0_9,regional_9,50,150,365,70,0,0.995,0.01,0.918316468354365,0.1,0.5,50,0,0,0,0,0,0,0,0,0,0,0,0,0,0,0,0,0,0,0,0,0,0,0,0,0,0,-2040.2395,34,0,0.0,34,0,0,0,0,0,1,0
18,True,reg_9,request_scratch,cau100_afr0_asi0_9,regional_9,50,150,365,70,0,0.995,0.01,0.9137248860125932,0.1,0.5,50,0,0,0,0,0,0,0,0,0,0,0,0,0,0,0,0,0,0,0,0,0,0,0,0,0,0,-1451.0836,24,1,0.0,25,0,0,0,0,0,0,1
19,True,reg_9,request_scratch,cau100_afr0_asi0_9,regional_9,50,150,365,70,0,0.995,0.01,0.9091562615825302,0.1,0.5,50,0,0,0,0,0,0,0,0,0,0,0,0,0,0,0,0,0,0,0,0,0,0,0,0,0,0,-1980.4067,33,0,0.0,33,0,0,0,0,0,1,2
20,True,reg_9,request_scratch,cau100_afr0_asi0_9,regional_9,50,150,365,70,0,0.995,0.01,0.9046104802746175,0.1,0.5,50,0,0,0,0,0,0,0,0,0,0,0,0,0,0,0,0,0,0,0,0,0,0,0,0,0,0,-2160.3936,36,0,0.0,36,0,0,0,0,1,1,1
21,True,reg_9,request_scratch,cau100_afr0_asi0_9,regional_9,50,150,365,70,0,0.995,0.01,0.9000874278732445,0.1,0.5,50,0,0,0,0,0,0,0,0,0,0,0,0,0,0,0,0,0,0,0,0,0,0,0,0,0,0,-2040.1181000000001,34,0,0.0,34,0,0,0,1,0,0,1
22,True,reg_9,request_scratch,cau100_afr0_asi0_9,regional_9,50,150,365,70,0,0.995,0.01,0.8955869907338783,0.1,0.5,50,0,0,0,0,0,0,0,0,0,0,0,0,0,0,0,0,0,0,0,0,0,0,0,0,0,0,-2100.0,35,0,0.0,35,0,0,0,0,0,0,0
23,True,reg_9,request_scratch,cau100_afr0_asi0_9,regional_9,50,150,365,70,0,0.995,0.01,0.8911090557802088,0.1,0.5,50,0,0,0,0,0,0,0,0,0,0,0,0,0,0,0,0,0,0,0,0,0,0,0,0,0,0,-2220.0,37,0,0.0,37,0,0,0,0,0,0,0
24,True,reg_9,request_scratch,cau100_afr0_asi0_9,regional_9,50,150,365,70,0,0.995,0.01,0.8866535105013078,0.1,0.5,50,0,0,0,0,0,0,0,0,0,0,0,0,0,0,0,0,0,0,0,0,0,0,0,0,0,0,-1980.3445000000002,33,0,0.0,33,0,0,0,1,1,1,0
25,True,reg_9,request_scratch,cau100_afr0_asi0_9,regional_9,50,150,365,70,0,0.995,0.01,0.8822202429488013,0.1,0.5,50,0,0,0,0,0,0,0,0,0,0,0,0,0,0,0,0,0,0,0,0,0,0,0,0,0,0,-1200.0,20,0,0.0,20,0,0,0,0,0,0,0
26,True,reg_9,request_scratch,cau100_afr0_asi0_9,regional_9,50,150,365,70,0,0.995,0.01,0.8778091417340573,0.1,0.5,50,0,0,0,0,0,0,0,0,0,0,0,0,0,0,0,0,0,0,0,0,0,0,0,0,0,0,-1620.0,27,0,0.0,27,0,0,0,0,0,0,0
27,True,reg_9,request_scratch,cau100_afr0_asi0_9,regional_9,50,150,365,70,0,0.995,0.01,0.8734200960253871,0.1,0.5,50,0,0,0,0,0,0,0,0,0,0,0,0,0,0,0,0,0,0,0,0,0,0,0,0,0,0,-1440.0836,24,0,0.0,24,0,0,0,0,0,0,1
28,True,reg_9,request_scratch,cau100_afr0_asi0_9,regional_9,50,150,365,70,0,0.995,0.01,0.8690529955452602,0.1,0.5,50,0,0,0,0,0,0,0,0,0,0,0,0,0,0,0,0,0,0,0,0,0,0,0,0,0,0,-1380.0,23,0,0.0,23,0,0,0,0,0,0,0
29,True,reg_9,request_scratch,cau100_afr0_asi0_9,regional_9,50,150,365,70,0,0.995,0.01,0.8647077305675338,0.1,0.5,50,0,0,0,0,0,0,0,0,0,0,0,0,0,0,0,0,0,0,0,0,0,0,0,0,0,0,-1500.0,25,0,0.0,25,0,0,0,0,0,0,0
30,True,reg_9,request_scratch,cau100_afr0_asi0_9,regional_9,50,150,365,70,0,0.995,0.01,0.8603841919146962,0.1,0.5,50,0,0,0,0,0,0,0,0,0,0,0,0,0,0,0,0,0,0,0,0,0,0,0,0,0,0,-1500.2395,25,0,0.0,25,0,0,0,0,0,1,0
31,True,reg_9,request_scratch,cau100_afr0_asi0_9,regional_9,50,150,365,70,0,0.995,0.01,0.8560822709551227,0.1,0.5,50,0,0,0,0,0,0,0,0,0,0,0,0,0,0,0,0,0,0,0,0,0,0,0,0,0,0,-840.0,14,0,0.0,14,0,0,0,0,0,0,0
32,True,reg_9,request_scratch,cau100_afr0_asi0_9,regional_9,50,150,365,70,0,0.995,0.01,0.851801859600347,0.1,0.5,50,0,0,0,0,0,0,0,0,0,0,0,0,0,0,0,0,0,0,0,0,0,0,0,0,0,0,-1140.2395000000001,19,0,0.0,19,0,0,0,0,0,1,0
33,True,reg_9,request_scratch,cau100_afr0_asi0_9,regional_9,50,150,365,70,0,0.995,0.01,0.8475428503023453,0.1,0.5,50,0,0,0,0,0,0,0,0,0,0,0,0,0,0,0,0,0,0,0,0,0,0,0,0,0,0,-1020.3445,17,0,0.0,17,0,0,0,1,1,1,0
34,True,reg_9,request_scratch,cau100_afr0_asi0_9,regional_9,50,150,365,70,0,0.995,0.01,0.8433051360508336,0.1,0.5,50,0,0,0,0,0,0,0,0,0,0,0,0,0,0,0,0,0,0,0,0,0,0,0,0,0,0,-2526.1540999999997,18,0,1446.0,18,0,0,0,0,1,0,1
35,True,reg_9,request_scratch,cau100_afr0_asi0_9,regional_9,50,150,365,70,0,0.995,0.01,0.8390886103705794,0.1,0.5,50,0,0,0,0,0,0,0,0,0,0,0,0,0,0,0,0,0,0,0,0,0,0,0,0,0,0,-1080.1886,18,0,0.0,18,0,0,0,1,1,0,1
36,True,reg_9,request_scratch,cau100_afr0_asi0_9,regional_9,50,150,365,70,0,0.995,0.01,0.8348931673187264,0.1,0.5,50,0,0,0,0,0,0,0,0,0,0,0,0,0,0,0,0,0,0,0,0,0,0,0,0,0,0,-900.0,15,0,0.0,15,0,0,0,0,0,0,0
37,True,reg_9,request_scratch,cau100_afr0_asi0_9,regional_9,50,150,365,70,0,0.995,0.01,0.8307187014821328,0.1,0.5,50,0,0,0,0,0,0,0,0,0,0,0,0,0,0,0,0,0,0,0,0,0,0,0,0,0,0,-900.0,15,0,0.0,15,0,0,0,0,0,0,0
38,True,reg_9,request_scratch,cau100_afr0_asi0_9,regional_9,50,150,365,70,0,0.995,0.01,0.8265651079747222,0.1,0.5,50,0,0,0,0,0,0,0,0,0,0,0,0,0,0,0,0,0,0,0,0,0,0,0,0,0,0,-808.0,13,0,28.0,13,0,0,0,0,0,0,0
39,True,reg_9,request_scratch,cau100_afr0_asi0_9,regional_9,50,150,365,70,0,0.995,0.01,0.8224322824348486,0.1,0.5,50,0,0,0,0,0,0,0,0,0,0,0,0,0,0,0,0,0,0,0,0,0,0,0,0,0,0,-1020.4049000000001,17,0,0.0,17,0,0,0,0,1,0,4
40,True,reg_9,request_scratch,cau100_afr0_asi0_9,regional_9,50,150,365,70,0,0.995,0.01,0.8183201210226743,0.1,0.5,50,0,0,0,0,0,0,0,0,0,0,0,0,0,0,0,0,0,0,0,0,0,0,0,0,0,0,-1056.0,16,0,96.0,16,0,0,0,0,0,0,0
41,True,reg_9,request_scratch,cau100_afr0_asi0_9,regional_9,50,150,365,70,0,0.995,0.01,0.8142285204175609,0.1,0.5,50,0,0,0,0,0,0,0,0,0,0,0,0,0,0,0,0,0,0,0,0,0,0,0,0,0,0,-1380.3231,23,0,0.0,23,0,0,0,0,0,1,1
42,True,reg_9,request_scratch,cau100_afr0_asi0_9,regional_9,50,150,365,70,0,0.995,0.01,0.810157377815473,0.1,0.5,50,0,0,0,0,0,0,0,0,0,0,0,0,0,0,0,0,0,0,0,0,0,0,0,0,0,0,-1385.4641,20,0,185.0,20,0,0,0,0,2,1,1
43,True,reg_9,request_scratch,cau100_afr0_asi0_9,regional_9,50,150,365,70,0,0.995,0.01,0.8061065909263957,0.1,0.5,50,0,0,0,0,0,0,0,0,0,0,0,0,0,0,0,0,0,0,0,0,0,0,0,0,0,0,-1811.4281,30,1,0.0,31,0,0,0,1,1,1,1
44,True,reg_9,request_scratch,cau100_afr0_asi0_9,regional_9,50,150,365,70,0,0.995,0.01,0.8020760579717637,0.1,0.5,50,0,0,0,0,0,0,0,0,0,0,0,0,0,0,0,0,0,0,0,0,0,0,0,0,0,0,-1097.1886,17,0,77.0,17,0,0,0,1,1,0,1
45,True,reg_9,request_scratch,cau100_afr0_asi0_9,regional_9,50,150,365,70,0,0.995,0.01,0.798065677681905,0.1,0.5,50,0,0,0,0,0,0,0,0,0,0,0,0,0,0,0,0,0,0,0,0,0,0,0,0,0,0,-1271.4281,21,1,0.0,22,0,0,0,1,1,1,1
46,True,reg_9,request_scratch,cau100_afr0_asi0_9,regional_9,50,150,365,70,0,0.995,0.01,0.7940753492934954,0.1,0.5,50,0,0,0,0,0,0,0,0,0,0,0,0,0,0,0,0,0,0,0,0,0,0,0,0,0,0,-882.479,14,0,42.0,14,0,0,0,0,0,2,0
47,True,reg_9,request_scratch,cau100_afr0_asi0_9,regional_9,50,150,365,70,0,0.995,0.01,0.7901049725470279,0.1,0.5,50,0,0,0,0,0,0,0,0,0,0,0,0,0,0,0,0,0,0,0,0,0,0,0,0,0,0,-1500.1181000000001,25,0,0.0,25,0,0,0,1,0,0,1
48,True,reg_9,request_scratch,cau100_afr0_asi0_9,regional_9,50,150,365,70,0,0.995,0.01,0.7861544476842928,0.1,0.5,50,0,0,0,0,0,0,0,0,0,0,0,0,0,0,0,0,0,0,0,0,0,0,0,0,0,0,-1116.0,18,0,36.0,18,0,0,0,0,0,0,0
49,True,reg_9,request_scratch,cau100_afr0_asi0_9,regional_9,50,150,365,70,0,0.995,0.01,0.7822236754458713,0.1,0.5,50,0,0,0,0,0,0,0,0,0,0,0,0,0,0,0,0,0,0,0,0,0,0,0,0,0,0,-1560.0,26,0,0.0,26,0,0,0,0,0,0,0
50,True,reg_9,request_scratch,cau100_afr0_asi0_9,regional_9,50,150,365,70,0,0.995,0.01,0.778312557068642,0.1,0.5,50,0,0,0,0,0,0,0,0,0,0,0,0,0,0,0,0,0,0,0,0,0,0,0,0,0,0,-1235.0,19,0,95.0,19,0,0,0,0,0,0,0
51,True,reg_9,request_scratch,cau100_afr0_asi0_9,regional_9,50,150,365,70,0,0.995,0.01,0.7744209942832988,0.1,0.5,50,0,0,0,0,0,0,0,0,0,0,0,0,0,0,0,0,0,0,0,0,0,0,0,0,0,0,-1320.141,22,0,0.0,22,0,0,0,0,2,0,0
52,True,reg_9,request_scratch,cau100_afr0_asi0_9,regional_9,50,150,365,70,0,0.995,0.01,0.7705488893118823,0.1,0.5,50,0,0,0,0,0,0,0,0,0,0,0,0,0,0,0,0,0,0,0,0,0,0,0,0,0,0,-1017.0345,16,0,57.0,16,0,0,0,1,0,0,0
53,True,reg_9,request_scratch,cau100_afr0_asi0_9,regional_9,50,150,365,70,0,0.995,0.01,0.7666961448653229,0.1,0.5,50,0,0,0,0,0,0,0,0,0,0,0,0,0,0,0,0,0,0,0,0,0,0,0,0,0,0,-1560.0705,26,0,0.0,26,0,0,0,0,1,0,0
54,True,reg_9,request_scratch,cau100_afr0_asi0_9,regional_9,50,150,365,70,0,0.995,0.01,0.7628626641409962,0.1,0.5,50,0,0,0,0,0,0,0,0,0,0,0,0,0,0,0,0,0,0,0,0,0,0,0,0,0,0,-1255.0836,20,1,44.0,21,0,0,0,0,0,0,1
55,True,reg_9,request_scratch,cau100_afr0_asi0_9,regional_9,50,150,365,70,0,0.995,0.01,0.7590483508202912,0.1,0.5,50,0,0,0,0,0,0,0,0,0,0,0,0,0,0,0,0,0,0,0,0,0,0,0,0,0,0,-1980.4903,33,0,0.0,33,0,0,0,0,0,1,3
56,True,reg_9,request_scratch,cau100_afr0_asi0_9,regional_9,50,150,365,70,0,0.995,0.01,0.7552531090661897,0.1,0.5,50,0,0,0,0,0,0,0,0,0,0,0,0,0,0,0,0,0,0,0,0,0,0,0,0,0,0,-1862.0,30,0,62.0,30,0,0,0,0,0,0,0
57,True,reg_9,request_scratch,cau100_afr0_asi0_9,regional_9,50,150,365,70,0,0.995,0.01,0.7514768435208588,0.1,0.5,50,0,0,0,0,0,0,0,0,0,0,0,0,0,0,0,0,0,0,0,0,0,0,0,0,0,0,-1800.3231,30,0,0.0,30,0,0,0,0,0,1,1
58,True,reg_9,request_scratch,cau100_afr0_asi0_9,regional_9,50,150,365,70,0,0.995,0.01,0.7477194593032545,0.1,0.5,50,0,0,0,0,0,0,0,0,0,0,0,0,0,0,0,0,0,0,0,0,0,0,0,0,0,0,-1616.3231,26,0,56.0,26,0,0,0,0,0,1,1
59,True,reg_9,request_scratch,cau100_afr0_asi0_9,regional_9,50,150,365,70,0,0.995,0.01,0.7439808620067382,0.1,0.5,50,0,0,0,0,0,0,0,0,0,0,0,0,0,0,0,0,0,0,0,0,0,0,0,0,0,0,-2580.0705,43,0,0.0,43,0,0,0,0,1,0,0
60,True,reg_9,request_scratch,cau100_afr0_asi0_9,regional_9,50,150,365,70,0,0.995,0.01,0.7402609576967045,0.1,0.5,50,0,0,0,0,0,0,0,0,0,0,0,0,0,0,0,0,0,0,0,0,0,0,0,0,0,0,-2471.0836,41,1,0.0,42,0,0,0,0,0,0,1
61,True,reg_9,request_scratch,cau100_afr0_asi0_9,regional_9,50,150,365,70,0,0.995,0.01,0.736559652908221,0.1,0.5,50,0,0,0,0,0,0,0,0,0,0,0,0,0,0,0,0,0,0,0,0,0,0,0,0,0,0,-2100.1672,35,0,0.0,35,0,0,0,0,0,0,2
62,True,reg_9,request_scratch,cau100_afr0_asi0_9,regional_9,50,150,365,70,0,0.995,0.01,0.7328768546436799,0.1,0.5,50,0,0,0,0,0,0,0,0,0,0,0,0,0,0,0,0,0,0,0,0,0,0,0,0,0,0,-1701.105,28,0,21.0,28,0,0,0,1,1,0,0
63,True,reg_9,request_scratch,cau100_afr0_asi0_9,regional_9,50,150,365,70,0,0.995,0.01,0.7292124703704616,0.1,0.5,50,0,0,0,0,0,0,0,0,0,0,0,0,0,0,0,0,0,0,0,0,0,0,0,0,0,0,-3120.0,52,0,0.0,52,0,0,0,0,0,0,0
64,True,reg_9,request_scratch,cau100_afr0_asi0_9,regional_9,50,150,365,70,0,0.995,0.01,0.7255664080186093,0.1,0.5,50,0,0,0,0,0,0,0,0,0,0,0,0,0,0,0,0,0,0,0,0,0,0,0,0,0,0,-1813.0,29,1,62.0,30,0,0,0,0,0,0,0
65,True,reg_9,request_scratch,cau100_afr0_asi0_9,regional_9,50,150,365,70,0,0.995,0.01,0.7219385759785162,0.1,0.5,50,0,0,0,0,0,0,0,0,0,0,0,0,0,0,0,0,0,0,0,0,0,0,0,0,0,0,-2400.0705,40,0,0.0,40,0,0,0,0,1,0,0
66,True,reg_9,request_scratch,cau100_afr0_asi0_9,regional_9,50,150,365,70,0,0.995,0.01,0.7183288830986236,0.1,0.5,50,0,0,0,0,0,0,0,0,0,0,0,0,0,0,0,0,0,0,0,0,0,0,0,0,0,0,-1380.0836,23,0,0.0,23,0,0,0,0,0,0,1
67,True,reg_9,request_scratch,cau100_afr0_asi0_9,regional_9,50,150,365,70,0,0.995,0.01,0.7147372386831305,0.1,0.5,50,0,0,0,0,0,0,0,0,0,0,0,0,0,0,0,0,0,0,0,0,0,0,0,0,0,0,-1860.4281,31,0,0.0,31,0,0,0,1,1,1,1
68,True,reg_9,request_scratch,cau100_afr0_asi0_9,regional_9,50,150,365,70,0,0.995,0.01,0.7111635524897149,0.1,0.5,50,0,0,0,0,0,0,0,0,0,0,0,0,0,0,0,0,0,0,0,0,0,0,0,0,0,0,-1560.1671999999999,26,0,0.0,26,0,0,0,0,0,0,2
69,True,reg_9,request_scratch,cau100_afr0_asi0_9,regional_9,50,150,365,70,0,0.995,0.01,0.7076077347272662,0.1,0.5,50,0,0,0,0,0,0,0,0,0,0,0,0,0,0,0,0,0,0,0,0,0,0,0,0,0,0,-4533.4281,43,0,1953.0,43,0,0,0,1,1,1,1
70,True,reg_9,request_scratch,cau100_afr0_asi0_9,regional_9,50,150,365,70,0,0.995,0.01,0.7040696960536299,0.1,0.5,50,0,0,0,0,0,0,0,0,0,0,0,0,0,0,0,0,0,0,0,0,0,0,0,0,0,0,-1500.3231,25,0,0.0,25,0,0,0,0,0,1,1
71,True,reg_9,request_scratch,cau100_afr0_asi0_9,regional_9,50,150,365,70,0,0.995,0.01,0.7005493475733617,0.1,0.5,50,0,0,0,0,0,0,0,0,0,0,0,0,0,0,0,0,0,0,0,0,0,0,0,0,0,0,-2131.0705,33,1,140.0,34,0,0,0,0,1,0,0
72,True,reg_9,request_scratch,cau100_afr0_asi0_9,regional_9,50,150,365,70,0,0.995,0.01,0.697046600835495,0.1,0.5,50,0,0,0,0,0,0,0,0,0,0,0,0,0,0,0,0,0,0,0,0,0,0,0,0,0,0,-1620.0836,27,0,0.0,27,0,0,0,0,0,0,1
73,True,reg_9,request_scratch,cau100_afr0_asi0_9,regional_9,50,150,365,70,0,0.995,0.01,0.6935613678313175,0.1,0.5,50,0,0,0,0,0,0,0,0,0,0,0,0,0,0,0,0,0,0,0,0,0,0,0,0,0,0,-1137.0,18,0,57.0,18,0,0,0,0,0,0,0
74,True,reg_9,request_scratch,cau100_afr0_asi0_9,regional_9,50,150,365,70,0,0.995,0.01,0.6900935609921609,0.1,0.5,50,0,0,0,0,0,0,0,0,0,0,0,0,0,0,0,0,0,0,0,0,0,0,0,0,0,0,-1320.0345,22,0,0.0,22,0,0,0,1,0,0,0
75,True,reg_9,request_scratch,cau100_afr0_asi0_9,regional_9,50,150,365,70,0,0.995,0.01,0.6866430931872001,0.1,0.5,50,0,0,0,0,0,0,0,0,0,0,0,0,0,0,0,0,0,0,0,0,0,0,0,0,0,0,-1152.0,17,0,132.0,17,0,0,0,0,0,0,0
76,True,reg_9,request_scratch,cau100_afr0_asi0_9,regional_9,50,150,365,70,0,0.995,0.01,0.6832098777212641,0.1,0.5,50,0,0,0,0,0,0,0,0,0,0,0,0,0,0,0,0,0,0,0,0,0,0,0,0,0,0,-780.1180999999999,13,0,0.0,13,0,0,0,1,0,0,1
77,True,reg_9,request_scratch,cau100_afr0_asi0_9,regional_9,50,150,365,70,0,0.995,0.01,0.6797938283326578,0.1,0.5,50,0,0,0,0,0,0,0,0,0,0,0,0,0,0,0,0,0,0,0,0,0,0,0,0,0,0,-1242.0,18,0,162.0,18,0,0,0,0,0,0,0
78,True,reg_9,request_scratch,cau100_afr0_asi0_9,regional_9,50,150,365,70,0,0.995,0.01,0.6763948591909945,0.1,0.5,50,0,0,0,0,0,0,0,0,0,0,0,0,0,0,0,0,0,0,0,0,0,0,0,0,0,0,-2160.0,36,0,0.0,36,0,0,0,0,0,0,0
79,True,reg_9,request_scratch,cau100_afr0_asi0_9,regional_9,50,150,365,70,0,0.995,0.01,0.6730128848950395,0.1,0.5,50,0,0,0,0,0,0,0,0,0,0,0,0,0,0,0,0,0,0,0,0,0,0,0,0,0,0,-1504.0,22,0,184.0,22,0,0,0,0,0,0,0
80,True,reg_9,request_scratch,cau100_afr0_asi0_9,regional_9,50,150,365,70,0,0.995,0.01,0.6696478204705644,0.1,0.5,50,0,0,0,0,0,0,0,0,0,0,0,0,0,0,0,0,0,0,0,0,0,0,0,0,0,0,-1200.3231,20,0,0.0,20,0,0,0,0,0,1,1
81,True,reg_9,request_scratch,cau100_afr0_asi0_9,regional_9,50,150,365,70,0,0.995,0.01,0.6662995813682115,0.1,0.5,50,0,0,0,0,0,0,0,0,0,0,0,0,0,0,0,0,0,0,0,0,0,0,0,0,0,0,-1366.2395,19,0,226.0,19,0,0,0,0,0,1,0
82,True,reg_9,request_scratch,cau100_afr0_asi0_9,regional_9,50,150,365,70,0,0.995,0.01,0.6629680834613705,0.1,0.5,50,0,0,0,0,0,0,0,0,0,0,0,0,0,0,0,0,0,0,0,0,0,0,0,0,0,0,-1200.0,20,0,0.0,20,0,0,0,0,0,0,0
83,True,reg_9,request_scratch,cau100_afr0_asi0_9,regional_9,50,150,365,70,0,0.995,0.01,0.6596532430440636,0.1,0.5,50,0,0,0,0,0,0,0,0,0,0,0,0,0,0,0,0,0,0,0,0,0,0,0,0,0,0,-1676.0,27,0,56.0,27,0,0,0,0,0,0,0
84,True,reg_9,request_scratch,cau100_afr0_asi0_9,regional_9,50,150,365,70,0,0.995,0.01,0.6563549768288433,0.1,0.5,50,0,0,0,0,0,0,0,0,0,0,0,0,0,0,0,0,0,0,0,0,0,0,0,0,0,0,-1740.1671999999999,29,0,0.0,29,0,0,0,0,0,0,2
85,True,reg_9,request_scratch,cau100_afr0_asi0_9,regional_9,50,150,365,70,0,0.995,0.01,0.653073201944699,0.1,0.5,50,0,0,0,0,0,0,0,0,0,0,0,0,0,0,0,0,0,0,0,0,0,0,0,0,0,0,-1996.5626,31,0,136.0,31,0,0,0,0,0,2,1
86,True,reg_9,request_scratch,cau100_afr0_asi0_9,regional_9,50,150,365,70,0,0.995,0.01,0.6498078359349755,0.1,0.5,50,0,0,0,0,0,0,0,0,0,0,0,0,0,0,0,0,0,0,0,0,0,0,0,0,0,0,-2100.0,35,0,0.0,35,0,0,0,0,0,0,0
87,True,reg_9,request_scratch,cau100_afr0_asi0_9,regional_9,50,150,365,70,0,0.995,0.01,0.6465587967553006,0.1,0.5,50,0,0,0,0,0,0,0,0,0,0,0,0,0,0,0,0,0,0,0,0,0,0,0,0,0,0,-1188.2395000000001,18,0,108.0,18,0,0,0,0,0,1,0
88,True,reg_9,request_scratch,cau100_afr0_asi0_9,regional_9,50,150,365,70,0,0.995,0.01,0.6433260027715241,0.1,0.5,50,0,0,0,0,0,0,0,0,0,0,0,0,0,0,0,0,0,0,0,0,0,0,0,0,0,0,-1620.0705,27,0,0.0,27,0,0,0,0,1,0,0
89,True,reg_9,request_scratch,cau100_afr0_asi0_9,regional_9,50,150,365,70,0,0.995,0.01,0.6401093727576664,0.1,0.5,50,0,0,0,0,0,0,0,0,0,0,0,0,0,0,0,0,0,0,0,0,0,0,0,0,0,0,-1467.3231,22,1,136.0,23,0,0,0,0,0,1,1
90,True,reg_9,request_scratch,cau100_afr0_asi0_9,regional_9,50,150,365,70,0,0.995,0.01,0.6369088258938781,0.1,0.5,50,0,0,0,0,0,0,0,0,0,0,0,0,0,0,0,0,0,0,0,0,0,0,0,0,0,0,-1380.1181000000001,23,0,0.0,23,0,0,0,1,0,0,1
91,True,reg_9,request_scratch,cau100_afr0_asi0_9,regional_9,50,150,365,70,0,0.995,0.01,0.6337242817644086,0.1,0.5,50,0,0,0,0,0,0,0,0,0,0,0,0,0,0,0,0,0,0,0,0,0,0,0,0,0,0,-2323.3231,36,1,152.0,37,0,0,0,0,0,1,1
92,True,reg_9,request_scratch,cau100_afr0_asi0_9,regional_9,50,150,365,70,0,0.995,0.01,0.6305556603555866,0.1,0.5,50,0,0,0,0,0,0,0,0,0,0,0,0,0,0,0,0,0,0,0,0,0,0,0,0,0,0,-1920.0,32,0,0.0,32,0,0,0,0,0,0,0
93,True,reg_9,request_scratch,cau100_afr0_asi0_9,regional_9,50,150,365,70,0,0.995,0.01,0.6274028820538087,0.1,0.5,50,0,0,0,0,0,0,0,0,0,0,0,0,0,0,0,0,0,0,0,0,0,0,0,0,0,0,-2268.0,36,0,108.0,36,0,0,0,0,0,0,0
94,True,reg_9,request_scratch,cau100_afr0_asi0_9,regional_9,50,150,365,70,0,0.995,0.01,0.6242658676435396,0.1,0.5,50,0,0,0,0,0,0,0,0,0,0,0,0,0,0,0,0,0,0,0,0,0,0,0,0,0,0,-1380.5953,23,0,0.0,23,0,0,0,1,1,1,3
95,True,reg_9,request_scratch,cau100_afr0_asi0_9,regional_9,50,150,365,70,0,0.995,0.01,0.6211445383053219,0.1,0.5,50,0,0,0,0,0,0,0,0,0,0,0,0,0,0,0,0,0,0,0,0,0,0,0,0,0,0,-1770.0836,29,0,30.0,29,0,0,0,0,0,0,1
96,True,reg_9,request_scratch,cau100_afr0_asi0_9,regional_9,50,150,365,70,0,0.995,0.01,0.6180388156137953,0.1,0.5,50,0,0,0,0,0,0,0,0,0,0,0,0,0,0,0,0,0,0,0,0,0,0,0,0,0,0,-1860.0836,31,0,0.0,31,0,0,0,0,0,0,1
97,True,reg_9,request_scratch,cau100_afr0_asi0_9,regional_9,50,150,365,70,0,0.995,0.01,0.6149486215357263,0.1,0.5,50,0,0,0,0,0,0,0,0,0,0,0,0,0,0,0,0,0,0,0,0,0,0,0,0,0,0,-1170.0,19,0,30.0,19,0,0,0,0,0,0,0
98,True,reg_9,request_scratch,cau100_afr0_asi0_9,regional_9,50,150,365,70,0,0.995,0.01,0.6118738784280476,0.1,0.5,50,0,0,0,0,0,0,0,0,0,0,0,0,0,0,0,0,0,0,0,0,0,0,0,0,0,0,-1020.0836,17,0,0.0,17,0,0,0,0,0,0,1
99,True,reg_9,request_scratch,cau100_afr0_asi0_9,regional_9,50,150,365,70,0,0.995,0.01,0.6088145090359074,0.1,0.5,50,0,0,0,0,0,0,0,0,0,0,0,0,0,0,0,0,0,0,0,0,0,0,0,0,0,0,-1295.0,20,0,95.0,20,0,0,0,0,0,0,0
100,True,reg_9,request_scratch,cau100_afr0_asi0_9,regional_9,50,150,365,70,0,0.995,0.01,0.6057704364907278,0.1,0.5,50,0,0,0,0,0,0,0,0,0,0,0,0,0,0,0,0,0,0,0,0,0,0,0,0,0,0,-1140.0,19,0,0.0,19,0,0,0,0,0,0,0
101,True,reg_9,request_scratch,cau100_afr0_asi0_9,regional_9,50,150,365,70,0,0.995,0.01,0.6027415843082742,0.1,0.5,50,0,0,0,0,0,0,0,0,0,0,0,0,0,0,0,0,0,0,0,0,0,0,0,0,0,0,-1216.6136999999999,19,2,53.0,21,0,0,0,0,1,4,7
102,True,reg_9,request_scratch,cau100_afr0_asi0_9,regional_9,50,150,365,70,0,0.995,0.01,0.5997278763867329,0.1,0.5,50,0,0,0,0,0,0,0,0,0,0,0,0,0,0,0,0,0,0,0,0,0,0,0,0,0,0,-1200.0,20,0,0.0,20,0,0,0,0,0,0,0
103,True,reg_9,request_scratch,cau100_afr0_asi0_9,regional_9,50,150,365,70,0,0.995,0.01,0.5967292370047992,0.1,0.5,50,0,0,0,0,0,0,0,0,0,0,0,0,0,0,0,0,0,0,0,0,0,0,0,0,0,0,-1704.0,27,0,84.0,27,0,0,0,0,0,0,0
104,True,reg_9,request_scratch,cau100_afr0_asi0_9,regional_9,50,150,365,70,0,0.995,0.01,0.5937455908197752,0.1,0.5,50,0,0,0,0,0,0,0,0,0,0,0,0,0,0,0,0,0,0,0,0,0,0,0,0,0,0,-2412.0836,28,0,732.0,28,0,0,0,0,0,0,1
105,True,reg_9,request_scratch,cau100_afr0_asi0_9,regional_9,50,150,365,70,0,0.995,0.01,0.5907768628656763,0.1,0.5,50,0,0,0,0,0,0,0,0,0,0,0,0,0,0,0,0,0,0,0,0,0,0,0,0,0,0,-1680.3231,28,0,0.0,28,0,0,0,0,0,1,1
106,True,reg_9,request_scratch,cau100_afr0_asi0_9,regional_9,50,150,365,70,0,0.995,0.01,0.5878229785513479,0.1,0.5,50,0,0,0,0,0,0,0,0,0,0,0,0,0,0,0,0,0,0,0,0,0,0,0,0,0,0,-1828.0,27,0,208.0,27,0,0,0,0,0,0,0
107,True,reg_9,request_scratch,cau100_afr0_asi0_9,regional_9,50,150,365,70,0,0.995,0.01,0.5848838636585911,0.1,0.5,50,0,0,0,0,0,0,0,0,0,0,0,0,0,0,0,0,0,0,0,0,0,0,0,0,0,0,-1500.21,25,0,0.0,25,0,0,0,2,2,0,0
108,True,reg_9,request_scratch,cau100_afr0_asi0_9,regional_9,50,150,365,70,0,0.995,0.01,0.5819594443402982,0.1,0.5,50,0,0,0,0,0,0,0,0,0,0,0,0,0,0,0,0,0,0,0,0,0,0,0,0,0,0,-954.2377,15,0,54.0,15,0,0,0,0,1,0,2
109,True,reg_9,request_scratch,cau100_afr0_asi0_9,regional_9,50,150,365,70,0,0.995,0.01,0.5790496471185967,0.1,0.5,50,0,0,0,0,0,0,0,0,0,0,0,0,0,0,0,0,0,0,0,0,0,0,0,0,0,0,-1200.0,20,0,0.0,20,0,0,0,0,0,0,0
110,True,reg_9,request_scratch,cau100_afr0_asi0_9,regional_9,50,150,365,70,0,0.995,0.01,0.5761543988830038,0.1,0.5,50,0,0,0,0,0,0,0,0,0,0,0,0,0,0,0,0,0,0,0,0,0,0,0,0,0,0,-804.0,12,0,84.0,12,0,0,0,0,0,0,0
111,True,reg_9,request_scratch,cau100_afr0_asi0_9,regional_9,50,150,365,70,0,0.995,0.01,0.5732736268885887,0.1,0.5,50,0,0,0,0,0,0,0,0,0,0,0,0,0,0,0,0,0,0,0,0,0,0,0,0,0,0,-1380.0,23,0,0.0,23,0,0,0,0,0,0,0
112,True,reg_9,request_scratch,cau100_afr0_asi0_9,regional_9,50,150,365,70,0,0.995,0.01,0.5704072587541458,0.1,0.5,50,0,0,0,0,0,0,0,0,0,0,0,0,0,0,0,0,0,0,0,0,0,0,0,0,0,0,-700.0,10,0,100.0,10,0,0,0,0,0,0,0
113,True,reg_9,request_scratch,cau100_afr0_asi0_9,regional_9,50,150,365,70,0,0.995,0.01,0.567555222460375,0.1,0.5,50,0,0,0,0,0,0,0,0,0,0,0,0,0,0,0,0,0,0,0,0,0,0,0,0,0,0,-1560.1671999999999,26,0,0.0,26,0,0,0,0,0,0,2
114,True,reg_9,request_scratch,cau100_afr0_asi0_9,regional_9,50,150,365,70,0,0.995,0.01,0.5647174463480732,0.1,0.5,50,0,0,0,0,0,0,0,0,0,0,0,0,0,0,0,0,0,0,0,0,0,0,0,0,0,0,-963.2395,14,1,112.0,15,0,0,0,0,0,1,0
115,True,reg_9,request_scratch,cau100_afr0_asi0_9,regional_9,50,150,365,70,0,0.995,0.01,0.5618938591163328,0.1,0.5,50,0,0,0,0,0,0,0,0,0,0,0,0,0,0,0,0,0,0,0,0,0,0,0,0,0,0,-1980.0,33,0,0.0,33,0,0,0,0,0,0,0
116,True,reg_9,request_scratch,cau100_afr0_asi0_9,regional_9,50,150,365,70,0,0.995,0.01,0.5590843898207511,0.1,0.5,50,0,0,0,0,0,0,0,0,0,0,0,0,0,0,0,0,0,0,0,0,0,0,0,0,0,0,-712.2395,9,2,150.0,11,0,0,0,0,0,1,0
117,True,reg_9,request_scratch,cau100_afr0_asi0_9,regional_9,50,150,365,70,0,0.995,0.01,0.5562889678716474,0.1,0.5,50,0,0,0,0,0,0,0,0,0,0,0,0,0,0,0,0,0,0,0,0,0,0,0,0,0,0,-1440.0705,24,0,0.0,24,0,0,0,0,1,0,0
118,True,reg_9,request_scratch,cau100_afr0_asi0_9,regional_9,50,150,365,70,0,0.995,0.01,0.5535075230322891,0.1,0.5,50,0,0,0,0,0,0,0,0,0,0,0,0,0,0,0,0,0,0,0,0,0,0,0,0,0,0,-1323.0,21,0,63.0,21,0,0,0,0,0,0,0
119,True,reg_9,request_scratch,cau100_afr0_asi0_9,regional_9,50,150,365,70,0,0.995,0.01,0.5507399854171277,0.1,0.5,50,0,0,0,0,0,0,0,0,0,0,0,0,0,0,0,0,0,0,0,0,0,0,0,0,0,0,-1770.0,29,0,30.0,29,0,0,0,0,0,0,0
120,True,reg_9,request_scratch,cau100_afr0_asi0_9,regional_9,50,150,365,70,0,0.995,0.01,0.547986285490042,0.1,0.5,50,0,0,0,0,0,0,0,0,0,0,0,0,0,0,0,0,0,0,0,0,0,0,0,0,0,0,-1524.0,23,0,144.0,23,0,0,0,0,0,0,0
121,True,reg_9,request_scratch,cau100_afr0_asi0_9,regional_9,50,150,365,70,0,0.995,0.01,0.5452463540625918,0.1,0.5,50,0,0,0,0,0,0,0,0,0,0,0,0,0,0,0,0,0,0,0,0,0,0,0,0,0,0,-840.1672,14,0,0.0,14,0,0,0,0,0,0,2
122,True,reg_9,request_scratch,cau100_afr0_asi0_9,regional_9,50,150,365,70,0,0.995,0.01,0.5425201222922789,0.1,0.5,50,0,0,0,0,0,0,0,0,0,0,0,0,0,0,0,0,0,0,0,0,0,0,0,0,0,0,-1182.0,18,0,102.0,18,0,0,0,0,0,0,0
123,True,reg_9,request_scratch,cau100_afr0_asi0_9,regional_9,50,150,365,70,0,0.995,0.01,0.5398075216808175,0.1,0.5,50,0,0,0,0,0,0,0,0,0,0,0,0,0,0,0,0,0,0,0,0,0,0,0,0,0,0,-1200.0,20,0,0.0,20,0,0,0,0,0,0,0
124,True,reg_9,request_scratch,cau100_afr0_asi0_9,regional_9,50,150,365,70,0,0.995,0.01,0.5371084840724134,0.1,0.5,50,0,0,0,0,0,0,0,0,0,0,0,0,0,0,0,0,0,0,0,0,0,0,0,0,0,0,-1481.0,22,0,161.0,22,0,0,0,0,0,0,0
125,True,reg_9,request_scratch,cau100_afr0_asi0_9,regional_9,50,150,365,70,0,0.995,0.01,0.5344229416520513,0.1,0.5,50,0,0,0,0,0,0,0,0,0,0,0,0,0,0,0,0,0,0,0,0,0,0,0,0,0,0,-1080.3231,18,0,0.0,18,0,0,0,0,0,1,1
126,True,reg_9,request_scratch,cau100_afr0_asi0_9,regional_9,50,150,365,70,0,0.995,0.01,0.531750826943791,0.1,0.5,50,0,0,0,0,0,0,0,0,0,0,0,0,0,0,0,0,0,0,0,0,0,0,0,0,0,0,-1900.0705,29,0,160.0,29,0,0,0,0,1,0,0
127,True,reg_9,request_scratch,cau100_afr0_asi0_9,regional_9,50,150,365,70,0,0.995,0.01,0.5290920728090721,0.1,0.5,50,0,0,0,0,0,0,0,0,0,0,0,0,0,0,0,0,0,0,0,0,0,0,0,0,0,0,-600.0,10,0,0.0,10,0,0,0,0,0,0,0
128,True,reg_9,request_scratch,cau100_afr0_asi0_9,regional_9,50,150,365,70,0,0.995,0.01,0.5264466124450268,0.1,0.5,50,0,0,0,0,0,0,0,0,0,0,0,0,0,0,0,0,0,0,0,0,0,0,0,0,0,0,-2110.0,34,0,70.0,34,0,0,0,0,0,0,0
129,True,reg_9,request_scratch,cau100_afr0_asi0_9,regional_9,50,150,365,70,0,0.995,0.01,0.5238143793828016,0.1,0.5,50,0,0,0,0,0,0,0,0,0,0,0,0,0,0,0,0,0,0,0,0,0,0,0,0,0,0,-1037.0,17,0,17.0,17,0,0,0,0,0,0,0
130,True,reg_9,request_scratch,cau100_afr0_asi0_9,regional_9,50,150,365,70,0,0.995,0.01,0.5211953074858876,0.1,0.5,50,0,0,0,0,0,0,0,0,0,0,0,0,0,0,0,0,0,0,0,0,0,0,0,0,0,0,-1364.0,22,0,44.0,22,0,0,0,0,0,0,0
131,True,reg_9,request_scratch,cau100_afr0_asi0_9,regional_9,50,150,365,70,0,0.995,0.01,0.5185893309484582,0.1,0.5,50,0,0,0,0,0,0,0,0,0,0,0,0,0,0,0,0,0,0,0,0,0,0,0,0,0,0,-994.0,16,0,34.0,16,0,0,0,0,0,0,0
132,True,reg_9,request_scratch,cau100_afr0_asi0_9,regional_9,50,150,365,70,0,0.995,0.01,0.5159963842937159,0.1,0.5,50,0,0,0,0,0,0,0,0,0,0,0,0,0,0,0,0,0,0,0,0,0,0,0,0,0,0,-1476.105,23,0,96.0,23,0,0,0,1,1,0,0
133,True,reg_9,request_scratch,cau100_afr0_asi0_9,regional_9,50,150,365,70,0,0.995,0.01,0.5134164023722473,0.1,0.5,50,0,0,0,0,0,0,0,0,0,0,0,0,0,0,0,0,0,0,0,0,0,0,0,0,0,0,-852.1826000000001,14,1,0.0,15,0,0,0,0,2,4,1
134,True,reg_9,request_scratch,cau100_afr0_asi0_9,regional_9,50,150,365,70,0,0.995,0.01,0.510849320360386,0.1,0.5,50,0,0,0,0,0,0,0,0,0,0,0,0,0,0,0,0,0,0,0,0,0,0,0,0,0,0,-1868.3805,29,0,128.0,29,0,0,0,0,2,1,0
135,True,reg_9,request_scratch,cau100_afr0_asi0_9,regional_9,50,150,365,70,0,0.995,0.01,0.5082950737585841,0.1,0.5,50,0,0,0,0,0,0,0,0,0,0,0,0,0,0,0,0,0,0,0,0,0,0,0,0,0,0,-960.0,16,0,0.0,16,0,0,0,0,0,0,0
136,True,reg_9,request_scratch,cau100_afr0_asi0_9,regional_9,50,150,365,70,0,0.995,0.01,0.5057535983897912,0.1,0.5,50,0,0,0,0,0,0,0,0,0,0,0,0,0,0,0,0,0,0,0,0,0,0,0,0,0,0,-1217.0836,18,0,137.0,18,0,0,0,0,0,0,1
137,True,reg_9,request_scratch,cau100_afr0_asi0_9,regional_9,50,150,365,70,0,0.995,0.01,0.5032248303978422,0.1,0.5,50,0,0,0,0,0,0,0,0,0,0,0,0,0,0,0,0,0,0,0,0,0,0,0,0,0,0,-1451.2395000000001,24,1,0.0,25,0,0,0,0,0,1,0
138,True,reg_9,request_scratch,cau100_afr0_asi0_9,regional_9,50,150,365,70,0,0.995,0.01,0.500708706245853,0.1,0.5,50,0,0,0,0,0,0,0,0,0,0,0,0,0,0,0,0,0,0,0,0,0,0,0,0,0,0,-1620.2395,26,0,60.0,26,0,0,0,0,0,1,0
139,True,reg_9,request_scratch,cau100_afr0_asi0_9,regional_9,50,150,365,70,0,0.995,0.01,0.4982051627146237,0.1,0.5,50,0,0,0,0,0,0,0,0,0,0,0,0,0,0,0,0,0,0,0,0,0,0,0,0,0,0,-2097.0,29,0,357.0,29,0,0,0,0,0,0,0
140,True,reg_9,request_scratch,cau100_afr0_asi0_9,regional_9,50,150,365,70,0,0.995,0.01,0.49571413690105054,0.1,0.5,50,0,0,0,0,0,0,0,0,0,0,0,0,0,0,0,0,0,0,0,0,0,0,0,0,0,0,-1620.0,27,0,0.0,27,0,0,0,0,0,0,0
141,True,reg_9,request_scratch,cau100_afr0_asi0_9,regional_9,50,150,365,70,0,0.995,0.01,0.4932355662165453,0.1,0.5,50,0,0,0,0,0,0,0,0,0,0,0,0,0,0,0,0,0,0,0,0,0,0,0,0,0,0,-1557.0705,22,0,237.0,22,0,0,0,0,1,0,0
142,True,reg_9,request_scratch,cau100_afr0_asi0_9,regional_9,50,150,365,70,0,0.995,0.01,0.4907693883854626,0.1,0.5,50,0,0,0,0,0,0,0,0,0,0,0,0,0,0,0,0,0,0,0,0,0,0,0,0,0,0,-1560.3231,26,0,0.0,26,0,0,0,0,0,1,1
143,True,reg_9,request_scratch,cau100_afr0_asi0_9,regional_9,50,150,365,70,0,0.995,0.01,0.4883155414435353,0.1,0.5,50,0,0,0,0,0,0,0,0,0,0,0,0,0,0,0,0,0,0,0,0,0,0,0,0,0,0,-1392.0,21,0,132.0,21,0,0,0,0,0,0,0
144,True,reg_9,request_scratch,cau100_afr0_asi0_9,regional_9,50,150,365,70,0,0.995,0.01,0.4858739637363176,0.1,0.5,50,0,0,0,0,0,0,0,0,0,0,0,0,0,0,0,0,0,0,0,0,0,0,0,0,0,0,-1560.1541,26,0,0.0,26,0,0,0,0,1,0,1
145,True,reg_9,request_scratch,cau100_afr0_asi0_9,regional_9,50,150,365,70,0,0.995,0.01,0.483444593917636,0.1,0.5,50,0,0,0,0,0,0,0,0,0,0,0,0,0,0,0,0,0,0,0,0,0,0,0,0,0,0,-1926.3231,29,0,186.0,29,0,0,0,0,0,1,1
146,True,reg_9,request_scratch,cau100_afr0_asi0_9,regional_9,50,150,365,70,0,0.995,0.01,0.4810273709480478,0.1,0.5,50,0,0,0,0,0,0,0,0,0,0,0,0,0,0,0,0,0,0,0,0,0,0,0,0,0,0,-1451.0,24,1,0.0,25,0,0,0,0,0,0,0
147,True,reg_9,request_scratch,cau100_afr0_asi0_9,regional_9,50,150,365,70,0,0.995,0.01,0.47862223409330756,0.1,0.5,50,0,0,0,0,0,0,0,0,0,0,0,0,0,0,0,0,0,0,0,0,0,0,0,0,0,0,-1572.0,23,0,192.0,23,0,0,0,0,0,0,0
148,True,reg_9,request_scratch,cau100_afr0_asi0_9,regional_9,50,150,365,70,0,0.995,0.01,0.47622912292284103,0.1,0.5,50,0,0,0,0,0,0,0,0,0,0,0,0,0,0,0,0,0,0,0,0,0,0,0,0,0,0,-2280.3230999999996,38,0,0.0,38,0,0,0,0,0,1,1
149,True,reg_9,request_scratch,cau100_afr0_asi0_9,regional_9,50,150,365,70,0,0.995,0.01,0.4738479773082268,0.1,0.5,50,0,0,0,0,0,0,0,0,0,0,0,0,0,0,0,0,0,0,0,0,0,0,0,0,0,0,-1999.0,31,0,139.0,31,0,0,0,0,0,0,0
150,True,reg_9,request_scratch,cau100_afr0_asi0_9,regional_9,50,150,365,70,0,0.995,0.01,0.47147873742168567,0.1,0.5,50,0,0,0,0,0,0,0,0,0,0,0,0,0,0,0,0,0,0,0,0,0,0,0,0,0,0,-2340.2394999999997,39,0,0.0,39,0,0,0,0,0,1,0
151,True,reg_9,request_scratch,cau100_afr0_asi0_9,regional_9,50,150,365,70,0,0.995,0.01,0.46912134373457726,0.1,0.5,50,0,0,0,0,0,0,0,0,0,0,0,0,0,0,0,0,0,0,0,0,0,0,0,0,0,0,-2568.0,35,0,468.0,35,0,0,0,0,0,0,0
152,True,reg_9,request_scratch,cau100_afr0_asi0_9,regional_9,50,150,365,70,0,0.995,0.01,0.46677573701590436,0.1,0.5,50,0,0,0,0,0,0,0,0,0,0,0,0,0,0,0,0,0,0,0,0,0,0,0,0,0,0,-1440.0705,24,0,0.0,24,0,0,0,0,1,0,0
153,True,reg_9,request_scratch,cau100_afr0_asi0_9,regional_9,50,150,365,70,0,0.995,0.01,0.46444185833082485,0.1,0.5,50,0,0,0,0,0,0,0,0,0,0,0,0,0,0,0,0,0,0,0,0,0,0,0,0,0,0,-2180.0,34,0,140.0,34,0,0,0,0,0,0,0
154,True,reg_9,request_scratch,cau100_afr0_asi0_9,regional_9,50,150,365,70,0,0.995,0.01,0.46211964903917074,0.1,0.5,50,0,0,0,0,0,0,0,0,0,0,0,0,0,0,0,0,0,0,0,0,0,0,0,0,0,0,-1620.0,27,0,0.0,27,0,0,0,0,0,0,0
155,True,reg_9,request_scratch,cau100_afr0_asi0_9,regional_9,50,150,365,70,0,0.995,0.01,0.4598090507939749,0.1,0.5,50,0,0,0,0,0,0,0,0,0,0,0,0,0,0,0,0,0,0,0,0,0,0,0,0,0,0,-2470.0,38,0,190.0,38,0,0,0,0,0,0,0
156,True,reg_9,request_scratch,cau100_afr0_asi0_9,regional_9,50,150,365,70,0,0.995,0.01,0.457510005540005,0.1,0.5,50,0,0,0,0,0,0,0,0,0,0,0,0,0,0,0,0,0,0,0,0,0,0,0,0,0,0,-1582.0,26,2,0.0,28,0,0,0,0,0,0,0
157,True,reg_9,request_scratch,cau100_afr0_asi0_9,regional_9,50,150,365,70,0,0.995,0.01,0.45522245551230495,0.1,0.5,50,0,0,0,0,0,0,0,0,0,0,0,0,0,0,0,0,0,0,0,0,0,0,0,0,0,0,-2338.0,36,2,156.0,38,0,0,0,0,0,0,0
158,True,reg_9,request_scratch,cau100_afr0_asi0_9,regional_9,50,150,365,70,0,0.995,0.01,0.4529463432347434,0.1,0.5,50,0,0,0,0,0,0,0,0,0,0,0,0,0,0,0,0,0,0,0,0,0,0,0,0,0,0,-1800.105,30,0,0.0,30,0,0,0,1,1,0,0
159,True,reg_9,request_scratch,cau100_afr0_asi0_9,regional_9,50,150,365,70,0,0.995,0.01,0.4506816115185697,0.1,0.5,50,0,0,0,0,0,0,0,0,0,0,0,0,0,0,0,0,0,0,0,0,0,0,0,0,0,0,-2442.0,37,0,222.0,37,0,0,0,0,0,0,0
160,True,reg_9,request_scratch,cau100_afr0_asi0_9,regional_9,50,150,365,70,0,0.995,0.01,0.4484282034609769,0.1,0.5,50,0,0,0,0,0,0,0,0,0,0,0,0,0,0,0,0,0,0,0,0,0,0,0,0,0,0,-1380.0836,23,0,0.0,23,0,0,0,0,0,0,1
161,True,reg_9,request_scratch,cau100_afr0_asi0_9,regional_9,50,150,365,70,0,0.995,0.01,0.446186062443672,0.1,0.5,50,0,0,0,0,0,0,0,0,0,0,0,0,0,0,0,0,0,0,0,0,0,0,0,0,0,0,-2196.0,33,1,205.0,34,0,0,0,0,0,0,0
162,True,reg_9,request_scratch,cau100_afr0_asi0_9,regional_9,50,150,365,70,0,0.995,0.01,0.4439551321314536,0.1,0.5,50,0,0,0,0,0,0,0,0,0,0,0,0,0,0,0,0,0,0,0,0,0,0,0,0,0,0,-2160.0,36,0,0.0,36,0,0,0,0,0,0,0
163,True,reg_9,request_scratch,cau100_afr0_asi0_9,regional_9,50,150,365,70,0,0.995,0.01,0.4417353564707963,0.1,0.5,50,0,0,0,0,0,0,0,0,0,0,0,0,0,0,0,0,0,0,0,0,0,0,0,0,0,0,-1627.0,26,1,56.0,27,0,0,0,0,0,0,0
164,True,reg_9,request_scratch,cau100_afr0_asi0_9,regional_9,50,150,365,70,0,0.995,0.01,0.43952667968844233,0.1,0.5,50,0,0,0,0,0,0,0,0,0,0,0,0,0,0,0,0,0,0,0,0,0,0,0,0,0,0,-1080.0,18,0,0.0,18,0,0,0,0,0,0,0
165,True,reg_9,request_scratch,cau100_afr0_asi0_9,regional_9,50,150,365,70,0,0.995,0.01,0.43732904629000013,0.1,0.5,50,0,0,0,0,0,0,0,0,0,0,0,0,0,0,0,0,0,0,0,0,0,0,0,0,0,0,-1956.5821999999998,32,0,36.0,32,0,0,0,1,2,1,2
166,True,reg_9,request_scratch,cau100_afr0_asi0_9,regional_9,50,150,365,70,0,0.995,0.01,0.4351424010585501,0.1,0.5,50,0,0,0,0,0,0,0,0,0,0,0,0,0,0,0,0,0,0,0,0,0,0,0,0,0,0,-1031.0,17,1,0.0,18,0,0,0,0,0,0,0
167,True,reg_9,request_scratch,cau100_afr0_asi0_9,regional_9,50,150,365,70,0,0.995,0.01,0.43296668905325736,0.1,0.5,50,0,0,0,0,0,0,0,0,0,0,0,0,0,0,0,0,0,0,0,0,0,0,0,0,0,0,-2220.0836,34,0,180.0,34,0,0,0,0,0,0,1
168,True,reg_9,request_scratch,cau100_afr0_asi0_9,regional_9,50,150,365,70,0,0.995,0.01,0.43080185560799106,0.1,0.5,50,0,0,0,0,0,0,0,0,0,0,0,0,0,0,0,0,0,0,0,0,0,0,0,0,0,0,-1614.6462000000001,25,0,114.0,25,0,0,0,0,0,2,2
169,True,reg_9,request_scratch,cau100_afr0_asi0_9,regional_9,50,150,365,70,0,0.995,0.01,0.4286478463299511,0.1,0.5,50,0,0,0,0,0,0,0,0,0,0,0,0,0,0,0,0,0,0,0,0,0,0,0,0,0,0,-2182.4067,35,0,82.0,35,0,0,0,0,0,1,2
170,True,reg_9,request_scratch,cau100_afr0_asi0_9,regional_9,50,150,365,70,0,0.995,0.01,0.42650460709830135,0.1,0.5,50,0,0,0,0,0,0,0,0,0,0,0,0,0,0,0,0,0,0,0,0,0,0,0,0,0,0,-780.2395,13,0,0.0,13,0,0,0,0,0,1,0
171,True,reg_9,request_scratch,cau100_afr0_asi0_9,regional_9,50,150,365,70,0,0.995,0.01,0.42437208406280985,0.1,0.5,50,0,0,0,0,0,0,0,0,0,0,0,0,0,0,0,0,0,0,0,0,0,0,0,0,0,0,-1260.2395000000001,18,0,180.0,18,0,0,0,0,0,1,0
172,True,reg_9,request_scratch,cau100_afr0_asi0_9,regional_9,50,150,365,70,0,0.995,0.01,0.4222502236424958,0.1,0.5,50,0,0,0,0,0,0,0,0,0,0,0,0,0,0,0,0,0,0,0,0,0,0,0,0,0,0,-1620.0,27,0,0.0,27,0,0,0,0,0,0,0
173,True,reg_9,request_scratch,cau100_afr0_asi0_9,regional_9,50,150,365,70,0,0.995,0.01,0.42013897252428334,0.1,0.5,50,0,0,0,0,0,0,0,0,0,0,0,0,0,0,0,0,0,0,0,0,0,0,0,0,0,0,-1740.105,27,0,120.0,27,0,0,0,1,1,0,0
174,True,reg_9,request_scratch,cau100_afr0_asi0_9,regional_9,50,150,365,70,0,0.995,0.01,0.4180382776616619,0.1,0.5,50,0,0,0,0,0,0,0,0,0,0,0,0,0,0,0,0,0,0,0,0,0,0,0,0,0,0,-1020.2508,16,0,60.0,16,0,0,0,0,0,0,3
175,True,reg_9,request_scratch,cau100_afr0_asi0_9,regional_9,50,150,365,70,0,0.995,0.01,0.4159480862733536,0.1,0.5,50,0,0,0,0,0,0,0,0,0,0,0,0,0,0,0,0,0,0,0,0,0,0,0,0,0,0,-1723.2017,28,1,32.0,29,0,0,0,1,0,0,2
176,True,reg_9,request_scratch,cau100_afr0_asi0_9,regional_9,50,150,365,70,0,0.995,0.01,0.41386834584198684,0.1,0.5,50,0,0,0,0,0,0,0,0,0,0,0,0,0,0,0,0,0,0,0,0,0,0,0,0,0,0,-1656.0,24,0,216.0,24,0,0,0,0,0,0,0
177,True,reg_9,request_scratch,cau100_afr0_asi0_9,regional_9,50,150,365,70,0,0.995,0.01,0.4117990041127769,0.1,0.5,50,0,0,0,0,0,0,0,0,0,0,0,0,0,0,0,0,0,0,0,0,0,0,0,0,0,0,-1811.0836,30,1,0.0,31,0,0,0,0,0,0,1
178,True,reg_9,request_scratch,cau100_afr0_asi0_9,regional_9,50,150,365,70,0,0.995,0.01,0.40974000909221303,0.1,0.5,50,0,0,0,0,0,0,0,0,0,0,0,0,0,0,0,0,0,0,0,0,0,0,0,0,0,0,-1976.0836,30,0,176.0,30,0,0,0,0,0,0,1
179,True,reg_9,request_scratch,cau100_afr0_asi0_9,regional_9,50,150,365,70,0,0.995,0.01,0.40769130904675194,0.1,0.5,50,0,0,0,0,0,0,0,0,0,0,0,0,0,0,0,0,0,0,0,0,0,0,0,0,0,0,-1320.0,22,0,0.0,22,0,0,0,0,0,0,0
180,True,reg_9,request_scratch,cau100_afr0_asi0_9,regional_9,50,150,365,70,0,0.995,0.01,0.40565285250151817,0.1,0.5,50,0,0,0,0,0,0,0,0,0,0,0,0,0,0,0,0,0,0,0,0,0,0,0,0,0,0,-1182.0836,17,0,162.0,17,0,0,0,0,0,0,1
181,True,reg_9,request_scratch,cau100_afr0_asi0_9,regional_9,50,150,365,70,0,0.995,0.01,0.4036245882390106,0.1,0.5,50,0,0,0,0,0,0,0,0,0,0,0,0,0,0,0,0,0,0,0,0,0,0,0,0,0,0,-1860.0,31,0,0.0,31,0,0,0,0,0,0,0
182,True,reg_9,request_scratch,cau100_afr0_asi0_9,regional_9,50,150,365,70,0,0.995,0.01,0.4016064652978155,0.1,0.5,50,0,0,0,0,0,0,0,0,0,0,0,0,0,0,0,0,0,0,0,0,0,0,0,0,0,0,-2459.0,34,0,419.0,34,0,0,0,0,0,0,0
183,True,reg_9,request_scratch,cau100_afr0_asi0_9,regional_9,50,150,365,70,0,0.995,0.01,0.3995984329713264,0.1,0.5,50,0,0,0,0,0,0,0,0,0,0,0,0,0,0,0,0,0,0,0,0,0,0,0,0,0,0,-1260.0,21,0,0.0,21,0,0,0,0,0,0,0
184,True,reg_9,request_scratch,cau100_afr0_asi0_9,regional_9,50,150,365,70,0,0.995,0.01,0.3976004408064698,0.1,0.5,50,0,0,0,0,0,0,0,0,0,0,0,0,0,0,0,0,0,0,0,0,0,0,0,0,0,0,-1230.7411000000002,18,0,150.0,18,0,0,0,0,0,1,6
185,True,reg_9,request_scratch,cau100_afr0_asi0_9,regional_9,50,150,365,70,0,0.995,0.01,0.39561243860243744,0.1,0.5,50,0,0,0,0,0,0,0,0,0,0,0,0,0,0,0,0,0,0,0,0,0,0,0,0,0,0,-1751.0,29,1,0.0,30,0,0,0,0,0,0,0
186,True,reg_9,request_scratch,cau100_afr0_asi0_9,regional_9,50,150,365,70,0,0.995,0.01,0.3936343764094253,0.1,0.5,50,0,0,0,0,0,0,0,0,0,0,0,0,0,0,0,0,0,0,0,0,0,0,0,0,0,0,-1800.0,25,0,300.0,25,0,0,0,0,0,0,0
187,True,reg_9,request_scratch,cau100_afr0_asi0_9,regional_9,50,150,365,70,0,0.995,0.01,0.39166620452737816,0.1,0.5,50,0,0,0,0,0,0,0,0,0,0,0,0,0,0,0,0,0,0,0,0,0,0,0,0,0,0,-1751.0,29,1,0.0,30,0,0,0,0,0,0,0
188,True,reg_9,request_scratch,cau100_afr0_asi0_9,regional_9,50,150,365,70,0,0.995,0.01,0.3897078735047413,0.1,0.5,50,0,0,0,0,0,0,0,0,0,0,0,0,0,0,0,0,0,0,0,0,0,0,0,0,0,0,-2052.3231,32,0,132.0,32,0,0,0,0,0,1,1
189,True,reg_9,request_scratch,cau100_afr0_asi0_9,regional_9,50,150,365,70,0,0.995,0.01,0.3877593341372176,0.1,0.5,50,0,0,0,0,0,0,0,0,0,0,0,0,0,0,0,0,0,0,0,0,0,0,0,0,0,0,-1020.3936,17,0,0.0,17,0,0,0,0,1,1,1
190,True,reg_9,request_scratch,cau100_afr0_asi0_9,regional_9,50,150,365,70,0,0.995,0.01,0.3858205374665315,0.1,0.5,50,0,0,0,0,0,0,0,0,0,0,0,0,0,0,0,0,0,0,0,0,0,0,0,0,0,0,-1326.0,21,0,66.0,21,0,0,0,0,0,0,0
191,True,reg_9,request_scratch,cau100_afr0_asi0_9,regional_9,50,150,365,70,0,0.995,0.01,0.38389143477919885,0.1,0.5,50,0,0,0,0,0,0,0,0,0,0,0,0,0,0,0,0,0,0,0,0,0,0,0,0,0,0,-1440.5626,24,0,0.0,24,0,0,0,0,0,2,1
192,True,reg_9,request_scratch,cau100_afr0_asi0_9,regional_9,50,150,365,70,0,0.995,0.01,0.3819719776053028,0.1,0.5,50,0,0,0,0,0,0,0,0,0,0,0,0,0,0,0,0,0,0,0,0,0,0,0,0,0,0,-1535.0,23,0,155.0,23,0,0,0,0,0,0,0
193,True,reg_9,request_scratch,cau100_afr0_asi0_9,regional_9,50,150,365,70,0,0.995,0.01,0.3800621177172763,0.1,0.5,50,0,0,0,0,0,0,0,0,0,0,0,0,0,0,0,0,0,0,0,0,0,0,0,0,0,0,-1800.2016999999998,30,0,0.0,30,0,0,0,1,0,0,2
194,True,reg_9,request_scratch,cau100_afr0_asi0_9,regional_9,50,150,365,70,0,0.995,0.01,0.37816180712868996,0.1,0.5,50,0,0,0,0,0,0,0,0,0,0,0,0,0,0,0,0,0,0,0,0,0,0,0,0,0,0,-1992.0836,31,0,132.0,31,0,0,0,0,0,0,1
195,True,reg_9,request_scratch,cau100_afr0_asi0_9,regional_9,50,150,365,70,0,0.995,0.01,0.37627099809304654,0.1,0.5,50,0,0,0,0,0,0,0,0,0,0,0,0,0,0,0,0,0,0,0,0,0,0,0,0,0,0,-1200.0,20,0,0.0,20,0,0,0,0,0,0,0
196,True,reg_9,request_scratch,cau100_afr0_asi0_9,regional_9,50,150,365,70,0,0.995,0.01,0.3743896431025813,0.1,0.5,50,0,0,0,0,0,0,0,0,0,0,0,0,0,0,0,0,0,0,0,0,0,0,0,0,0,0,-1911.0,30,0,111.0,30,0,0,0,0,0,0,0
197,True,reg_9,request_scratch,cau100_afr0_asi0_9,regional_9,50,150,365,70,0,0.995,0.01,0.37251769488706843,0.1,0.5,50,0,0,0,0,0,0,0,0,0,0,0,0,0,0,0,0,0,0,0,0,0,0,0,0,0,0,-1440.0,24,0,0.0,24,0,0,0,0,0,0,0
198,True,reg_9,request_scratch,cau100_afr0_asi0_9,regional_9,50,150,365,70,0,0.995,0.01,0.3706551064126331,0.1,0.5,50,0,0,0,0,0,0,0,0,0,0,0,0,0,0,0,0,0,0,0,0,0,0,0,0,0,0,-2165.1672,33,0,185.0,33,0,0,0,0,0,0,2
199,True,reg_9,request_scratch,cau100_afr0_asi0_9,regional_9,50,150,365,70,0,0.995,0.01,0.36880183088056995,0.1,0.5,50,0,0,0,0,0,0,0,0,0,0,0,0,0,0,0,0,0,0,0,0,0,0,0,0,0,0,-1140.6676,19,0,0.0,19,0,0,0,1,1,2,1
200,True,reg_9,request_scratch,cau100_afr0_asi0_9,regional_9,50,150,365,70,0,0.995,0.01,0.3669578217261671,0.1,0.5,50,0,0,0,0,0,0,0,0,0,0,0,0,0,0,0,0,0,0,0,0,0,0,0,0,0,0,-1831.2395000000001,30,0,31.0,30,0,0,0,0,0,1,0
201,True,reg_9,request_scratch,cau100_afr0_asi0_9,regional_9,50,150,365,70,0,0.995,0.01,0.36512303261753626,0.1,0.5,50,0,0,0,0,0,0,0,0,0,0,0,0,0,0,0,0,0,0,0,0,0,0,0,0,0,0,-1560.0,26,0,0.0,26,0,0,0,0,0,0,0
202,True,reg_9,request_scratch,cau100_afr0_asi0_9,regional_9,50,150,365,70,0,0.995,0.01,0.3632974174544486,0.1,0.5,50,0,0,0,0,0,0,0,0,0,0,0,0,0,0,0,0,0,0,0,0,0,0,0,0,0,0,-1576.0,24,1,125.0,25,0,0,0,0,0,0,0
203,True,reg_9,request_scratch,cau100_afr0_asi0_9,regional_9,50,150,365,70,0,0.995,0.01,0.3614809303671764,0.1,0.5,50,0,0,0,0,0,0,0,0,0,0,0,0,0,0,0,0,0,0,0,0,0,0,0,0,0,0,-1260.0836,21,0,0.0,21,0,0,0,0,0,0,1
204,True,reg_9,request_scratch,cau100_afr0_asi0_9,regional_9,50,150,365,70,0,0.995,0.01,0.3596735257153405,0.1,0.5,50,0,0,0,0,0,0,0,0,0,0,0,0,0,0,0,0,0,0,0,0,0,0,0,0,0,0,-1315.0,19,0,175.0,19,0,0,0,0,0,0,0
205,True,reg_9,request_scratch,cau100_afr0_asi0_9,regional_9,50,150,365,70,0,0.995,0.01,0.3578751580867638,0.1,0.5,50,0,0,0,0,0,0,0,0,0,0,0,0,0,0,0,0,0,0,0,0,0,0,0,0,0,0,-1440.0836,24,0,0.0,24,0,0,0,0,0,0,1
206,True,reg_9,request_scratch,cau100_afr0_asi0_9,regional_9,50,150,365,70,0,0.995,0.01,0.35608578229633,0.1,0.5,50,0,0,0,0,0,0,0,0,0,0,0,0,0,0,0,0,0,0,0,0,0,0,0,0,0,0,-2481.0,36,1,310.0,37,0,0,0,0,0,0,0
207,True,reg_9,request_scratch,cau100_afr0_asi0_9,regional_9,50,150,365,70,0,0.995,0.01,0.3543053533848483,0.1,0.5,50,0,0,0,0,0,0,0,0,0,0,0,0,0,0,0,0,0,0,0,0,0,0,0,0,0,0,-1560.2395000000001,26,0,0.0,26,0,0,0,0,0,1,0
208,True,reg_9,request_scratch,cau100_afr0_asi0_9,regional_9,50,150,365,70,0,0.995,0.01,0.35253382661792404,0.1,0.5,50,0,0,0,0,0,0,0,0,0,0,0,0,0,0,0,0,0,0,0,0,0,0,0,0,0,0,-1920.0,30,0,120.0,30,0,0,0,0,0,0,0
209,True,reg_9,request_scratch,cau100_afr0_asi0_9,regional_9,50,150,365,70,0,0.995,0.01,0.3507711574848344,0.1,0.5,50,0,0,0,0,0,0,0,0,0,0,0,0,0,0,0,0,0,0,0,0,0,0,0,0,0,0,-2685.0,44,0,45.0,44,0,0,0,0,0,0,0
210,True,reg_9,request_scratch,cau100_afr0_asi0_9,regional_9,50,150,365,70,0,0.995,0.01,0.34901730169741024,0.1,0.5,50,0,0,0,0,0,0,0,0,0,0,0,0,0,0,0,0,0,0,0,0,0,0,0,0,0,0,-1852.0705,27,0,232.0,27,0,0,0,0,1,0,0
211,True,reg_9,request_scratch,cau100_afr0_asi0_9,regional_9,50,150,365,70,0,0.995,0.01,0.3472722151889232,0.1,0.5,50,0,0,0,0,0,0,0,0,0,0,0,0,0,0,0,0,0,0,0,0,0,0,0,0,0,0,-1740.0836,29,0,0.0,29,0,0,0,0,0,0,1
212,True,reg_9,request_scratch,cau100_afr0_asi0_9,regional_9,50,150,365,70,0,0.995,0.01,0.3455358541129786,0.1,0.5,50,0,0,0,0,0,0,0,0,0,0,0,0,0,0,0,0,0,0,0,0,0,0,0,0,0,0,-2892.0836,40,0,492.0,40,0,0,0,0,0,0,1
213,True,reg_9,request_scratch,cau100_afr0_asi0_9,regional_9,50,150,365,70,0,0.995,0.01,0.3438081748424137,0.1,0.5,50,0,0,0,0,0,0,0,0,0,0,0,0,0,0,0,0,0,0,0,0,0,0,0,0,0,0,-1800.0,30,0,0.0,30,0,0,0,0,0,0,0
214,True,reg_9,request_scratch,cau100_afr0_asi0_9,regional_9,50,150,365,70,0,0.995,0.01,0.3420891339682016,0.1,0.5,50,0,0,0,0,0,0,0,0,0,0,0,0,0,0,0,0,0,0,0,0,0,0,0,0,0,0,-1504.0,22,0,184.0,22,0,0,0,0,0,0,0
215,True,reg_9,request_scratch,cau100_afr0_asi0_9,regional_9,50,150,365,70,0,0.995,0.01,0.3403786882983606,0.1,0.5,50,0,0,0,0,0,0,0,0,0,0,0,0,0,0,0,0,0,0,0,0,0,0,0,0,0,0,-1056.0,17,0,36.0,17,0,0,0,0,0,0,0
216,True,reg_9,request_scratch,cau100_afr0_asi0_9,regional_9,50,150,365,70,0,0.995,0.01,0.3386767948568688,0.1,0.5,50,0,0,0,0,0,0,0,0,0,0,0,0,0,0,0,0,0,0,0,0,0,0,0,0,0,0,-1767.0836,28,0,87.0,28,0,0,0,0,0,0,1
217,True,reg_9,request_scratch,cau100_afr0_asi0_9,regional_9,50,150,365,70,0,0.995,0.01,0.33698341088258443,0.1,0.5,50,0,0,0,0,0,0,0,0,0,0,0,0,0,0,0,0,0,0,0,0,0,0,0,0,0,0,-1788.0,27,0,168.0,27,0,0,0,0,0,0,0
218,True,reg_9,request_scratch,cau100_afr0_asi0_9,regional_9,50,150,365,70,0,0.995,0.01,0.3352984938281715,0.1,0.5,50,0,0,0,0,0,0,0,0,0,0,0,0,0,0,0,0,0,0,0,0,0,0,0,0,0,0,-2580.5626,43,0,0.0,43,0,0,0,0,0,2,1
219,True,reg_9,request_scratch,cau100_afr0_asi0_9,regional_9,50,150,365,70,0,0.995,0.01,0.33362200135903064,0.1,0.5,50,0,0,0,0,0,0,0,0,0,0,0,0,0,0,0,0,0,0,0,0,0,0,0,0,0,0,-2755.2395,37,0,535.0,37,0,0,0,0,0,1,0
220,True,reg_9,request_scratch,cau100_afr0_asi0_9,regional_9,50,150,365,70,0,0.995,0.01,0.33195389135223546,0.1,0.5,50,0,0,0,0,0,0,0,0,0,0,0,0,0,0,0,0,0,0,0,0,0,0,0,0,0,0,-1800.0,30,0,0.0,30,0,0,0,0,0,0,0
221,True,reg_9,request_scratch,cau100_afr0_asi0_9,regional_9,50,150,365,70,0,0.995,0.01,0.3302941218954743,0.1,0.5,50,0,0,0,0,0,0,0,0,0,0,0,0,0,0,0,0,0,0,0,0,0,0,0,0,0,0,-2212.0836,31,0,352.0,31,0,0,0,0,0,0,1
222,True,reg_9,request_scratch,cau100_afr0_asi0_9,regional_9,50,150,365,70,0,0.995,0.01,0.32864265128599696,0.1,0.5,50,0,0,0,0,0,0,0,0,0,0,0,0,0,0,0,0,0,0,0,0,0,0,0,0,0,0,-1751.0836,29,1,0.0,30,0,0,0,0,0,0,1
223,True,reg_9,request_scratch,cau100_afr0_asi0_9,regional_9,50,150,365,70,0,0.995,0.01,0.326999438029567,0.1,0.5,50,0,0,0,0,0,0,0,0,0,0,0,0,0,0,0,0,0,0,0,0,0,0,0,0,0,0,-1755.0,27,0,135.0,27,0,0,0,0,0,0,0
224,True,reg_9,request_scratch,cau100_afr0_asi0_9,regional_9,50,150,365,70,0,0.995,0.01,0.3253644408394192,0.1,0.5,50,0,0,0,0,0,0,0,0,0,0,0,0,0,0,0,0,0,0,0,0,0,0,0,0,0,0,-1740.0836,29,0,0.0,29,0,0,0,0,0,0,1
225,True,reg_9,request_scratch,cau100_afr0_asi0_9,regional_9,50,150,365,70,0,0.995,0.01,0.3237376186352221,0.1,0.5,50,0,0,0,0,0,0,0,0,0,0,0,0,0,0,0,0,0,0,0,0,0,0,0,0,0,0,-1436.3231,21,0,176.0,21,0,0,0,0,0,1,1
226,True,reg_9,request_scratch,cau100_afr0_asi0_9,regional_9,50,150,365,70,0,0.995,0.01,0.322118930542046,0.1,0.5,50,0,0,0,0,0,0,0,0,0,0,0,0,0,0,0,0,0,0,0,0,0,0,0,0,0,0,-1691.0,28,1,0.0,29,0,0,0,0,0,0,0
227,True,reg_9,request_scratch,cau100_afr0_asi0_9,regional_9,50,150,365,70,0,0.995,0.01,0.32050833588933575,0.1,0.5,50,0,0,0,0,0,0,0,0,0,0,0,0,0,0,0,0,0,0,0,0,0,0,0,0,0,0,-1787.0,27,0,167.0,27,0,0,0,0,0,0,0
228,True,reg_9,request_scratch,cau100_afr0_asi0_9,regional_9,50,150,365,70,0,0.995,0.01,0.31890579420988907,0.1,0.5,50,0,0,0,0,0,0,0,0,0,0,0,0,0,0,0,0,0,0,0,0,0,0,0,0,0,0,-2100.0836,35,0,0.0,35,0,0,0,0,0,0,1
229,True,reg_9,request_scratch,cau100_afr0_asi0_9,regional_9,50,150,365,70,0,0.995,0.01,0.3173112652388396,0.1,0.5,50,0,0,0,0,0,0,0,0,0,0,0,0,0,0,0,0,0,0,0,0,0,0,0,0,0,0,-1950.0,30,0,150.0,30,0,0,0,0,0,0,0
230,True,reg_9,request_scratch,cau100_afr0_asi0_9,regional_9,50,150,365,70,0,0.995,0.01,0.3157247089126454,0.1,0.5,50,0,0,0,0,0,0,0,0,0,0,0,0,0,0,0,0,0,0,0,0,0,0,0,0,0,0,-1920.0,32,0,0.0,32,0,0,0,0,0,0,0
231,True,reg_9,request_scratch,cau100_afr0_asi0_9,regional_9,50,150,365,70,0,0.995,0.01,0.3141460853680822,0.1,0.5,50,0,0,0,0,0,0,0,0,0,0,0,0,0,0,0,0,0,0,0,0,0,0,0,0,0,0,-1890.0,30,0,90.0,30,0,0,0,0,0,0,0
232,True,reg_9,request_scratch,cau100_afr0_asi0_9,regional_9,50,150,365,70,0,0.995,0.01,0.3125753549412418,0.1,0.5,50,0,0,0,0,0,0,0,0,0,0,0,0,0,0,0,0,0,0,0,0,0,0,0,0,0,0,-1320.0,22,0,0.0,22,0,0,0,0,0,0,0
233,True,reg_9,request_scratch,cau100_afr0_asi0_9,regional_9,50,150,365,70,0,0.995,0.01,0.31101247816653554,0.1,0.5,50,0,0,0,0,0,0,0,0,0,0,0,0,0,0,0,0,0,0,0,0,0,0,0,0,0,0,-1957.0836,29,0,217.0,29,0,0,0,0,0,0,1
234,True,reg_9,request_scratch,cau100_afr0_asi0_9,regional_9,50,150,365,70,0,0.995,0.01,0.30945741577570285,0.1,0.5,50,0,0,0,0,0,0,0,0,0,0,0,0,0,0,0,0,0,0,0,0,0,0,0,0,0,0,-2231.1181,37,1,0.0,38,0,0,0,1,0,0,1
235,True,reg_9,request_scratch,cau100_afr0_asi0_9,regional_9,50,150,365,70,0,0.995,0.01,0.3079101286968243,0.1,0.5,50,0,0,0,0,0,0,0,0,0,0,0,0,0,0,0,0,0,0,0,0,0,0,0,0,0,0,-514.9395,7,0,94.0,7,0,0,0,0,4,1,5
236,True,reg_9,request_scratch,cau100_afr0_asi0_9,regional_9,50,150,365,70,0,0.995,0.01,0.3063705780533402,0.1,0.5,50,0,0,0,0,0,0,0,0,0,0,0,0,0,0,0,0,0,0,0,0,0,0,0,0,0,0,-2040.2395000000001,34,0,0.0,34,0,0,0,0,0,1,0
237,True,reg_9,request_scratch,cau100_afr0_asi0_9,regional_9,50,150,365,70,0,0.995,0.01,0.30483872516307353,0.1,0.5,50,0,0,0,0,0,0,0,0,0,0,0,0,0,0,0,0,0,0,0,0,0,0,0,0,0,0,-1820.0,28,0,140.0,28,0,0,0,0,0,0,0
238,True,reg_9,request_scratch,cau100_afr0_asi0_9,regional_9,50,150,365,70,0,0.995,0.01,0.3033145315372582,0.1,0.5,50,0,0,0,0,0,0,0,0,0,0,0,0,0,0,0,0,0,0,0,0,0,0,0,0,0,0,-1920.0,32,0,0.0,32,0,0,0,0,0,0,0
239,True,reg_9,request_scratch,cau100_afr0_asi0_9,regional_9,50,150,365,70,0,0.995,0.01,0.3017979588795719,0.1,0.5,50,0,0,0,0,0,0,0,0,0,0,0,0,0,0,0,0,0,0,0,0,0,0,0,0,0,0,-1541.0,23,0,161.0,23,0,0,0,0,0,0,0
240,True,reg_9,request_scratch,cau100_afr0_asi0_9,regional_9,50,150,365,70,0,0.995,0.01,0.30028896908517405,0.1,0.5,50,0,0,0,0,0,0,0,0,0,0,0,0,0,0,0,0,0,0,0,0,0,0,0,0,0,0,-2460.0,41,0,0.0,41,0,0,0,0,0,0,0
241,True,reg_9,request_scratch,cau100_afr0_asi0_9,regional_9,50,150,365,70,0,0.995,0.01,0.2987875242397482,0.1,0.5,50,0,0,0,0,0,0,0,0,0,0,0,0,0,0,0,0,0,0,0,0,0,0,0,0,0,0,-463.6765000000001,5,0,162.0,5,0,0,0,0,0,7,0
242,True,reg_9,request_scratch,cau100_afr0_asi0_9,regional_9,50,150,365,70,0,0.995,0.01,0.29729358661854943,0.1,0.5,50,0,0,0,0,0,0,0,0,0,0,0,0,0,0,0,0,0,0,0,0,0,0,0,0,0,0,-1500.0,25,0,0.0,25,0,0,0,0,0,0,0
243,True,reg_9,request_scratch,cau100_afr0_asi0_9,regional_9,50,150,365,70,0,0.995,0.01,0.29580711868545667,0.1,0.5,50,0,0,0,0,0,0,0,0,0,0,0,0,0,0,0,0,0,0,0,0,0,0,0,0,0,0,-1088.0,17,0,68.0,17,0,0,0,0,0,0,0
244,True,reg_9,request_scratch,cau100_afr0_asi0_9,regional_9,50,150,365,70,0,0.995,0.01,0.2943280830920294,0.1,0.5,50,0,0,0,0,0,0,0,0,0,0,0,0,0,0,0,0,0,0,0,0,0,0,0,0,0,0,-1740.0,29,0,0.0,29,0,0,0,0,0,0,0
245,True,reg_9,request_scratch,cau100_afr0_asi0_9,regional_9,50,150,365,70,0,0.995,0.01,0.29285644267656924,0.1,0.5,50,0,0,0,0,0,0,0,0,0,0,0,0,0,0,0,0,0,0,0,0,0,0,0,0,0,0,-1700.0,25,0,200.0,25,0,0,0,0,0,0,0
246,True,reg_9,request_scratch,cau100_afr0_asi0_9,regional_9,50,150,365,70,0,0.995,0.01,0.2913921604631864,0.1,0.5,50,0,0,0,0,0,0,0,0,0,0,0,0,0,0,0,0,0,0,0,0,0,0,0,0,0,0,-2220.0,37,0,0.0,37,0,0,0,0,0,0,0
247,True,reg_9,request_scratch,cau100_afr0_asi0_9,regional_9,50,150,365,70,0,0.995,0.01,0.28993519966087045,0.1,0.5,50,0,0,0,0,0,0,0,0,0,0,0,0,0,0,0,0,0,0,0,0,0,0,0,0,0,0,-2566.0836,36,0,406.0,36,0,0,0,0,0,0,1
248,True,reg_9,request_scratch,cau100_afr0_asi0_9,regional_9,50,150,365,70,0,0.995,0.01,0.2884855236625661,0.1,0.5,50,0,0,0,0,0,0,0,0,0,0,0,0,0,0,0,0,0,0,0,0,0,0,0,0,0,0,-1500.4412,25,0,0.0,25,0,0,0,1,0,1,2
249,True,reg_9,request_scratch,cau100_afr0_asi0_9,regional_9,50,150,365,70,0,0.995,0.01,0.28704309604425327,0.1,0.5,50,0,0,0,0,0,0,0,0,0,0,0,0,0,0,0,0,0,0,0,0,0,0,0,0,0,0,-2352.0,35,0,252.0,35,0,0,0,0,0,0,0
250,True,reg_9,request_scratch,cau100_afr0_asi0_9,regional_9,50,150,365,70,0,0.995,0.01,0.285607880564032,0.1,0.5,50,0,0,0,0,0,0,0,0,0,0,0,0,0,0,0,0,0,0,0,0,0,0,0,0,0,0,-720.0,12,0,0.0,12,0,0,0,0,0,0,0
251,True,reg_9,request_scratch,cau100_afr0_asi0_9,regional_9,50,150,365,70,0,0.995,0.01,0.28417984116121187,0.1,0.5,50,0,0,0,0,0,0,0,0,0,0,0,0,0,0,0,0,0,0,0,0,0,0,0,0,0,0,-2077.0,31,0,217.0,31,0,0,0,0,0,0,0
252,True,reg_9,request_scratch,cau100_afr0_asi0_9,regional_9,50,150,365,70,0,0.995,0.01,0.2827589419554058,0.1,0.5,50,0,0,0,0,0,0,0,0,0,0,0,0,0,0,0,0,0,0,0,0,0,0,0,0,0,0,-1620.0,27,0,0.0,27,0,0,0,0,0,0,0
253,True,reg_9,request_scratch,cau100_afr0_asi0_9,regional_9,50,150,365,70,0,0.995,0.01,0.28134514724562876,0.1,0.5,50,0,0,0,0,0,0,0,0,0,0,0,0,0,0,0,0,0,0,0,0,0,0,0,0,0,0,-1893.0836,30,0,93.0,30,0,0,0,0,0,0,1
254,True,reg_9,request_scratch,cau100_afr0_asi0_9,regional_9,50,150,365,70,0,0.995,0.01,0.2799384215094006,0.1,0.5,50,0,0,0,0,0,0,0,0,0,0,0,0,0,0,0,0,0,0,0,0,0,0,0,0,0,0,-1490.0705,24,0,50.0,24,0,0,0,0,1,0,0
255,True,reg_9,request_scratch,cau100_afr0_asi0_9,regional_9,50,150,365,70,0,0.995,0.01,0.27853872940185365,0.1,0.5,50,0,0,0,0,0,0,0,0,0,0,0,0,0,0,0,0,0,0,0,0,0,0,0,0,0,0,-2296.0,36,2,114.0,38,0,0,0,0,0,0,0
256,True,reg_9,request_scratch,cau100_afr0_asi0_9,regional_9,50,150,365,70,0,0.995,0.01,0.27714603575484437,0.1,0.5,50,0,0,0,0,0,0,0,0,0,0,0,0,0,0,0,0,0,0,0,0,0,0,0,0,0,0,-2130.0,30,0,330.0,30,0,0,0,0,0,0,0
257,True,reg_9,request_scratch,cau100_afr0_asi0_9,regional_9,50,150,365,70,0,0.995,0.01,0.2757603055760701,0.1,0.5,50,0,0,0,0,0,0,0,0,0,0,0,0,0,0,0,0,0,0,0,0,0,0,0,0,0,0,-2100.0,35,0,0.0,35,0,0,0,0,0,0,0
258,True,reg_9,request_scratch,cau100_afr0_asi0_9,regional_9,50,150,365,70,0,0.995,0.01,0.2743815040481898,0.1,0.5,50,0,0,0,0,0,0,0,0,0,0,0,0,0,0,0,0,0,0,0,0,0,0,0,0,0,0,-1380.0,20,0,180.0,20,0,0,0,0,0,0,0
259,True,reg_9,request_scratch,cau100_afr0_asi0_9,regional_9,50,150,365,70,0,0.995,0.01,0.2730095965279488,0.1,0.5,50,0,0,0,0,0,0,0,0,0,0,0,0,0,0,0,0,0,0,0,0,0,0,0,0,0,0,-1860.0836,31,0,0.0,31,0,0,0,0,0,0,1
260,True,reg_9,request_scratch,cau100_afr0_asi0_9,regional_9,50,150,365,70,0,0.995,0.01,0.27164454854530906,0.1,0.5,50,0,0,0,0,0,0,0,0,0,0,0,0,0,0,0,0,0,0,0,0,0,0,0,0,0,0,-1357.3231,20,0,157.0,20,0,0,0,0,0,1,1
261,True,reg_9,request_scratch,cau100_afr0_asi0_9,regional_9,50,150,365,70,0,0.995,0.01,0.2702863258025825,0.1,0.5,50,0,0,0,0,0,0,0,0,0,0,0,0,0,0,0,0,0,0,0,0,0,0,0,0,0,0,-1200.3231,20,0,0.0,20,0,0,0,0,0,1,1
262,True,reg_9,request_scratch,cau100_afr0_asi0_9,regional_9,50,150,365,70,0,0.995,0.01,0.2689348941735696,0.1,0.5,50,0,0,0,0,0,0,0,0,0,0,0,0,0,0,0,0,0,0,0,0,0,0,0,0,0,0,-1788.0,27,0,168.0,27,0,0,0,0,0,0,0
263,True,reg_9,request_scratch,cau100_afr0_asi0_9,regional_9,50,150,365,70,0,0.995,0.01,0.26759021970270175,0.1,0.5,50,0,0,0,0,0,0,0,0,0,0,0,0,0,0,0,0,0,0,0,0,0,0,0,0,0,0,-1380.0,23,0,0.0,23,0,0,0,0,0,0,0
264,True,reg_9,request_scratch,cau100_afr0_asi0_9,regional_9,50,150,365,70,0,0.995,0.01,0.2662522686041882,0.1,0.5,50,0,0,0,0,0,0,0,0,0,0,0,0,0,0,0,0,0,0,0,0,0,0,0,0,0,0,-1560.0,24,0,120.0,24,0,0,0,0,0,0,0
265,True,reg_9,request_scratch,cau100_afr0_asi0_9,regional_9,50,150,365,70,0,0.995,0.01,0.2649210072611673,0.1,0.5,50,0,0,0,0,0,0,0,0,0,0,0,0,0,0,0,0,0,0,0,0,0,0,0,0,0,0,-1140.1541,19,0,0.0,19,0,0,0,0,1,0,1
266,True,reg_9,request_scratch,cau100_afr0_asi0_9,regional_9,50,150,365,70,0,0.995,0.01,0.26359640222486147,0.1,0.5,50,0,0,0,0,0,0,0,0,0,0,0,0,0,0,0,0,0,0,0,0,0,0,0,0,0,0,-1302.0,21,0,42.0,21,0,0,0,0,0,0,0
267,True,reg_9,request_scratch,cau100_afr0_asi0_9,regional_9,50,150,365,70,0,0.995,0.01,0.26227842021373715,0.1,0.5,50,0,0,0,0,0,0,0,0,0,0,0,0,0,0,0,0,0,0,0,0,0,0,0,0,0,0,-1200.0,20,0,0.0,20,0,0,0,0,0,0,0
268,True,reg_9,request_scratch,cau100_afr0_asi0_9,regional_9,50,150,365,70,0,0.995,0.01,0.2609670281126685,0.1,0.5,50,0,0,0,0,0,0,0,0,0,0,0,0,0,0,0,0,0,0,0,0,0,0,0,0,0,0,-1425.0,21,1,154.0,22,0,0,0,0,0,0,0
269,True,reg_9,request_scratch,cau100_afr0_asi0_9,regional_9,50,150,365,70,0,0.995,0.01,0.25966219297210513,0.1,0.5,50,0,0,0,0,0,0,0,0,0,0,0,0,0,0,0,0,0,0,0,0,0,0,0,0,0,0,-1500.0,25,0,0.0,25,0,0,0,0,0,0,0
270,True,reg_9,request_scratch,cau100_afr0_asi0_9,regional_9,50,150,365,70,0,0.995,0.01,0.2583638820072446,0.1,0.5,50,0,0,0,0,0,0,0,0,0,0,0,0,0,0,0,0,0,0,0,0,0,0,0,0,0,0,-2319.0,31,1,448.0,32,0,0,0,0,0,0,0
271,True,reg_9,request_scratch,cau100_afr0_asi0_9,regional_9,50,150,365,70,0,0.995,0.01,0.2570720625972084,0.1,0.5,50,0,0,0,0,0,0,0,0,0,0,0,0,0,0,0,0,0,0,0,0,0,0,0,0,0,0,-900.0835999999999,15,0,0.0,15,0,0,0,0,0,0,1
272,True,reg_9,request_scratch,cau100_afr0_asi0_9,regional_9,50,150,365,70,0,0.995,0.01,0.25578670228422234,0.1,0.5,50,0,0,0,0,0,0,0,0,0,0,0,0,0,0,0,0,0,0,0,0,0,0,0,0,0,0,-1216.0,19,0,76.0,19,0,0,0,0,0,0,0
273,True,reg_9,request_scratch,cau100_afr0_asi0_9,regional_9,50,150,365,70,0,0.995,0.01,0.25450776877280124,0.1,0.5,50,0,0,0,0,0,0,0,0,0,0,0,0,0,0,0,0,0,0,0,0,0,0,0,0,0,0,-1740.0,29,0,0.0,29,0,0,0,0,0,0,0
274,True,reg_9,request_scratch,cau100_afr0_asi0_9,regional_9,50,150,365,70,0,0.995,0.01,0.2532352299289372,0.1,0.5,50,0,0,0,0,0,0,0,0,0,0,0,0,0,0,0,0,0,0,0,0,0,0,0,0,0,0,-1842.7298,28,0,162.0,28,0,0,0,0,0,2,3
275,True,reg_9,request_scratch,cau100_afr0_asi0_9,regional_9,50,150,365,70,0,0.995,0.01,0.2519690537792925,0.1,0.5,50,0,0,0,0,0,0,0,0,0,0,0,0,0,0,0,0,0,0,0,0,0,0,0,0,0,0,-1440.0705,24,0,0.0,24,0,0,0,0,1,0,0
276,True,reg_9,request_scratch,cau100_afr0_asi0_9,regional_9,50,150,365,70,0,0.995,0.01,0.2507092085103961,0.1,0.5,50,0,0,0,0,0,0,0,0,0,0,0,0,0,0,0,0,0,0,0,0,0,0,0,0,0,0,-1460.0,18,0,380.0,18,0,0,0,0,0,0,0
277,True,reg_9,request_scratch,cau100_afr0_asi0_9,regional_9,50,150,365,70,0,0.995,0.01,0.2494556624678441,0.1,0.5,50,0,0,0,0,0,0,0,0,0,0,0,0,0,0,0,0,0,0,0,0,0,0,0,0,0,0,-1740.0,29,0,0.0,29,0,0,0,0,0,0,0
278,True,reg_9,request_scratch,cau100_afr0_asi0_9,regional_9,50,150,365,70,0,0.995,0.01,0.24820838415550486,0.1,0.5,50,0,0,0,0,0,0,0,0,0,0,0,0,0,0,0,0,0,0,0,0,0,0,0,0,0,0,-1480.0,23,0,100.0,23,0,0,0,0,0,0,0
279,True,reg_9,request_scratch,cau100_afr0_asi0_9,regional_9,50,150,365,70,0,0.995,0.01,0.24696734223472733,0.1,0.5,50,0,0,0,0,0,0,0,0,0,0,0,0,0,0,0,0,0,0,0,0,0,0,0,0,0,0,-1440.0,24,0,0.0,24,0,0,0,0,0,0,0
280,True,reg_9,request_scratch,cau100_afr0_asi0_9,regional_9,50,150,365,70,0,0.995,0.01,0.2457325055235537,0.1,0.5,50,0,0,0,0,0,0,0,0,0,0,0,0,0,0,0,0,0,0,0,0,0,0,0,0,0,0,-2010.0,30,0,210.0,30,0,0,0,0,0,0,0
281,True,reg_9,request_scratch,cau100_afr0_asi0_9,regional_9,50,150,365,70,0,0.995,0.01,0.24450384299593592,0.1,0.5,50,0,0,0,0,0,0,0,0,0,0,0,0,0,0,0,0,0,0,0,0,0,0,0,0,0,0,-1980.0,33,0,0.0,33,0,0,0,0,0,0,0
282,True,reg_9,request_scratch,cau100_afr0_asi0_9,regional_9,50,150,365,70,0,0.995,0.01,0.24328132378095624,0.1,0.5,50,0,0,0,0,0,0,0,0,0,0,0,0,0,0,0,0,0,0,0,0,0,0,0,0,0,0,-2573.0,37,1,342.0,38,0,0,0,0,0,0,0
283,True,reg_9,request_scratch,cau100_afr0_asi0_9,regional_9,50,150,365,70,0,0.995,0.01,0.24206491716205145,0.1,0.5,50,0,0,0,0,0,0,0,0,0,0,0,0,0,0,0,0,0,0,0,0,0,0,0,0,0,0,-1800.2395,30,0,0.0,30,0,0,0,0,0,1,0
284,True,reg_9,request_scratch,cau100_afr0_asi0_9,regional_9,50,150,365,70,0,0.995,0.01,0.2408545925762412,0.1,0.5,50,0,0,0,0,0,0,0,0,0,0,0,0,0,0,0,0,0,0,0,0,0,0,0,0,0,0,-1340.0,20,0,140.0,20,0,0,0,0,0,0,0
285,True,reg_9,request_scratch,cau100_afr0_asi0_9,regional_9,50,150,365,70,0,0.995,0.01,0.23965031961336,0.1,0.5,50,0,0,0,0,0,0,0,0,0,0,0,0,0,0,0,0,0,0,0,0,0,0,0,0,0,0,-1080.0,18,0,0.0,18,0,0,0,0,0,0,0
286,True,reg_9,request_scratch,cau100_afr0_asi0_9,regional_9,50,150,365,70,0,0.995,0.01,0.2384520680152932,0.1,0.5,50,0,0,0,0,0,0,0,0,0,0,0,0,0,0,0,0,0,0,0,0,0,0,0,0,0,0,-2010.0,30,0,210.0,30,0,0,0,0,0,0,0
287,True,reg_9,request_scratch,cau100_afr0_asi0_9,regional_9,50,150,365,70,0,0.995,0.01,0.23725980767521673,0.1,0.5,50,0,0,0,0,0,0,0,0,0,0,0,0,0,0,0,0,0,0,0,0,0,0,0,0,0,0,-1560.0,26,0,0.0,26,0,0,0,0,0,0,0
288,True,reg_9,request_scratch,cau100_afr0_asi0_9,regional_9,50,150,365,70,0,0.995,0.01,0.23607350863684065,0.1,0.5,50,0,0,0,0,0,0,0,0,0,0,0,0,0,0,0,0,0,0,0,0,0,0,0,0,0,0,-2410.0,37,0,190.0,37,0,0,0,0,0,0,0
289,True,reg_9,request_scratch,cau100_afr0_asi0_9,regional_9,50,150,365,70,0,0.995,0.01,0.23489314109365644,0.1,0.5,50,0,0,0,0,0,0,0,0,0,0,0,0,0,0,0,0,0,0,0,0,0,0,0,0,0,0,-1320.0,22,0,0.0,22,0,0,0,0,0,0,0
290,True,reg_9,request_scratch,cau100_afr0_asi0_9,regional_9,50,150,365,70,0,0.995,0.01,0.23371867538818816,0.1,0.5,50,0,0,0,0,0,0,0,0,0,0,0,0,0,0,0,0,0,0,0,0,0,0,0,0,0,0,-1474.0,22,0,154.0,22,0,0,0,0,0,0,0
291,True,reg_9,request_scratch,cau100_afr0_asi0_9,regional_9,50,150,365,70,0,0.995,0.01,0.23255008201124722,0.1,0.5,50,0,0,0,0,0,0,0,0,0,0,0,0,0,0,0,0,0,0,0,0,0,0,0,0,0,0,-2232.0,36,0,72.0,36,0,0,0,0,0,0,0
292,True,reg_9,request_scratch,cau100_afr0_asi0_9,regional_9,50,150,365,70,0,0.995,0.01,0.231387331601191,0.1,0.5,50,0,0,0,0,0,0,0,0,0,0,0,0,0,0,0,0,0,0,0,0,0,0,0,0,0,0,-1329.0,21,0,69.0,21,0,0,0,0,0,0,0
293,True,reg_9,request_scratch,cau100_afr0_asi0_9,regional_9,50,150,365,70,0,0.995,0.01,0.23023039494318503,0.1,0.5,50,0,0,0,0,0,0,0,0,0,0,0,0,0,0,0,0,0,0,0,0,0,0,0,0,0,0,-2680.0,40,0,280.0,40,0,0,0,0,0,0,0
294,True,reg_9,request_scratch,cau100_afr0_asi0_9,regional_9,50,150,365,70,0,0.995,0.01,0.2290792429684691,0.1,0.5,50,0,0,0,0,0,0,0,0,0,0,0,0,0,0,0,0,0,0,0,0,0,0,0,0,0,0,-1320.3231,22,0,0.0,22,0,0,0,0,0,1,1
295,True,reg_9,request_scratch,cau100_afr0_asi0_9,regional_9,50,150,365,70,0,0.995,0.01,0.22793384675362674,0.1,0.5,50,0,0,0,0,0,0,0,0,0,0,0,0,0,0,0,0,0,0,0,0,0,0,0,0,0,0,-2482.0,34,0,442.0,34,0,0,0,0,0,0,0
296,True,reg_9,request_scratch,cau100_afr0_asi0_9,regional_9,50,150,365,70,0,0.995,0.01,0.22679417751985861,0.1,0.5,50,0,0,0,0,0,0,0,0,0,0,0,0,0,0,0,0,0,0,0,0,0,0,0,0,0,0,-1320.0,22,0,0.0,22,0,0,0,0,0,0,0
297,True,reg_9,request_scratch,cau100_afr0_asi0_9,regional_9,50,150,365,70,0,0.995,0.01,0.22566020663225933,0.1,0.5,50,0,0,0,0,0,0,0,0,0,0,0,0,0,0,0,0,0,0,0,0,0,0,0,0,0,0,-1690.0,26,0,130.0,26,0,0,0,0,0,0,0
298,True,reg_9,request_scratch,cau100_afr0_asi0_9,regional_9,50,150,365,70,0,0.995,0.01,0.22453190559909803,0.1,0.5,50,0,0,0,0,0,0,0,0,0,0,0,0,0,0,0,0,0,0,0,0,0,0,0,0,0,0,-1980.4067,33,0,0.0,33,0,0,0,0,0,1,2
299,True,reg_9,request_scratch,cau100_afr0_asi0_9,regional_9,50,150,365,70,0,0.995,0.01,0.22340924607110255,0.1,0.5,50,0,0,0,0,0,0,0,0,0,0,0,0,0,0,0,0,0,0,0,0,0,0,0,0,0,0,-1755.0,27,0,135.0,27,0,0,0,0,0,0,0
300,True,reg_9,request_scratch,cau100_afr0_asi0_9,regional_9,50,150,365,70,0,0.995,0.01,0.22229219984074702,0.1,0.5,50,0,0,0,0,0,0,0,0,0,0,0,0,0,0,0,0,0,0,0,0,0,0,0,0,0,0,-1320.0,22,0,0.0,22,0,0,0,0,0,0,0
301,True,reg_9,request_scratch,cau100_afr0_asi0_9,regional_9,50,150,365,70,0,0.995,0.01,0.2211807388415433,0.1,0.5,50,0,0,0,0,0,0,0,0,0,0,0,0,0,0,0,0,0,0,0,0,0,0,0,0,0,0,-2752.0,43,0,172.0,43,0,0,0,0,0,0,0
302,True,reg_9,request_scratch,cau100_afr0_asi0_9,regional_9,50,150,365,70,0,0.995,0.01,0.22007483514733558,0.1,0.5,50,0,0,0,0,0,0,0,0,0,0,0,0,0,0,0,0,0,0,0,0,0,0,0,0,0,0,-960.0,16,0,0.0,16,0,0,0,0,0,0,0
303,True,reg_9,request_scratch,cau100_afr0_asi0_9,regional_9,50,150,365,70,0,0.995,0.01,0.2189744609715989,0.1,0.5,50,0,0,0,0,0,0,0,0,0,0,0,0,0,0,0,0,0,0,0,0,0,0,0,0,0,0,-2557.0836,38,0,277.0,38,0,0,0,0,0,0,1
304,True,reg_9,request_scratch,cau100_afr0_asi0_9,regional_9,50,150,365,70,0,0.995,0.01,0.2178795886667409,0.1,0.5,50,0,0,0,0,0,0,0,0,0,0,0,0,0,0,0,0,0,0,0,0,0,0,0,0,0,0,-1380.0,23,0,0.0,23,0,0,0,0,0,0,0
305,True,reg_9,request_scratch,cau100_afr0_asi0_9,regional_9,50,150,365,70,0,0.995,0.01,0.2167901907234072,0.1,0.5,50,0,0,0,0,0,0,0,0,0,0,0,0,0,0,0,0,0,0,0,0,0,0,0,0,0,0,-2280.1540999999997,30,0,480.0,30,0,0,0,0,1,0,1
306,True,reg_9,request_scratch,cau100_afr0_asi0_9,regional_9,50,150,365,70,0,0.995,0.01,0.21570623976979014,0.1,0.5,50,0,0,0,0,0,0,0,0,0,0,0,0,0,0,0,0,0,0,0,0,0,0,0,0,0,0,-1380.0705,23,0,0.0,23,0,0,0,0,1,0,0
307,True,reg_9,request_scratch,cau100_afr0_asi0_9,regional_9,50,150,365,70,0,0.995,0.01,0.21462770857094118,0.1,0.5,50,0,0,0,0,0,0,0,0,0,0,0,0,0,0,0,0,0,0,0,0,0,0,0,0,0,0,-1151.0,18,1,60.0,19,0,0,0,0,0,0,0
308,True,reg_9,request_scratch,cau100_afr0_asi0_9,regional_9,50,150,365,70,0,0.995,0.01,0.21355457002808648,0.1,0.5,50,0,0,0,0,0,0,0,0,0,0,0,0,0,0,0,0,0,0,0,0,0,0,0,0,0,0,-1500.0836,25,0,0.0,25,0,0,0,0,0,0,1
309,True,reg_9,request_scratch,cau100_afr0_asi0_9,regional_9,50,150,365,70,0,0.995,0.01,0.21248679717794605,0.1,0.5,50,0,0,0,0,0,0,0,0,0,0,0,0,0,0,0,0,0,0,0,0,0,0,0,0,0,0,-2252.0,33,0,272.0,33,0,0,0,0,0,0,0
310,True,reg_9,request_scratch,cau100_afr0_asi0_9,regional_9,50,150,365,70,0,0.995,0.01,0.21142436319205632,0.1,0.5,50,0,0,0,0,0,0,0,0,0,0,0,0,0,0,0,0,0,0,0,0,0,0,0,0,0,0,-1331.0,22,1,0.0,23,0,0,0,0,0,0,0
311,True,reg_9,request_scratch,cau100_afr0_asi0_9,regional_9,50,150,365,70,0,0.995,0.01,0.21036724137609603,0.1,0.5,50,0,0,0,0,0,0,0,0,0,0,0,0,0,0,0,0,0,0,0,0,0,0,0,0,0,0,-2449.0,31,0,589.0,31,0,0,0,0,0,0,0
312,True,reg_9,request_scratch,cau100_afr0_asi0_9,regional_9,50,150,365,70,0,0.995,0.01,0.20931540516921554,0.1,0.5,50,0,0,0,0,0,0,0,0,0,0,0,0,0,0,0,0,0,0,0,0,0,0,0,0,0,0,-1440.0,24,0,0.0,24,0,0,0,0,0,0,0
313,True,reg_9,request_scratch,cau100_afr0_asi0_9,regional_9,50,150,365,70,0,0.995,0.01,0.20826882814336947,0.1,0.5,50,0,0,0,0,0,0,0,0,0,0,0,0,0,0,0,0,0,0,0,0,0,0,0,0,0,0,-1893.0836,30,0,93.0,30,0,0,0,0,0,0,1
314,True,reg_9,request_scratch,cau100_afr0_asi0_9,regional_9,50,150,365,70,0,0.995,0.01,0.20722748400265262,0.1,0.5,50,0,0,0,0,0,0,0,0,0,0,0,0,0,0,0,0,0,0,0,0,0,0,0,0,0,0,-1560.0,26,0,0.0,26,0,0,0,0,0,0,0
315,True,reg_9,request_scratch,cau100_afr0_asi0_9,regional_9,50,150,365,70,0,0.995,0.01,0.20619134658263935,0.1,0.5,50,0,0,0,0,0,0,0,0,0,0,0,0,0,0,0,0,0,0,0,0,0,0,0,0,0,0,-1777.2377,27,0,157.0,27,0,0,0,0,1,0,2
316,True,reg_9,request_scratch,cau100_afr0_asi0_9,regional_9,50,150,365,70,0,0.995,0.01,0.20516038984972615,0.1,0.5,50,0,0,0,0,0,0,0,0,0,0,0,0,0,0,0,0,0,0,0,0,0,0,0,0,0,0,-960.0835999999999,16,0,0.0,16,0,0,0,0,0,0,1
317,True,reg_9,request_scratch,cau100_afr0_asi0_9,regional_9,50,150,365,70,0,0.995,0.01,0.2041345879004775,0.1,0.5,50,0,0,0,0,0,0,0,0,0,0,0,0,0,0,0,0,0,0,0,0,0,0,0,0,0,0,-2073.0,30,0,273.0,30,0,0,0,0,0,0,0
318,True,reg_9,request_scratch,cau100_afr0_asi0_9,regional_9,50,150,365,70,0,0.995,0.01,0.2031139149609751,0.1,0.5,50,0,0,0,0,0,0,0,0,0,0,0,0,0,0,0,0,0,0,0,0,0,0,0,0,0,0,-1440.0705,24,0,0.0,24,0,0,0,0,1,0,0
319,True,reg_9,request_scratch,cau100_afr0_asi0_9,regional_9,50,150,365,70,0,0.995,0.01,0.20209834538617025,0.1,0.5,50,0,0,0,0,0,0,0,0,0,0,0,0,0,0,0,0,0,0,0,0,0,0,0,0,0,0,-1632.0,24,0,192.0,24,0,0,0,0,0,0,0
320,True,reg_9,request_scratch,cau100_afr0_asi0_9,regional_9,50,150,365,70,0,0.995,0.01,0.2010878536592394,0.1,0.5,50,0,0,0,0,0,0,0,0,0,0,0,0,0,0,0,0,0,0,0,0,0,0,0,0,0,0,-900.0,15,0,0.0,15,0,0,0,0,0,0,0
321,True,reg_9,request_scratch,cau100_afr0_asi0_9,regional_9,50,150,365,70,0,0.995,0.01,0.2000824143909432,0.1,0.5,50,0,0,0,0,0,0,0,0,0,0,0,0,0,0,0,0,0,0,0,0,0,0,0,0,0,0,-1906.0,29,1,155.0,30,0,0,0,0,0,0,0
322,True,reg_9,request_scratch,cau100_afr0_asi0_9,regional_9,50,150,365,70,0,0.995,0.01,0.19908200231898848,0.1,0.5,50,0,0,0,0,0,0,0,0,0,0,0,0,0,0,0,0,0,0,0,0,0,0,0,0,0,0,-1560.2395,26,0,0.0,26,0,0,0,0,0,1,0
323,True,reg_9,request_scratch,cau100_afr0_asi0_9,regional_9,50,150,365,70,0,0.995,0.01,0.19808659230739353,0.1,0.5,50,0,0,0,0,0,0,0,0,0,0,0,0,0,0,0,0,0,0,0,0,0,0,0,0,0,0,-2275.0,35,0,175.0,35,0,0,0,0,0,0,0
324,True,reg_9,request_scratch,cau100_afr0_asi0_9,regional_9,50,150,365,70,0,0.995,0.01,0.19709615934585656,0.1,0.5,50,0,0,0,0,0,0,0,0,0,0,0,0,0,0,0,0,0,0,0,0,0,0,0,0,0,0,-1140.0,19,0,0.0,19,0,0,0,0,0,0,0
325,True,reg_9,request_scratch,cau100_afr0_asi0_9,regional_9,50,150,365,70,0,0.995,0.01,0.19611067854912728,0.1,0.5,50,0,0,0,0,0,0,0,0,0,0,0,0,0,0,0,0,0,0,0,0,0,0,0,0,0,0,-2178.0,33,0,198.0,33,0,0,0,0,0,0,0
326,True,reg_9,request_scratch,cau100_afr0_asi0_9,regional_9,50,150,365,70,0,0.995,0.01,0.19513012515638165,0.1,0.5,50,0,0,0,0,0,0,0,0,0,0,0,0,0,0,0,0,0,0,0,0,0,0,0,0,0,0,-1500.0,25,0,0.0,25,0,0,0,0,0,0,0
327,True,reg_9,request_scratch,cau100_afr0_asi0_9,regional_9,50,150,365,70,0,0.995,0.01,0.19415447453059972,0.1,0.5,50,0,0,0,0,0,0,0,0,0,0,0,0,0,0,0,0,0,0,0,0,0,0,0,0,0,0,-1590.0,24,0,150.0,24,0,0,0,0,0,0,0
328,True,reg_9,request_scratch,cau100_afr0_asi0_9,regional_9,50,150,365,70,0,0.995,0.01,0.19318370215794672,0.1,0.5,50,0,0,0,0,0,0,0,0,0,0,0,0,0,0,0,0,0,0,0,0,0,0,0,0,0,0,-1500.0836,25,0,0.0,25,0,0,0,0,0,0,1
329,True,reg_9,request_scratch,cau100_afr0_asi0_9,regional_9,50,150,365,70,0,0.995,0.01,0.192217783647157,0.1,0.5,50,0,0,0,0,0,0,0,0,0,0,0,0,0,0,0,0,0,0,0,0,0,0,0,0,0,0,-1414.0,21,0,154.0,21,0,0,0,0,0,0,0
330,True,reg_9,request_scratch,cau100_afr0_asi0_9,regional_9,50,150,365,70,0,0.995,0.01,0.1912566947289212,0.1,0.5,50,0,0,0,0,0,0,0,0,0,0,0,0,0,0,0,0,0,0,0,0,0,0,0,0,0,0,-1669.0,26,0,109.0,26,0,0,0,0,0,0,0
331,True,reg_9,request_scratch,cau100_afr0_asi0_9,regional_9,50,150,365,70,0,0.995,0.01,0.1903004112552766,0.1,0.5,50,0,0,0,0,0,0,0,0,0,0,0,0,0,0,0,0,0,0,0,0,0,0,0,0,0,0,-1920.0836,31,0,60.0,31,0,0,0,0,0,0,1
332,True,reg_9,request_scratch,cau100_afr0_asi0_9,regional_9,50,150,365,70,0,0.995,0.01,0.18934890919900021,0.1,0.5,50,0,0,0,0,0,0,0,0,0,0,0,0,0,0,0,0,0,0,0,0,0,0,0,0,0,0,-1541.0,23,0,161.0,23,0,0,0,0,0,0,0
333,True,reg_9,request_scratch,cau100_afr0_asi0_9,regional_9,50,150,365,70,0,0.995,0.01,0.18840216465300522,0.1,0.5,50,0,0,0,0,0,0,0,0,0,0,0,0,0,0,0,0,0,0,0,0,0,0,0,0,0,0,-2531.0,42,1,0.0,43,0,0,0,0,0,0,0
334,True,reg_9,request_scratch,cau100_afr0_asi0_9,regional_9,50,150,365,70,0,0.995,0.01,0.18746015382974018,0.1,0.5,50,0,0,0,0,0,0,0,0,0,0,0,0,0,0,0,0,0,0,0,0,0,0,0,0,0,0,-1876.0,28,0,196.0,28,0,0,0,0,0,0,0
335,True,reg_9,request_scratch,cau100_afr0_asi0_9,regional_9,50,150,365,70,0,0.995,0.01,0.1865228530605915,0.1,0.5,50,0,0,0,0,0,0,0,0,0,0,0,0,0,0,0,0,0,0,0,0,0,0,0,0,0,0,-1560.0,26,0,0.0,26,0,0,0,0,0,0,0
336,True,reg_9,request_scratch,cau100_afr0_asi0_9,regional_9,50,150,365,70,0,0.995,0.01,0.18559023879528855,0.1,0.5,50,0,0,0,0,0,0,0,0,0,0,0,0,0,0,0,0,0,0,0,0,0,0,0,0,0,0,-1299.0,20,1,88.0,21,0,0,0,0,0,0,0
337,True,reg_9,request_scratch,cau100_afr0_asi0_9,regional_9,50,150,365,70,0,0.995,0.01,0.1846622876013121,0.1,0.5,50,0,0,0,0,0,0,0,0,0,0,0,0,0,0,0,0,0,0,0,0,0,0,0,0,0,0,-1620.0,27,0,0.0,27,0,0,0,0,0,0,0
338,True,reg_9,request_scratch,cau100_afr0_asi0_9,regional_9,50,150,365,70,0,0.995,0.01,0.18373897616330553,0.1,0.5,50,0,0,0,0,0,0,0,0,0,0,0,0,0,0,0,0,0,0,0,0,0,0,0,0,0,0,-1980.0,30,0,180.0,30,0,0,0,0,0,0,0
339,True,reg_9,request_scratch,cau100_afr0_asi0_9,regional_9,50,150,365,70,0,0.995,0.01,0.182820281282489,0.1,0.5,50,0,0,0,0,0,0,0,0,0,0,0,0,0,0,0,0,0,0,0,0,0,0,0,0,0,0,-1391.0,23,1,0.0,24,0,0,0,0,0,0,0
340,True,reg_9,request_scratch,cau100_afr0_asi0_9,regional_9,50,150,365,70,0,0.995,0.01,0.18190617987607657,0.1,0.5,50,0,0,0,0,0,0,0,0,0,0,0,0,0,0,0,0,0,0,0,0,0,0,0,0,0,0,-1612.0,21,0,352.0,21,0,0,0,0,0,0,0
341,True,reg_9,request_scratch,cau100_afr0_asi0_9,regional_9,50,150,365,70,0,0.995,0.01,0.18099664897669618,0.1,0.5,50,0,0,0,0,0,0,0,0,0,0,0,0,0,0,0,0,0,0,0,0,0,0,0,0,0,0,-481.14779999999996,8,0,0.0,8,0,0,0,0,0,2,8
342,True,reg_9,request_scratch,cau100_afr0_asi0_9,regional_9,50,150,365,70,0,0.995,0.01,0.1800916657318127,0.1,0.5,50,0,0,0,0,0,0,0,0,0,0,0,0,0,0,0,0,0,0,0,0,0,0,0,0,0,0,-1630.0,25,0,130.0,25,0,0,0,0,0,0,0
343,True,reg_9,request_scratch,cau100_afr0_asi0_9,regional_9,50,150,365,70,0,0.995,0.01,0.17919120740315364,0.1,0.5,50,0,0,0,0,0,0,0,0,0,0,0,0,0,0,0,0,0,0,0,0,0,0,0,0,0,0,-1980.0,33,0,0.0,33,0,0,0,0,0,0,0
344,True,reg_9,request_scratch,cau100_afr0_asi0_9,regional_9,50,150,365,70,0,0.995,0.01,0.17829525136613786,0.1,0.5,50,0,0,0,0,0,0,0,0,0,0,0,0,0,0,0,0,0,0,0,0,0,0,0,0,0,0,-1564.0,23,0,184.0,23,0,0,0,0,0,0,0
345,True,reg_9,request_scratch,cau100_afr0_asi0_9,regional_9,50,150,365,70,0,0.995,0.01,0.17740377510930716,0.1,0.5,50,0,0,0,0,0,0,0,0,0,0,0,0,0,0,0,0,0,0,0,0,0,0,0,0,0,0,-1080.0,18,0,0.0,18,0,0,0,0,0,0,0
346,True,reg_9,request_scratch,cau100_afr0_asi0_9,regional_9,50,150,365,70,0,0.995,0.01,0.17651675623376062,0.1,0.5,50,0,0,0,0,0,0,0,0,0,0,0,0,0,0,0,0,0,0,0,0,0,0,0,0,0,0,-1998.0,27,0,378.0,27,0,0,0,0,0,0,0
347,True,reg_9,request_scratch,cau100_afr0_asi0_9,regional_9,50,150,365,70,0,0.995,0.01,0.1756341724525918,0.1,0.5,50,0,0,0,0,0,0,0,0,0,0,0,0,0,0,0,0,0,0,0,0,0,0,0,0,0,0,-1620.0,27,0,0.0,27,0,0,0,0,0,0,0
348,True,reg_9,request_scratch,cau100_afr0_asi0_9,regional_9,50,150,365,70,0,0.995,0.01,0.17475600159032884,0.1,0.5,50,0,0,0,0,0,0,0,0,0,0,0,0,0,0,0,0,0,0,0,0,0,0,0,0,0,0,-1701.0,27,0,81.0,27,0,0,0,0,0,0,0
349,True,reg_9,request_scratch,cau100_afr0_asi0_9,regional_9,50,150,365,70,0,0.995,0.01,0.17388222158237718,0.1,0.5,50,0,0,0,0,0,0,0,0,0,0,0,0,0,0,0,0,0,0,0,0,0,0,0,0,0,0,-2100.0,35,0,0.0,35,0,0,0,0,0,0,0
350,True,reg_9,request_scratch,cau100_afr0_asi0_9,regional_9,50,150,365,70,0,0.995,0.01,0.1730128104744653,0.1,0.5,50,0,0,0,0,0,0,0,0,0,0,0,0,0,0,0,0,0,0,0,0,0,0,0,0,0,0,-609.7185,7,0,189.0,7,0,0,0,0,0,3,0
351,True,reg_9,request_scratch,cau100_afr0_asi0_9,regional_9,50,150,365,70,0,0.995,0.01,0.17214774642209296,0.1,0.5,50,0,0,0,0,0,0,0,0,0,0,0,0,0,0,0,0,0,0,0,0,0,0,0,0,0,0,-1980.0,33,0,0.0,33,0,0,0,0,0,0,0
352,True,reg_9,request_scratch,cau100_afr0_asi0_9,regional_9,50,150,365,70,0,0.995,0.01,0.1712870076899825,0.1,0.5,50,0,0,0,0,0,0,0,0,0,0,0,0,0,0,0,0,0,0,0,0,0,0,0,0,0,0,-1068.0836,16,0,108.0,16,0,0,0,0,0,0,1
353,True,reg_9,request_scratch,cau100_afr0_asi0_9,regional_9,50,150,365,70,0,0.995,0.01,0.17043057265153258,0.1,0.5,50,0,0,0,0,0,0,0,0,0,0,0,0,0,0,0,0,0,0,0,0,0,0,0,0,0,0,-2651.0,44,1,0.0,45,0,0,0,0,0,0,0
354,True,reg_9,request_scratch,cau100_afr0_asi0_9,regional_9,50,150,365,70,0,0.995,0.01,0.16957841978827493,0.1,0.5,50,0,0,0,0,0,0,0,0,0,0,0,0,0,0,0,0,0,0,0,0,0,0,0,0,0,0,-2278.0,34,0,238.0,34,0,0,0,0,0,0,0
355,True,reg_9,request_scratch,cau100_afr0_asi0_9,regional_9,50,150,365,70,0,0.995,0.01,0.16873052768933355,0.1,0.5,50,0,0,0,0,0,0,0,0,0,0,0,0,0,0,0,0,0,0,0,0,0,0,0,0,0,0,-2340.0,39,0,0.0,39,0,0,0,0,0,0,0
356,True,reg_9,request_scratch,cau100_afr0_asi0_9,regional_9,50,150,365,70,0,0.995,0.01,0.1678868750508869,0.1,0.5,50,0,0,0,0,0,0,0,0,0,0,0,0,0,0,0,0,0,0,0,0,0,0,0,0,0,0,-1768.0,26,0,208.0,26,0,0,0,0,0,0,0
357,True,reg_9,request_scratch,cau100_afr0_asi0_9,regional_9,50,150,365,70,0,0.995,0.01,0.16704744067563246,0.1,0.5,50,0,0,0,0,0,0,0,0,0,0,0,0,0,0,0,0,0,0,0,0,0,0,0,0,0,0,-2460.0,41,0,0.0,41,0,0,0,0,0,0,0
358,True,reg_9,request_scratch,cau100_afr0_asi0_9,regional_9,50,150,365,70,0,0.995,0.01,0.1662122034722543,0.1,0.5,50,0,0,0,0,0,0,0,0,0,0,0,0,0,0,0,0,0,0,0,0,0,0,0,0,0,0,-1370.0,21,0,110.0,21,0,0,0,0,0,0,0
359,True,reg_9,request_scratch,cau100_afr0_asi0_9,regional_9,50,150,365,70,0,0.995,0.01,0.16538114245489302,0.1,0.5,50,0,0,0,0,0,0,0,0,0,0,0,0,0,0,0,0,0,0,0,0,0,0,0,0,0,0,-2280.3231,38,0,0.0,38,0,0,0,0,0,1,1
360,True,reg_9,request_scratch,cau100_afr0_asi0_9,regional_9,50,150,365,70,0,0.995,0.01,0.16455423674261854,0.1,0.5,50,0,0,0,0,0,0,0,0,0,0,0,0,0,0,0,0,0,0,0,0,0,0,0,0,0,0,-1323.0,21,0,63.0,21,0,0,0,0,0,0,0
361,True,reg_9,request_scratch,cau100_afr0_asi0_9,regional_9,50,150,365,70,0,0.995,0.01,0.16373146555890544,0.1,0.5,50,0,0,0,0,0,0,0,0,0,0,0,0,0,0,0,0,0,0,0,0,0,0,0,0,0,0,-1920.0836,32,0,0.0,32,0,0,0,0,0,0,1
362,True,reg_9,request_scratch,cau100_afr0_asi0_9,regional_9,50,150,365,70,0,0.995,0.01,0.16291280823111093,0.1,0.5,50,0,0,0,0,0,0,0,0,0,0,0,0,0,0,0,0,0,0,0,0,0,0,0,0,0,0,-1755.0,27,0,135.0,27,0,0,0,0,0,0,0
363,True,reg_9,request_scratch,cau100_afr0_asi0_9,regional_9,50,150,365,70,0,0.995,0.01,0.16209824418995536,0.1,0.5,50,0,0,0,0,0,0,0,0,0,0,0,0,0,0,0,0,0,0,0,0,0,0,0,0,0,0,-2640.0,44,0,0.0,44,0,0,0,0,0,0,0
364,True,reg_9,request_scratch,cau100_afr0_asi0_9,regional_9,50,150,365,70,0,0.995,0.01,0.16128775296900558,0.1,0.5,50,0,0,0,0,0,0,0,0,0,0,0,0,0,0,0,0,0,0,0,0,0,0,0,0,0,0,-1857.0705,28,0,177.0,28,0,0,0,0,1,0,0
365,True,reg_9,request_scratch,cau100_afr0_asi0_9,regional_9,50,150,365,70,0,0.995,0.01,0.16048131420416054,0.1,0.5,50,0,0,0,0,0,0,0,0,0,0,0,0,0,0,0,0,0,0,0,0,0,0,0,0,0,0,-2700.0,45,0,0.0,45,0,0,0,0,0,0,0
366,True,reg_9,request_scratch,cau100_afr0_asi0_9,regional_9,50,150,365,70,0,0.995,0.01,0.15967890763313974,0.1,0.5,50,0,0,0,0,0,0,0,0,0,0,0,0,0,0,0,0,0,0,0,0,0,0,0,0,0,0,-2729.4640999999997,42,0,209.0,42,0,0,0,0,2,1,1
367,True,reg_9,request_scratch,cau100_afr0_asi0_9,regional_9,50,150,365,70,0,0.995,0.01,0.15888051309497406,0.1,0.5,50,0,0,0,0,0,0,0,0,0,0,0,0,0,0,0,0,0,0,0,0,0,0,0,0,0,0,-3000.0,50,0,0.0,50,0,0,0,0,0,0,0
368,True,reg_9,request_scratch,cau100_afr0_asi0_9,regional_9,50,150,365,70,0,0.995,0.01,0.1580861105294992,0.1,0.5,50,0,0,0,0,0,0,0,0,0,0,0,0,0,0,0,0,0,0,0,0,0,0,0,0,0,0,-2889.0705,44,0,249.0,44,0,0,0,0,1,0,0
369,True,reg_9,request_scratch,cau100_afr0_asi0_9,regional_9,50,150,365,70,0,0.995,0.01,0.1572956799768517,0.1,0.5,50,0,0,0,0,0,0,0,0,0,0,0,0,0,0,0,0,0,0,0,0,0,0,0,0,0,0,-2940.0836,49,0,0.0,49,0,0,0,0,0,0,1
370,True,reg_9,request_scratch,cau100_afr0_asi0_9,regional_9,50,150,365,70,0,0.995,0.01,0.15650920157696743,0.1,0.5,50,0,0,0,0,0,0,0,0,0,0,0,0,0,0,0,0,0,0,0,0,0,0,0,0,0,0,-2180.0705,34,0,140.0,34,0,0,0,0,1,0,0
371,True,reg_9,request_scratch,cau100_afr0_asi0_9,regional_9,50,150,365,70,0,0.995,0.01,0.1557266555690826,0.1,0.5,50,0,0,0,0,0,0,0,0,0,0,0,0,0,0,0,0,0,0,0,0,0,0,0,0,0,0,-3131.0,52,1,0.0,53,0,0,0,0,0,0,0
372,True,reg_9,request_scratch,cau100_afr0_asi0_9,regional_9,50,150,365,70,0,0.995,0.01,0.1549480222912372,0.1,0.5,50,0,0,0,0,0,0,0,0,0,0,0,0,0,0,0,0,0,0,0,0,0,0,0,0,0,0,-2760.0836,43,0,180.0,43,0,0,0,0,0,0,1
373,True,reg_9,request_scratch,cau100_afr0_asi0_9,regional_9,50,150,365,70,0,0.995,0.01,0.15417328217978102,0.1,0.5,50,0,0,0,0,0,0,0,0,0,0,0,0,0,0,0,0,0,0,0,0,0,0,0,0,0,0,-1980.0,33,0,0.0,33,0,0,0,0,0,0,0
374,True,reg_9,request_scratch,cau100_afr0_asi0_9,regional_9,50,150,365,70,0,0.995,0.01,0.1534024157688821,0.1,0.5,50,0,0,0,0,0,0,0,0,0,0,0,0,0,0,0,0,0,0,0,0,0,0,0,0,0,0,-2184.0,33,0,204.0,33,0,0,0,0,0,0,0
375,True,reg_9,request_scratch,cau100_afr0_asi0_9,regional_9,50,150,365,70,0,0.995,0.01,0.1526354036900377,0.1,0.5,50,0,0,0,0,0,0,0,0,0,0,0,0,0,0,0,0,0,0,0,0,0,0,0,0,0,0,-2510.0836,37,0,290.0,37,0,0,0,0,0,0,1
376,True,reg_9,request_scratch,cau100_afr0_asi0_9,regional_9,50,150,365,70,0,0.995,0.01,0.1518722266715875,0.1,0.5,50,0,0,0,0,0,0,0,0,0,0,0,0,0,0,0,0,0,0,0,0,0,0,0,0,0,0,-2334.0836,37,0,114.0,37,0,0,0,0,0,0,1
377,True,reg_9,request_scratch,cau100_afr0_asi0_9,regional_9,50,150,365,70,0,0.995,0.01,0.15111286553822956,0.1,0.5,50,0,0,0,0,0,0,0,0,0,0,0,0,0,0,0,0,0,0,0,0,0,0,0,0,0,0,-1496.0,22,0,176.0,22,0,0,0,0,0,0,0
378,True,reg_9,request_scratch,cau100_afr0_asi0_9,regional_9,50,150,365,70,0,0.995,0.01,0.15035730121053842,0.1,0.5,50,0,0,0,0,0,0,0,0,0,0,0,0,0,0,0,0,0,0,0,0,0,0,0,0,0,0,-3000.0,50,0,0.0,50,0,0,0,0,0,0,0
379,True,reg_9,request_scratch,cau100_afr0_asi0_9,regional_9,50,150,365,70,0,0.995,0.01,0.14960551470448571,0.1,0.5,50,0,0,0,0,0,0,0,0,0,0,0,0,0,0,0,0,0,0,0,0,0,0,0,0,0,0,-2495.0705,34,0,455.0,34,0,0,0,0,1,0,0
380,True,reg_9,request_scratch,cau100_afr0_asi0_9,regional_9,50,150,365,70,0,0.995,0.01,0.14885748713096328,0.1,0.5,50,0,0,0,0,0,0,0,0,0,0,0,0,0,0,0,0,0,0,0,0,0,0,0,0,0,0,-2340.0,39,0,0.0,39,0,0,0,0,0,0,0
381,True,reg_9,request_scratch,cau100_afr0_asi0_9,regional_9,50,150,365,70,0,0.995,0.01,0.14811319969530845,0.1,0.5,50,0,0,0,0,0,0,0,0,0,0,0,0,0,0,0,0,0,0,0,0,0,0,0,0,0,0,-2110.0,30,0,310.0,30,0,0,0,0,0,0,0
382,True,reg_9,request_scratch,cau100_afr0_asi0_9,regional_9,50,150,365,70,0,0.995,0.01,0.1473726336968319,0.1,0.5,50,0,0,0,0,0,0,0,0,0,0,0,0,0,0,0,0,0,0,0,0,0,0,0,0,0,0,-1620.0,27,0,0.0,27,0,0,0,0,0,0,0
383,True,reg_9,request_scratch,cau100_afr0_asi0_9,regional_9,50,150,365,70,0,0.995,0.01,0.14663577052834775,0.1,0.5,50,0,0,0,0,0,0,0,0,0,0,0,0,0,0,0,0,0,0,0,0,0,0,0,0,0,0,-1386.0,22,0,66.0,22,0,0,0,0,0,0,0
384,True,reg_9,request_scratch,cau100_afr0_asi0_9,regional_9,50,150,365,70,0,0.995,0.01,0.14590259167570602,0.1,0.5,50,0,0,0,0,0,0,0,0,0,0,0,0,0,0,0,0,0,0,0,0,0,0,0,0,0,0,-1380.0,23,0,0.0,23,0,0,0,0,0,0,0
385,True,reg_9,request_scratch,cau100_afr0_asi0_9,regional_9,50,150,365,70,0,0.995,0.01,0.1451730787173275,0.1,0.5,50,0,0,0,0,0,0,0,0,0,0,0,0,0,0,0,0,0,0,0,0,0,0,0,0,0,0,-2592.0,32,0,672.0,32,0,0,0,0,0,0,0
386,True,reg_9,request_scratch,cau100_afr0_asi0_9,regional_9,50,150,365,70,0,0.995,0.01,0.14444721332374086,0.1,0.5,50,0,0,0,0,0,0,0,0,0,0,0,0,0,0,0,0,0,0,0,0,0,0,0,0,0,0,-1021.4774,17,0,0.0,17,0,0,0,1,3,2,9
387,True,reg_9,request_scratch,cau100_afr0_asi0_9,regional_9,50,150,365,70,0,0.995,0.01,0.14372497725712216,0.1,0.5,50,0,0,0,0,0,0,0,0,0,0,0,0,0,0,0,0,0,0,0,0,0,0,0,0,0,0,-2001.0,29,0,261.0,29,0,0,0,0,0,0,0
388,True,reg_9,request_scratch,cau100_afr0_asi0_9,regional_9,50,150,365,70,0,0.995,0.01,0.14300635237083656,0.1,0.5,50,0,0,0,0,0,0,0,0,0,0,0,0,0,0,0,0,0,0,0,0,0,0,0,0,0,0,-1740.1671999999999,29,0,0.0,29,0,0,0,0,0,0,2
389,True,reg_9,request_scratch,cau100_afr0_asi0_9,regional_9,50,150,365,70,0,0.995,0.01,0.14229132060898236,0.1,0.5,50,0,0,0,0,0,0,0,0,0,0,0,0,0,0,0,0,0,0,0,0,0,0,0,0,0,0,-1474.0,22,0,154.0,22,0,0,0,0,0,0,0
390,True,reg_9,request_scratch,cau100_afr0_asi0_9,regional_9,50,150,365,70,0,0.995,0.01,0.14157986400593744,0.1,0.5,50,0,0,0,0,0,0,0,0,0,0,0,0,0,0,0,0,0,0,0,0,0,0,0,0,0,0,-240.9201,4,0,0.0,4,0,0,0,3,7,1,1
391,True,reg_9,request_scratch,cau100_afr0_asi0_9,regional_9,50,150,365,70,0,0.995,0.01,0.14087196468590776,0.1,0.5,50,0,0,0,0,0,0,0,0,0,0,0,0,0,0,0,0,0,0,0,0,0,0,0,0,0,0,-1280.0836,19,0,140.0,19,0,0,0,0,0,0,1
392,True,reg_9,request_scratch,cau100_afr0_asi0_9,regional_9,50,150,365,70,0,0.995,0.01,0.14016760486247823,0.1,0.5,50,0,0,0,0,0,0,0,0,0,0,0,0,0,0,0,0,0,0,0,0,0,0,0,0,0,0,-1500.0,25,0,0.0,25,0,0,0,0,0,0,0
393,True,reg_9,request_scratch,cau100_afr0_asi0_9,regional_9,50,150,365,70,0,0.995,0.01,0.13946676683816583,0.1,0.5,50,0,0,0,0,0,0,0,0,0,0,0,0,0,0,0,0,0,0,0,0,0,0,0,0,0,0,-1220.2395000000001,19,0,80.0,19,0,0,0,0,0,1,0
394,True,reg_9,request_scratch,cau100_afr0_asi0_9,regional_9,50,150,365,70,0,0.995,0.01,0.138769433003975,0.1,0.5,50,0,0,0,0,0,0,0,0,0,0,0,0,0,0,0,0,0,0,0,0,0,0,0,0,0,0,-1980.0,33,0,0.0,33,0,0,0,0,0,0,0
395,True,reg_9,request_scratch,cau100_afr0_asi0_9,regional_9,50,150,365,70,0,0.995,0.01,0.13807558583895513,0.1,0.5,50,0,0,0,0,0,0,0,0,0,0,0,0,0,0,0,0,0,0,0,0,0,0,0,0,0,0,-1664.0,26,0,104.0,26,0,0,0,0,0,0,0
396,True,reg_9,request_scratch,cau100_afr0_asi0_9,regional_9,50,150,365,70,0,0.995,0.01,0.13738520790976036,0.1,0.5,50,0,0,0,0,0,0,0,0,0,0,0,0,0,0,0,0,0,0,0,0,0,0,0,0,0,0,-2100.0,35,0,0.0,35,0,0,0,0,0,0,0
397,True,reg_9,request_scratch,cau100_afr0_asi0_9,regional_9,50,150,365,70,0,0.995,0.01,0.13669828187021155,0.1,0.5,50,0,0,0,0,0,0,0,0,0,0,0,0,0,0,0,0,0,0,0,0,0,0,0,0,0,0,-1758.3231,28,0,78.0,28,0,0,0,0,0,1,1
398,True,reg_9,request_scratch,cau100_afr0_asi0_9,regional_9,50,150,365,70,0,0.995,0.01,0.13601479046086049,0.1,0.5,50,0,0,0,0,0,0,0,0,0,0,0,0,0,0,0,0,0,0,0,0,0,0,0,0,0,0,-1680.0,28,0,0.0,28,0,0,0,0,0,0,0
399,True,reg_9,request_scratch,cau100_afr0_asi0_9,regional_9,50,150,365,70,0,0.995,0.01,0.1353347165085562,0.1,0.5,50,0,0,0,0,0,0,0,0,0,0,0,0,0,0,0,0,0,0,0,0,0,0,0,0,0,0,-1716.0,26,0,156.0,26,0,0,0,0,0,0,0
400,True,reg_9,request_scratch,cau100_afr0_asi0_9,regional_9,50,150,365,70,0,0.995,0.01,0.1346580429260134,0.1,0.5,50,0,0,0,0,0,0,0,0,0,0,0,0,0,0,0,0,0,0,0,0,0,0,0,0,0,0,-2400.0,40,0,0.0,40,0,0,0,0,0,0,0
401,True,reg_9,request_scratch,cau100_afr0_asi0_9,regional_9,50,150,365,70,0,0.995,0.01,0.13398475271138335,0.1,0.5,50,0,0,0,0,0,0,0,0,0,0,0,0,0,0,0,0,0,0,0,0,0,0,0,0,0,0,-1820.0,28,0,140.0,28,0,0,0,0,0,0,0
402,True,reg_9,request_scratch,cau100_afr0_asi0_9,regional_9,50,150,365,70,0,0.995,0.01,0.13331482894782642,0.1,0.5,50,0,0,0,0,0,0,0,0,0,0,0,0,0,0,0,0,0,0,0,0,0,0,0,0,0,0,-2040.0,34,0,0.0,34,0,0,0,0,0,0,0
403,True,reg_9,request_scratch,cau100_afr0_asi0_9,regional_9,50,150,365,70,0,0.995,0.01,0.13264825480308728,0.1,0.5,50,0,0,0,0,0,0,0,0,0,0,0,0,0,0,0,0,0,0,0,0,0,0,0,0,0,0,-2211.105,35,0,111.0,35,0,0,0,1,1,0,0
404,True,reg_9,request_scratch,cau100_afr0_asi0_9,regional_9,50,150,365,70,0,0.995,0.01,0.13198501352907185,0.1,0.5,50,0,0,0,0,0,0,0,0,0,0,0,0,0,0,0,0,0,0,0,0,0,0,0,0,0,0,-1571.0,26,1,0.0,27,0,0,0,0,0,0,0
405,True,reg_9,request_scratch,cau100_afr0_asi0_9,regional_9,50,150,365,70,0,0.995,0.01,0.1313250884614265,0.1,0.5,50,0,0,0,0,0,0,0,0,0,0,0,0,0,0,0,0,0,0,0,0,0,0,0,0,0,0,-1953.0,31,0,93.0,31,0,0,0,0,0,0,0
406,True,reg_9,request_scratch,cau100_afr0_asi0_9,regional_9,50,150,365,70,0,0.995,0.01,0.13066846301911936,0.1,0.5,50,0,0,0,0,0,0,0,0,0,0,0,0,0,0,0,0,0,0,0,0,0,0,0,0,0,0,-2400.0,40,0,0.0,40,0,0,0,0,0,0,0
407,True,reg_9,request_scratch,cau100_afr0_asi0_9,regional_9,50,150,365,70,0,0.995,0.01,0.13001512070402377,0.1,0.5,50,0,0,0,0,0,0,0,0,0,0,0,0,0,0,0,0,0,0,0,0,0,0,0,0,0,0,-2080.0,32,0,160.0,32,0,0,0,0,0,0,0
408,True,reg_9,request_scratch,cau100_afr0_asi0_9,regional_9,50,150,365,70,0,0.995,0.01,0.12936504510050365,0.1,0.5,50,0,0,0,0,0,0,0,0,0,0,0,0,0,0,0,0,0,0,0,0,0,0,0,0,0,0,-1320.0,22,0,0.0,22,0,0,0,0,0,0,0
409,True,reg_9,request_scratch,cau100_afr0_asi0_9,regional_9,50,150,365,70,0,0.995,0.01,0.12871821987500112,0.1,0.5,50,0,0,0,0,0,0,0,0,0,0,0,0,0,0,0,0,0,0,0,0,0,0,0,0,0,0,-2308.2394999999997,36,0,148.0,36,0,0,0,0,0,1,0
410,True,reg_9,request_scratch,cau100_afr0_asi0_9,regional_9,50,150,365,70,0,0.995,0.01,0.12807462877562611,0.1,0.5,50,0,0,0,0,0,0,0,0,0,0,0,0,0,0,0,0,0,0,0,0,0,0,0,0,0,0,-1302.0,21,0,42.0,21,0,0,0,0,0,0,0
411,True,reg_9,request_scratch,cau100_afr0_asi0_9,regional_9,50,150,365,70,0,0.995,0.01,0.12743425563174798,0.1,0.5,50,0,0,0,0,0,0,0,0,0,0,0,0,0,0,0,0,0,0,0,0,0,0,0,0,0,0,-2211.0,33,0,231.0,33,0,0,0,0,0,0,0
412,True,reg_9,request_scratch,cau100_afr0_asi0_9,regional_9,50,150,365,70,0,0.995,0.01,0.12679708435358925,0.1,0.5,50,0,0,0,0,0,0,0,0,0,0,0,0,0,0,0,0,0,0,0,0,0,0,0,0,0,0,-1380.0,23,0,0.0,23,0,0,0,0,0,0,0
413,True,reg_9,request_scratch,cau100_afr0_asi0_9,regional_9,50,150,365,70,0,0.995,0.01,0.1261630989318213,0.1,0.5,50,0,0,0,0,0,0,0,0,0,0,0,0,0,0,0,0,0,0,0,0,0,0,0,0,0,0,-2035.0,31,0,175.0,31,0,0,0,0,0,0,0
414,True,reg_9,request_scratch,cau100_afr0_asi0_9,regional_9,50,150,365,70,0,0.995,0.01,0.1255322834371622,0.1,0.5,50,0,0,0,0,0,0,0,0,0,0,0,0,0,0,0,0,0,0,0,0,0,0,0,0,0,0,-1552.0836,25,0,52.0,25,0,0,0,0,0,0,1
415,True,reg_9,request_scratch,cau100_afr0_asi0_9,regional_9,50,150,365,70,0,0.995,0.01,0.12490462201997637,0.1,0.5,50,0,0,0,0,0,0,0,0,0,0,0,0,0,0,0,0,0,0,0,0,0,0,0,0,0,0,-1860.0836,29,0,120.0,29,0,0,0,0,0,0,1
416,True,reg_9,request_scratch,cau100_afr0_asi0_9,regional_9,50,150,365,70,0,0.995,0.01,0.1242800989098765,0.1,0.5,50,0,0,0,0,0,0,0,0,0,0,0,0,0,0,0,0,0,0,0,0,0,0,0,0,0,0,-1430.0,22,0,110.0,22,0,0,0,0,0,0,0
417,True,reg_9,request_scratch,cau100_afr0_asi0_9,regional_9,50,150,365,70,0,0.995,0.01,0.12365869841532712,0.1,0.5,50,0,0,0,0,0,0,0,0,0,0,0,0,0,0,0,0,0,0,0,0,0,0,0,0,0,0,-1740.0,29,0,0.0,29,0,0,0,0,0,0,0
418,True,reg_9,request_scratch,cau100_afr0_asi0_9,regional_9,50,150,365,70,0,0.995,0.01,0.12304040492325048,0.1,0.5,50,0,0,0,0,0,0,0,0,0,0,0,0,0,0,0,0,0,0,0,0,0,0,0,0,0,0,-1320.0,20,0,120.0,20,0,0,0,0,0,0,0
419,True,reg_9,request_scratch,cau100_afr0_asi0_9,regional_9,50,150,365,70,0,0.995,0.01,0.12242520289863423,0.1,0.5,50,0,0,0,0,0,0,0,0,0,0,0,0,0,0,0,0,0,0,0,0,0,0,0,0,0,0,-2122.3231,35,2,0.0,37,0,0,0,0,0,1,1
420,True,reg_9,request_scratch,cau100_afr0_asi0_9,regional_9,50,150,365,70,0,0.995,0.01,0.12181307688414106,0.1,0.5,50,0,0,0,0,0,0,0,0,0,0,0,0,0,0,0,0,0,0,0,0,0,0,0,0,0,0,-1699.0,22,1,368.0,23,0,0,0,0,0,0,0
421,True,reg_9,request_scratch,cau100_afr0_asi0_9,regional_9,50,150,365,70,0,0.995,0.01,0.12120401149972035,0.1,0.5,50,0,0,0,0,0,0,0,0,0,0,0,0,0,0,0,0,0,0,0,0,0,0,0,0,0,0,-1800.0,30,0,0.0,30,0,0,0,0,0,0,0
422,True,reg_9,request_scratch,cau100_afr0_asi0_9,regional_9,50,150,365,70,0,0.995,0.01,0.12059799144222175,0.1,0.5,50,0,0,0,0,0,0,0,0,0,0,0,0,0,0,0,0,0,0,0,0,0,0,0,0,0,0,-2156.0,28,0,476.0,28,0,0,0,0,0,0,0
423,True,reg_9,request_scratch,cau100_afr0_asi0_9,regional_9,50,150,365,70,0,0.995,0.01,0.11999500148501063,0.1,0.5,50,0,0,0,0,0,0,0,0,0,0,0,0,0,0,0,0,0,0,0,0,0,0,0,0,0,0,-1631.0,27,1,0.0,28,0,0,0,0,0,0,0
424,True,reg_9,request_scratch,cau100_afr0_asi0_9,regional_9,50,150,365,70,0,0.995,0.01,0.11939502647758558,0.1,0.5,50,0,0,0,0,0,0,0,0,0,0,0,0,0,0,0,0,0,0,0,0,0,0,0,0,0,0,-1720.2775,24,0,279.0,24,0,0,0,0,2,3,5
425,True,reg_9,request_scratch,cau100_afr0_asi0_9,regional_9,50,150,365,70,0,0.995,0.01,0.11879805134519765,0.1,0.5,50,0,0,0,0,0,0,0,0,0,0,0,0,0,0,0,0,0,0,0,0,0,0,0,0,0,0,-1742.0,26,0,182.0,26,0,0,0,0,0,0,0
426,True,reg_9,request_scratch,cau100_afr0_asi0_9,regional_9,50,150,365,70,0,0.995,0.01,0.11820406108847166,0.1,0.5,50,0,0,0,0,0,0,0,0,0,0,0,0,0,0,0,0,0,0,0,0,0,0,0,0,0,0,-1950.1671999999999,28,0,270.0,28,0,0,0,0,0,0,2
427,True,reg_9,request_scratch,cau100_afr0_asi0_9,regional_9,50,150,365,70,0,0.995,0.01,0.1176130407830293,0.1,0.5,50,0,0,0,0,0,0,0,0,0,0,0,0,0,0,0,0,0,0,0,0,0,0,0,0,0,0,-1680.0,28,0,0.0,28,0,0,0,0,0,0,0
428,True,reg_9,request_scratch,cau100_afr0_asi0_9,regional_9,50,150,365,70,0,0.995,0.01,0.11702497557911415,0.1,0.5,50,0,0,0,0,0,0,0,0,0,0,0,0,0,0,0,0,0,0,0,0,0,0,0,0,0,0,-2059.0,29,0,319.0,29,0,0,0,0,0,0,0
429,True,reg_9,request_scratch,cau100_afr0_asi0_9,regional_9,50,150,365,70,0,0.995,0.01,0.11643985070121858,0.1,0.5,50,0,0,0,0,0,0,0,0,0,0,0,0,0,0,0,0,0,0,0,0,0,0,0,0,0,0,-1920.5116999999998,32,0,0.0,32,0,0,0,1,1,1,2
430,True,reg_9,request_scratch,cau100_afr0_asi0_9,regional_9,50,150,365,70,0,0.995,0.01,0.11585765144771248,0.1,0.5,50,0,0,0,0,0,0,0,0,0,0,0,0,0,0,0,0,0,0,0,0,0,0,0,0,0,0,-2665.0,41,0,205.0,41,0,0,0,0,0,0,0
431,True,reg_9,request_scratch,cau100_afr0_asi0_9,regional_9,50,150,365,70,0,0.995,0.01,0.11527836319047392,0.1,0.5,50,0,0,0,0,0,0,0,0,0,0,0,0,0,0,0,0,0,0,0,0,0,0,0,0,0,0,-1381.0529000000001,23,0,0.0,23,0,0,0,0,0,3,4
432,True,reg_9,request_scratch,cau100_afr0_asi0_9,regional_9,50,150,365,70,0,0.995,0.01,0.11470197137452155,0.1,0.5,50,0,0,0,0,0,0,0,0,0,0,0,0,0,0,0,0,0,0,0,0,0,0,0,0,0,0,-1386.0,22,0,66.0,22,0,0,0,0,0,0,0
433,True,reg_9,request_scratch,cau100_afr0_asi0_9,regional_9,50,150,365,70,0,0.995,0.01,0.11412846151764894,0.1,0.5,50,0,0,0,0,0,0,0,0,0,0,0,0,0,0,0,0,0,0,0,0,0,0,0,0,0,0,-1260.0,21,0,0.0,21,0,0,0,0,0,0,0
434,True,reg_9,request_scratch,cau100_afr0_asi0_9,regional_9,50,150,365,70,0,0.995,0.01,0.1135578192100607,0.1,0.5,50,0,0,0,0,0,0,0,0,0,0,0,0,0,0,0,0,0,0,0,0,0,0,0,0,0,0,-1300.0,20,0,100.0,20,0,0,0,0,0,0,0
