day,logged,location,model name,supply scenario,demand scenario,avg daily demand,inventory size,test days,init days,epsilon start,epsilon decay,epsilon min,epsilon current,learning rate,gamma,batch size,num units requested,num supplied products,num supplied O-,num supplied O+,num supplied A-,num supplied A+,num supplied B-,num supplied B+,num supplied AB-,num supplied AB+,num requests O-,num requests O+,num requests A-,num requests A+,num requests B-,num requests B+,num requests AB-,num requests AB+,num O- in inventory,num O+ in inventory,num A- in inventory,num A+ in inventory,num B- in inventory,num B+ in inventory,num AB- in inventory,num AB+ in inventory,reward,issued but nonexistent,issued but discarded,num outdates,num shortages,num mismatches A,num mismatches B,num mismatches D,num mismatches C,num mismatches c,num mismatches E
0,True,reg_8,request_scratch,cau100_afr0_asi0_8,regional_8,50,150,365,70,0,0.995,0.01,1.0,0.1,0.5,50,0,0,0,0,0,0,0,0,0,0,0,0,0,0,0,0,0,0,0,0,0,0,0,0,0,0,-60.0,1,0,0.0,1,0,0,0,0,0,0
1,True,reg_8,request_scratch,cau100_afr0_asi0_8,regional_8,50,150,365,70,0,0.995,0.01,0.995,0.1,0.5,50,0,0,0,0,0,0,0,0,0,0,0,0,0,0,0,0,0,0,0,0,0,0,0,0,0,0,0.0,0,0,0.0,0,0,0,0,0,0,0
2,True,reg_8,request_scratch,cau100_afr0_asi0_8,regional_8,50,150,365,70,0,0.995,0.01,0.990025,0.1,0.5,50,0,0,0,0,0,0,0,0,0,0,0,0,0,0,0,0,0,0,0,0,0,0,0,0,0,0,-300.0,5,0,0.0,5,0,0,0,0,0,0
3,True,reg_8,request_scratch,cau100_afr0_asi0_8,regional_8,50,150,365,70,0,0.995,0.01,0.985074875,0.1,0.5,50,0,0,0,0,0,0,0,0,0,0,0,0,0,0,0,0,0,0,0,0,0,0,0,0,0,0,-1140.31,19,0,0.0,19,0,0,0,0,1,1
4,True,reg_8,request_scratch,cau100_afr0_asi0_8,regional_8,50,150,365,70,0,0.995,0.01,0.9801495006250001,0.1,0.5,50,0,0,0,0,0,0,0,0,0,0,0,0,0,0,0,0,0,0,0,0,0,0,0,0,0,0,-900.0345,15,0,0.0,15,0,0,0,1,0,0
5,True,reg_8,request_scratch,cau100_afr0_asi0_8,regional_8,50,150,365,70,0,0.995,0.01,0.9752487531218751,0.1,0.5,50,0,0,0,0,0,0,0,0,0,0,0,0,0,0,0,0,0,0,0,0,0,0,0,0,0,0,-2160.584,36,0,0.0,36,0,0,0,1,1,2
6,True,reg_8,request_scratch,cau100_afr0_asi0_8,regional_8,50,150,365,70,0,0.995,0.01,0.9703725093562657,0.1,0.5,50,0,0,0,0,0,0,0,0,0,0,0,0,0,0,0,0,0,0,0,0,0,0,0,0,0,0,-1620.2740000000001,27,0,0.0,27,0,0,0,1,0,1
7,True,reg_8,request_scratch,cau100_afr0_asi0_8,regional_8,50,150,365,70,0,0.995,0.01,0.9655206468094844,0.1,0.5,50,0,0,0,0,0,0,0,0,0,0,0,0,0,0,0,0,0,0,0,0,0,0,0,0,0,0,-2760.584,46,0,0.0,46,0,0,0,1,1,2
8,True,reg_8,request_scratch,cau100_afr0_asi0_8,regional_8,50,150,365,70,0,0.995,0.01,0.960693043575437,0.1,0.5,50,0,0,0,0,0,0,0,0,0,0,0,0,0,0,0,0,0,0,0,0,0,0,0,0,0,0,-900.3789999999999,15,0,0.0,15,0,0,0,2,1,1
9,True,reg_8,request_scratch,cau100_afr0_asi0_8,regional_8,50,150,365,70,0,0.995,0.01,0.9558895783575597,0.1,0.5,50,0,0,0,0,0,0,0,0,0,0,0,0,0,0,0,0,0,0,0,0,0,0,0,0,0,0,-1440.5495,24,0,0.0,24,0,0,0,0,1,2
10,True,reg_8,request_scratch,cau100_afr0_asi0_8,regional_8,50,150,365,70,0,0.995,0.01,0.9511101304657719,0.1,0.5,50,0,0,0,0,0,0,0,0,0,0,0,0,0,0,0,0,0,0,0,0,0,0,0,0,0,0,-1140.0,19,0,0.0,19,0,0,0,0,0,0
11,True,reg_8,request_scratch,cau100_afr0_asi0_8,regional_8,50,150,365,70,0,0.995,0.01,0.946354579813443,0.1,0.5,50,0,0,0,0,0,0,0,0,0,0,0,0,0,0,0,0,0,0,0,0,0,0,0,0,0,0,-1560.31,26,0,0.0,26,0,0,0,0,1,1
12,True,reg_8,request_scratch,cau100_afr0_asi0_8,regional_8,50,150,365,70,0,0.995,0.01,0.9416228069143757,0.1,0.5,50,0,0,0,0,0,0,0,0,0,0,0,0,0,0,0,0,0,0,0,0,0,0,0,0,0,0,-1080.689,18,0,0.0,18,0,0,0,2,2,2
13,True,reg_8,request_scratch,cau100_afr0_asi0_8,regional_8,50,150,365,70,0,0.995,0.01,0.9369146928798039,0.1,0.5,50,0,0,0,0,0,0,0,0,0,0,0,0,0,0,0,0,0,0,0,0,0,0,0,0,0,0,-1080.105,18,0,0.0,18,0,0,0,1,1,0
14,True,reg_8,request_scratch,cau100_afr0_asi0_8,regional_8,50,150,365,70,0,0.995,0.01,0.9322301194154049,0.1,0.5,50,0,0,0,0,0,0,0,0,0,0,0,0,0,0,0,0,0,0,0,0,0,0,0,0,0,0,-1620.2395000000001,27,0,0.0,27,0,0,0,0,0,1
15,True,reg_8,request_scratch,cau100_afr0_asi0_8,regional_8,50,150,365,70,0,0.995,0.01,0.9275689688183278,0.1,0.5,50,0,0,0,0,0,0,0,0,0,0,0,0,0,0,0,0,0,0,0,0,0,0,0,0,0,0,-1500.2395000000001,25,0,0.0,25,0,0,0,0,0,1
16,True,reg_8,request_scratch,cau100_afr0_asi0_8,regional_8,50,150,365,70,0,0.995,0.01,0.9229311239742362,0.1,0.5,50,0,0,0,0,0,0,0,0,0,0,0,0,0,0,0,0,0,0,0,0,0,0,0,0,0,0,-1260.2395000000001,21,0,0.0,21,0,0,0,0,0,1
17,True,reg_8,request_scratch,cau100_afr0_asi0_8,regional_8,50,150,365,70,0,0.995,0.01,0.918316468354365,0.1,0.5,50,0,0,0,0,0,0,0,0,0,0,0,0,0,0,0,0,0,0,0,0,0,0,0,0,0,0,-1020.0,17,0,0.0,17,0,0,0,0,0,0
18,True,reg_8,request_scratch,cau100_afr0_asi0_8,regional_8,50,150,365,70,0,0.995,0.01,0.9137248860125932,0.1,0.5,50,0,0,0,0,0,0,0,0,0,0,0,0,0,0,0,0,0,0,0,0,0,0,0,0,0,0,-1260.31,21,0,0.0,21,0,0,0,0,1,1
19,True,reg_8,request_scratch,cau100_afr0_asi0_8,regional_8,50,150,365,70,0,0.995,0.01,0.9091562615825302,0.1,0.5,50,0,0,0,0,0,0,0,0,0,0,0,0,0,0,0,0,0,0,0,0,0,0,0,0,0,0,-1560.0,26,0,0.0,26,0,0,0,0,0,0
20,True,reg_8,request_scratch,cau100_afr0_asi0_8,regional_8,50,150,365,70,0,0.995,0.01,0.9046104802746175,0.1,0.5,50,0,0,0,0,0,0,0,0,0,0,0,0,0,0,0,0,0,0,0,0,0,0,0,0,0,0,-1800.0,30,0,0.0,30,0,0,0,0,0,0
21,True,reg_8,request_scratch,cau100_afr0_asi0_8,regional_8,50,150,365,70,0,0.995,0.01,0.9000874278732445,0.1,0.5,50,0,0,0,0,0,0,0,0,0,0,0,0,0,0,0,0,0,0,0,0,0,0,0,0,0,0,-1680.3445,28,0,0.0,28,0,0,0,1,1,1
22,True,reg_8,request_scratch,cau100_afr0_asi0_8,regional_8,50,150,365,70,0,0.995,0.01,0.8955869907338783,0.1,0.5,50,0,0,0,0,0,0,0,0,0,0,0,0,0,0,0,0,0,0,0,0,0,0,0,0,0,0,-1680.31,28,0,0.0,28,0,0,0,0,1,1
23,True,reg_8,request_scratch,cau100_afr0_asi0_8,regional_8,50,150,365,70,0,0.995,0.01,0.8911090557802088,0.1,0.5,50,0,0,0,0,0,0,0,0,0,0,0,0,0,0,0,0,0,0,0,0,0,0,0,0,0,0,-1440.0,24,0,0.0,24,0,0,0,0,0,0
24,True,reg_8,request_scratch,cau100_afr0_asi0_8,regional_8,50,150,365,70,0,0.995,0.01,0.8866535105013078,0.1,0.5,50,0,0,0,0,0,0,0,0,0,0,0,0,0,0,0,0,0,0,0,0,0,0,0,0,0,0,-1380.0,23,0,0.0,23,0,0,0,0,0,0
25,True,reg_8,request_scratch,cau100_afr0_asi0_8,regional_8,50,150,365,70,0,0.995,0.01,0.8822202429488013,0.1,0.5,50,0,0,0,0,0,0,0,0,0,0,0,0,0,0,0,0,0,0,0,0,0,0,0,0,0,0,-1920.5495,32,0,0.0,32,0,0,0,0,1,2
26,True,reg_8,request_scratch,cau100_afr0_asi0_8,regional_8,50,150,365,70,0,0.995,0.01,0.8778091417340573,0.1,0.5,50,0,0,0,0,0,0,0,0,0,0,0,0,0,0,0,0,0,0,0,0,0,0,0,0,0,0,-1920.274,32,0,0.0,32,0,0,0,1,0,1
27,True,reg_8,request_scratch,cau100_afr0_asi0_8,regional_8,50,150,365,70,0,0.995,0.01,0.8734200960253871,0.1,0.5,50,0,0,0,0,0,0,0,0,0,0,0,0,0,0,0,0,0,0,0,0,0,0,0,0,0,0,-1020.0,17,0,0.0,17,0,0,0,0,0,0
28,True,reg_8,request_scratch,cau100_afr0_asi0_8,regional_8,50,150,365,70,0,0.995,0.01,0.8690529955452602,0.1,0.5,50,0,0,0,0,0,0,0,0,0,0,0,0,0,0,0,0,0,0,0,0,0,0,0,0,0,0,-1740.31,29,0,0.0,29,0,0,0,0,1,1
29,True,reg_8,request_scratch,cau100_afr0_asi0_8,regional_8,50,150,365,70,0,0.995,0.01,0.8647077305675338,0.1,0.5,50,0,0,0,0,0,0,0,0,0,0,0,0,0,0,0,0,0,0,0,0,0,0,0,0,0,0,-1500.62,25,0,0.0,25,0,0,0,0,2,2
30,True,reg_8,request_scratch,cau100_afr0_asi0_8,regional_8,50,150,365,70,0,0.995,0.01,0.8603841919146962,0.1,0.5,50,0,0,0,0,0,0,0,0,0,0,0,0,0,0,0,0,0,0,0,0,0,0,0,0,0,0,-1320.0,22,0,0.0,22,0,0,0,0,0,0
31,True,reg_8,request_scratch,cau100_afr0_asi0_8,regional_8,50,150,365,70,0,0.995,0.01,0.8560822709551227,0.1,0.5,50,0,0,0,0,0,0,0,0,0,0,0,0,0,0,0,0,0,0,0,0,0,0,0,0,0,0,-1200.0,20,0,0.0,20,0,0,0,0,0,0
32,True,reg_8,request_scratch,cau100_afr0_asi0_8,regional_8,50,150,365,70,0,0.995,0.01,0.851801859600347,0.1,0.5,50,0,0,0,0,0,0,0,0,0,0,0,0,0,0,0,0,0,0,0,0,0,0,0,0,0,0,-1920.31,32,0,0.0,32,0,0,0,0,1,1
33,True,reg_8,request_scratch,cau100_afr0_asi0_8,regional_8,50,150,365,70,0,0.995,0.01,0.8475428503023453,0.1,0.5,50,0,0,0,0,0,0,0,0,0,0,0,0,0,0,0,0,0,0,0,0,0,0,0,0,0,0,-1200.62,20,0,0.0,20,0,0,0,0,2,2
34,True,reg_8,request_scratch,cau100_afr0_asi0_8,regional_8,50,150,365,70,0,0.995,0.01,0.8433051360508336,0.1,0.5,50,0,0,0,0,0,0,0,0,0,0,0,0,0,0,0,0,0,0,0,0,0,0,0,0,0,0,-1631.0,18,0,551.0,18,0,0,0,0,0,0
35,True,reg_8,request_scratch,cau100_afr0_asi0_8,regional_8,50,150,365,70,0,0.995,0.01,0.8390886103705794,0.1,0.5,50,0,0,0,0,0,0,0,0,0,0,0,0,0,0,0,0,0,0,0,0,0,0,0,0,0,0,-1380.2395000000001,23,0,0.0,23,0,0,0,0,0,1
36,True,reg_8,request_scratch,cau100_afr0_asi0_8,regional_8,50,150,365,70,0,0.995,0.01,0.8348931673187264,0.1,0.5,50,0,0,0,0,0,0,0,0,0,0,0,0,0,0,0,0,0,0,0,0,0,0,0,0,0,0,-1500.0,25,0,0.0,25,0,0,0,0,0,0
37,True,reg_8,request_scratch,cau100_afr0_asi0_8,regional_8,50,150,365,70,0,0.995,0.01,0.8307187014821328,0.1,0.5,50,0,0,0,0,0,0,0,0,0,0,0,0,0,0,0,0,0,0,0,0,0,0,0,0,0,0,-1040.0,17,0,20.0,17,0,0,0,0,0,0
38,True,reg_8,request_scratch,cau100_afr0_asi0_8,regional_8,50,150,365,70,0,0.995,0.01,0.8265651079747222,0.1,0.5,50,0,0,0,0,0,0,0,0,0,0,0,0,0,0,0,0,0,0,0,0,0,0,0,0,0,0,-2118.0,34,0,78.0,34,0,0,0,0,0,0
39,True,reg_8,request_scratch,cau100_afr0_asi0_8,regional_8,50,150,365,70,0,0.995,0.01,0.8224322824348486,0.1,0.5,50,0,0,0,0,0,0,0,0,0,0,0,0,0,0,0,0,0,0,0,0,0,0,0,0,0,0,-1186.0,19,0,46.0,19,0,0,0,0,0,0
40,True,reg_8,request_scratch,cau100_afr0_asi0_8,regional_8,50,150,365,70,0,0.995,0.01,0.8183201210226743,0.1,0.5,50,0,0,0,0,0,0,0,0,0,0,0,0,0,0,0,0,0,0,0,0,0,0,0,0,0,0,-1045.31,16,0,85.0,16,0,0,0,0,1,1
41,True,reg_8,request_scratch,cau100_afr0_asi0_8,regional_8,50,150,365,70,0,0.995,0.01,0.8142285204175609,0.1,0.5,50,0,0,0,0,0,0,0,0,0,0,0,0,0,0,0,0,0,0,0,0,0,0,0,0,0,0,-540.5495000000001,9,0,0.0,9,0,0,0,0,1,2
42,True,reg_8,request_scratch,cau100_afr0_asi0_8,regional_8,50,150,365,70,0,0.995,0.01,0.810157377815473,0.1,0.5,50,0,0,0,0,0,0,0,0,0,0,0,0,0,0,0,0,0,0,0,0,0,0,0,0,0,0,-1665.0,25,0,165.0,25,0,0,0,0,0,0
43,True,reg_8,request_scratch,cau100_afr0_asi0_8,regional_8,50,150,365,70,0,0.995,0.01,0.8061065909263957,0.1,0.5,50,0,0,0,0,0,0,0,0,0,0,0,0,0,0,0,0,0,0,0,0,0,0,0,0,0,0,-900.31,15,0,0.0,15,0,0,0,0,1,1
44,True,reg_8,request_scratch,cau100_afr0_asi0_8,regional_8,50,150,365,70,0,0.995,0.01,0.8020760579717637,0.1,0.5,50,0,0,0,0,0,0,0,0,0,0,0,0,0,0,0,0,0,0,0,0,0,0,0,0,0,0,-1468.3085,23,0,88.0,23,0,0,0,2,0,1
45,True,reg_8,request_scratch,cau100_afr0_asi0_8,regional_8,50,150,365,70,0,0.995,0.01,0.798065677681905,0.1,0.5,50,0,0,0,0,0,0,0,0,0,0,0,0,0,0,0,0,0,0,0,0,0,0,0,0,0,0,-1201.3384999999998,20,0,0.0,20,0,0,0,0,2,5
46,True,reg_8,request_scratch,cau100_afr0_asi0_8,regional_8,50,150,365,70,0,0.995,0.01,0.7940753492934954,0.1,0.5,50,0,0,0,0,0,0,0,0,0,0,0,0,0,0,0,0,0,0,0,0,0,0,0,0,0,0,-1124.0,18,0,44.0,18,0,0,0,0,0,0
47,True,reg_8,request_scratch,cau100_afr0_asi0_8,regional_8,50,150,365,70,0,0.995,0.01,0.7901049725470279,0.1,0.5,50,0,0,0,0,0,0,0,0,0,0,0,0,0,0,0,0,0,0,0,0,0,0,0,0,0,0,-1260.2395000000001,21,0,0.0,21,0,0,0,0,0,1
48,True,reg_8,request_scratch,cau100_afr0_asi0_8,regional_8,50,150,365,70,0,0.995,0.01,0.7861544476842928,0.1,0.5,50,0,0,0,0,0,0,0,0,0,0,0,0,0,0,0,0,0,0,0,0,0,0,0,0,0,0,-968.3805,15,0,68.0,15,0,0,0,0,2,1
49,True,reg_8,request_scratch,cau100_afr0_asi0_8,regional_8,50,150,365,70,0,0.995,0.01,0.7822236754458713,0.1,0.5,50,0,0,0,0,0,0,0,0,0,0,0,0,0,0,0,0,0,0,0,0,0,0,0,0,0,0,-1440.5135,24,0,0.0,24,0,0,0,1,0,2
50,True,reg_8,request_scratch,cau100_afr0_asi0_8,regional_8,50,150,365,70,0,0.995,0.01,0.778312557068642,0.1,0.5,50,0,0,0,0,0,0,0,0,0,0,0,0,0,0,0,0,0,0,0,0,0,0,0,0,0,0,-1320.0,22,0,0.0,22,0,0,0,0,0,0
51,True,reg_8,request_scratch,cau100_afr0_asi0_8,regional_8,50,150,365,70,0,0.995,0.01,0.7744209942832988,0.1,0.5,50,0,0,0,0,0,0,0,0,0,0,0,0,0,0,0,0,0,0,0,0,0,0,0,0,0,0,-1200.0,20,0,0.0,20,0,0,0,0,0,0
52,True,reg_8,request_scratch,cau100_afr0_asi0_8,regional_8,50,150,365,70,0,0.995,0.01,0.7705488893118823,0.1,0.5,50,0,0,0,0,0,0,0,0,0,0,0,0,0,0,0,0,0,0,0,0,0,0,0,0,0,0,-912.2395,15,0,12.0,15,0,0,0,0,0,1
53,True,reg_8,request_scratch,cau100_afr0_asi0_8,regional_8,50,150,365,70,0,0.995,0.01,0.7666961448653229,0.1,0.5,50,0,0,0,0,0,0,0,0,0,0,0,0,0,0,0,0,0,0,0,0,0,0,0,0,0,0,-780.0345,13,0,0.0,13,0,0,0,1,0,0
54,True,reg_8,request_scratch,cau100_afr0_asi0_8,regional_8,50,150,365,70,0,0.995,0.01,0.7628626641409962,0.1,0.5,50,0,0,0,0,0,0,0,0,0,0,0,0,0,0,0,0,0,0,0,0,0,0,0,0,0,0,-1513.2395000000001,25,0,13.0,25,0,0,0,0,0,1
55,True,reg_8,request_scratch,cau100_afr0_asi0_8,regional_8,50,150,365,70,0,0.995,0.01,0.7590483508202912,0.1,0.5,50,0,0,0,0,0,0,0,0,0,0,0,0,0,0,0,0,0,0,0,0,0,0,0,0,0,0,-1920.0,32,0,0.0,32,0,0,0,0,0,0
56,True,reg_8,request_scratch,cau100_afr0_asi0_8,regional_8,50,150,365,70,0,0.995,0.01,0.7552531090661897,0.1,0.5,50,0,0,0,0,0,0,0,0,0,0,0,0,0,0,0,0,0,0,0,0,0,0,0,0,0,0,-1020.0,17,0,0.0,17,0,0,0,0,0,0
57,True,reg_8,request_scratch,cau100_afr0_asi0_8,regional_8,50,150,365,70,0,0.995,0.01,0.7514768435208588,0.1,0.5,50,0,0,0,0,0,0,0,0,0,0,0,0,0,0,0,0,0,0,0,0,0,0,0,0,0,0,-2040.2395,34,0,0.0,34,0,0,0,0,0,1
58,True,reg_8,request_scratch,cau100_afr0_asi0_8,regional_8,50,150,365,70,0,0.995,0.01,0.7477194593032545,0.1,0.5,50,0,0,0,0,0,0,0,0,0,0,0,0,0,0,0,0,0,0,0,0,0,0,0,0,0,0,-1740.2395000000001,29,0,0.0,29,0,0,0,0,0,1
59,True,reg_8,request_scratch,cau100_afr0_asi0_8,regional_8,50,150,365,70,0,0.995,0.01,0.7439808620067382,0.1,0.5,50,0,0,0,0,0,0,0,0,0,0,0,0,0,0,0,0,0,0,0,0,0,0,0,0,0,0,-1140.0345,19,0,0.0,19,0,0,0,1,0,0
60,True,reg_8,request_scratch,cau100_afr0_asi0_8,regional_8,50,150,365,70,0,0.995,0.01,0.7402609576967045,0.1,0.5,50,0,0,0,0,0,0,0,0,0,0,0,0,0,0,0,0,0,0,0,0,0,0,0,0,0,0,-1647.0,26,0,87.0,26,0,0,0,0,0,0
61,True,reg_8,request_scratch,cau100_afr0_asi0_8,regional_8,50,150,365,70,0,0.995,0.01,0.736559652908221,0.1,0.5,50,0,0,0,0,0,0,0,0,0,0,0,0,0,0,0,0,0,0,0,0,0,0,0,0,0,0,-1320.0,22,0,0.0,22,0,0,0,0,0,0
62,True,reg_8,request_scratch,cau100_afr0_asi0_8,regional_8,50,150,365,70,0,0.995,0.01,0.7328768546436799,0.1,0.5,50,0,0,0,0,0,0,0,0,0,0,0,0,0,0,0,0,0,0,0,0,0,0,0,0,0,0,-1581.0,25,0,81.0,25,0,0,0,0,0,0
63,True,reg_8,request_scratch,cau100_afr0_asi0_8,regional_8,50,150,365,70,0,0.995,0.01,0.7292124703704616,0.1,0.5,50,0,0,0,0,0,0,0,0,0,0,0,0,0,0,0,0,0,0,0,0,0,0,0,0,0,0,-900.31,15,0,0.0,15,0,0,0,0,1,1
64,True,reg_8,request_scratch,cau100_afr0_asi0_8,regional_8,50,150,365,70,0,0.995,0.01,0.7255664080186093,0.1,0.5,50,0,0,0,0,0,0,0,0,0,0,0,0,0,0,0,0,0,0,0,0,0,0,0,0,0,0,-1090.2395000000001,18,0,10.0,18,0,0,0,0,0,1
65,True,reg_8,request_scratch,cau100_afr0_asi0_8,regional_8,50,150,365,70,0,0.995,0.01,0.7219385759785162,0.1,0.5,50,0,0,0,0,0,0,0,0,0,0,0,0,0,0,0,0,0,0,0,0,0,0,0,0,0,0,-1200.0,20,0,0.0,20,0,0,0,0,0,0
66,True,reg_8,request_scratch,cau100_afr0_asi0_8,regional_8,50,150,365,70,0,0.995,0.01,0.7183288830986236,0.1,0.5,50,0,0,0,0,0,0,0,0,0,0,0,0,0,0,0,0,0,0,0,0,0,0,0,0,0,0,-1921.2395,30,0,121.0,30,0,0,0,0,0,1
67,True,reg_8,request_scratch,cau100_afr0_asi0_8,regional_8,50,150,365,70,0,0.995,0.01,0.7147372386831305,0.1,0.5,50,0,0,0,0,0,0,0,0,0,0,0,0,0,0,0,0,0,0,0,0,0,0,0,0,0,0,-2400.0,40,0,0.0,40,0,0,0,0,0,0
68,True,reg_8,request_scratch,cau100_afr0_asi0_8,regional_8,50,150,365,70,0,0.995,0.01,0.7111635524897149,0.1,0.5,50,0,0,0,0,0,0,0,0,0,0,0,0,0,0,0,0,0,0,0,0,0,0,0,0,0,0,-1040.2395000000001,16,0,80.0,16,0,0,0,0,0,1
69,True,reg_8,request_scratch,cau100_afr0_asi0_8,regional_8,50,150,365,70,0,0.995,0.01,0.7076077347272662,0.1,0.5,50,0,0,0,0,0,0,0,0,0,0,0,0,0,0,0,0,0,0,0,0,0,0,0,0,0,0,-1962.0,29,0,222.0,29,0,0,0,0,0,0
70,True,reg_8,request_scratch,cau100_afr0_asi0_8,regional_8,50,150,365,70,0,0.995,0.01,0.7040696960536299,0.1,0.5,50,0,0,0,0,0,0,0,0,0,0,0,0,0,0,0,0,0,0,0,0,0,0,0,0,0,0,-1860.3445000000002,31,0,0.0,31,0,0,0,1,1,1
71,True,reg_8,request_scratch,cau100_afr0_asi0_8,regional_8,50,150,365,70,0,0.995,0.01,0.7005493475733617,0.1,0.5,50,0,0,0,0,0,0,0,0,0,0,0,0,0,0,0,0,0,0,0,0,0,0,0,0,0,0,-2500.0,37,0,280.0,37,0,0,0,0,0,0
72,True,reg_8,request_scratch,cau100_afr0_asi0_8,regional_8,50,150,365,70,0,0.995,0.01,0.697046600835495,0.1,0.5,50,0,0,0,0,0,0,0,0,0,0,0,0,0,0,0,0,0,0,0,0,0,0,0,0,0,0,-840.0,14,0,0.0,14,0,0,0,0,0,0
73,True,reg_8,request_scratch,cau100_afr0_asi0_8,regional_8,50,150,365,70,0,0.995,0.01,0.6935613678313175,0.1,0.5,50,0,0,0,0,0,0,0,0,0,0,0,0,0,0,0,0,0,0,0,0,0,0,0,0,0,0,-1704.0,27,0,84.0,27,0,0,0,0,0,0
74,True,reg_8,request_scratch,cau100_afr0_asi0_8,regional_8,50,150,365,70,0,0.995,0.01,0.6900935609921609,0.1,0.5,50,0,0,0,0,0,0,0,0,0,0,0,0,0,0,0,0,0,0,0,0,0,0,0,0,0,0,-1200.2395000000001,20,0,0.0,20,0,0,0,0,0,1
75,True,reg_8,request_scratch,cau100_afr0_asi0_8,regional_8,50,150,365,70,0,0.995,0.01,0.6866430931872001,0.1,0.5,50,0,0,0,0,0,0,0,0,0,0,0,0,0,0,0,0,0,0,0,0,0,0,0,0,0,0,-809.0,12,0,89.0,12,0,0,0,0,0,0
76,True,reg_8,request_scratch,cau100_afr0_asi0_8,regional_8,50,150,365,70,0,0.995,0.01,0.6832098777212641,0.1,0.5,50,0,0,0,0,0,0,0,0,0,0,0,0,0,0,0,0,0,0,0,0,0,0,0,0,0,0,-780.0,13,0,0.0,13,0,0,0,0,0,0
77,True,reg_8,request_scratch,cau100_afr0_asi0_8,regional_8,50,150,365,70,0,0.995,0.01,0.6797938283326578,0.1,0.5,50,0,0,0,0,0,0,0,0,0,0,0,0,0,0,0,0,0,0,0,0,0,0,0,0,0,0,-1530.5495,21,0,270.0,21,0,0,0,0,1,2
78,True,reg_8,request_scratch,cau100_afr0_asi0_8,regional_8,50,150,365,70,0,0.995,0.01,0.6763948591909945,0.1,0.5,50,0,0,0,0,0,0,0,0,0,0,0,0,0,0,0,0,0,0,0,0,0,0,0,0,0,0,-960.0,16,0,0.0,16,0,0,0,0,0,0
79,True,reg_8,request_scratch,cau100_afr0_asi0_8,regional_8,50,150,365,70,0,0.995,0.01,0.6730128848950395,0.1,0.5,50,0,0,0,0,0,0,0,0,0,0,0,0,0,0,0,0,0,0,0,0,0,0,0,0,0,0,-885.31,14,0,45.0,14,0,0,0,0,1,1
80,True,reg_8,request_scratch,cau100_afr0_asi0_8,regional_8,50,150,365,70,0,0.995,0.01,0.6696478204705644,0.1,0.5,50,0,0,0,0,0,0,0,0,0,0,0,0,0,0,0,0,0,0,0,0,0,0,0,0,0,0,-1260.0,21,0,0.0,21,0,0,0,0,0,0
81,True,reg_8,request_scratch,cau100_afr0_asi0_8,regional_8,50,150,365,70,0,0.995,0.01,0.6662995813682115,0.1,0.5,50,0,0,0,0,0,0,0,0,0,0,0,0,0,0,0,0,0,0,0,0,0,0,0,0,0,0,-1317.479,19,0,177.0,19,0,0,0,0,0,2
82,True,reg_8,request_scratch,cau100_afr0_asi0_8,regional_8,50,150,365,70,0,0.995,0.01,0.6629680834613705,0.1,0.5,50,0,0,0,0,0,0,0,0,0,0,0,0,0,0,0,0,0,0,0,0,0,0,0,0,0,0,-1020.0,17,0,0.0,17,0,0,0,0,0,0
83,True,reg_8,request_scratch,cau100_afr0_asi0_8,regional_8,50,150,365,70,0,0.995,0.01,0.6596532430440636,0.1,0.5,50,0,0,0,0,0,0,0,0,0,0,0,0,0,0,0,0,0,0,0,0,0,0,0,0,0,0,-1555.0,23,0,175.0,23,0,0,0,0,0,0
84,True,reg_8,request_scratch,cau100_afr0_asi0_8,regional_8,50,150,365,70,0,0.995,0.01,0.6563549768288433,0.1,0.5,50,0,0,0,0,0,0,0,0,0,0,0,0,0,0,0,0,0,0,0,0,0,0,0,0,0,0,-1320.0345,22,0,0.0,22,0,0,0,1,0,0
85,True,reg_8,request_scratch,cau100_afr0_asi0_8,regional_8,50,150,365,70,0,0.995,0.01,0.653073201944699,0.1,0.5,50,0,0,0,0,0,0,0,0,0,0,0,0,0,0,0,0,0,0,0,0,0,0,0,0,0,0,-2357.2395,36,0,197.0,36,0,0,0,0,0,1
86,True,reg_8,request_scratch,cau100_afr0_asi0_8,regional_8,50,150,365,70,0,0.995,0.01,0.6498078359349755,0.1,0.5,50,0,0,0,0,0,0,0,0,0,0,0,0,0,0,0,0,0,0,0,0,0,0,0,0,0,0,-1800.0,30,0,0.0,30,0,0,0,0,0,0
87,True,reg_8,request_scratch,cau100_afr0_asi0_8,regional_8,50,150,365,70,0,0.995,0.01,0.6465587967553006,0.1,0.5,50,0,0,0,0,0,0,0,0,0,0,0,0,0,0,0,0,0,0,0,0,0,0,0,0,0,0,-1401.0345,22,0,81.0,22,0,0,0,1,0,0
88,True,reg_8,request_scratch,cau100_afr0_asi0_8,regional_8,50,150,365,70,0,0.995,0.01,0.6433260027715241,0.1,0.5,50,0,0,0,0,0,0,0,0,0,0,0,0,0,0,0,0,0,0,0,0,0,0,0,0,0,0,-900.479,15,0,0.0,15,0,0,0,0,0,2
89,True,reg_8,request_scratch,cau100_afr0_asi0_8,regional_8,50,150,365,70,0,0.995,0.01,0.6401093727576664,0.1,0.5,50,0,0,0,0,0,0,0,0,0,0,0,0,0,0,0,0,0,0,0,0,0,0,0,0,0,0,-1200.0345,20,0,0.0,20,0,0,0,1,0,0
90,True,reg_8,request_scratch,cau100_afr0_asi0_8,regional_8,50,150,365,70,0,0.995,0.01,0.6369088258938781,0.1,0.5,50,0,0,0,0,0,0,0,0,0,0,0,0,0,0,0,0,0,0,0,0,0,0,0,0,0,0,-1380.0,23,0,0.0,23,0,0,0,0,0,0
91,True,reg_8,request_scratch,cau100_afr0_asi0_8,regional_8,50,150,365,70,0,0.995,0.01,0.6337242817644086,0.1,0.5,50,0,0,0,0,0,0,0,0,0,0,0,0,0,0,0,0,0,0,0,0,0,0,0,0,0,0,-1532.274,25,0,32.0,25,0,0,0,1,0,1
92,True,reg_8,request_scratch,cau100_afr0_asi0_8,regional_8,50,150,365,70,0,0.995,0.01,0.6305556603555866,0.1,0.5,50,0,0,0,0,0,0,0,0,0,0,0,0,0,0,0,0,0,0,0,0,0,0,0,0,0,0,-1620.2740000000001,27,0,0.0,27,0,0,0,1,0,1
93,True,reg_8,request_scratch,cau100_afr0_asi0_8,regional_8,50,150,365,70,0,0.995,0.01,0.6274028820538087,0.1,0.5,50,0,0,0,0,0,0,0,0,0,0,0,0,0,0,0,0,0,0,0,0,0,0,0,0,0,0,-1349.069,21,0,89.0,21,0,0,0,2,0,0
94,True,reg_8,request_scratch,cau100_afr0_asi0_8,regional_8,50,150,365,70,0,0.995,0.01,0.6242658676435396,0.1,0.5,50,0,0,0,0,0,0,0,0,0,0,0,0,0,0,0,0,0,0,0,0,0,0,0,0,0,0,-1200.2395000000001,20,0,0.0,20,0,0,0,0,0,1
95,True,reg_8,request_scratch,cau100_afr0_asi0_8,regional_8,50,150,365,70,0,0.995,0.01,0.6211445383053219,0.1,0.5,50,0,0,0,0,0,0,0,0,0,0,0,0,0,0,0,0,0,0,0,0,0,0,0,0,0,0,-1692.2740000000001,26,0,132.0,26,0,0,0,1,0,1
96,True,reg_8,request_scratch,cau100_afr0_asi0_8,regional_8,50,150,365,70,0,0.995,0.01,0.6180388156137953,0.1,0.5,50,0,0,0,0,0,0,0,0,0,0,0,0,0,0,0,0,0,0,0,0,0,0,0,0,0,0,-1740.0,29,0,0.0,29,0,0,0,0,0,0
97,True,reg_8,request_scratch,cau100_afr0_asi0_8,regional_8,50,150,365,70,0,0.995,0.01,0.6149486215357263,0.1,0.5,50,0,0,0,0,0,0,0,0,0,0,0,0,0,0,0,0,0,0,0,0,0,0,0,0,0,0,-1390.479,21,0,130.0,21,0,0,0,0,0,2
98,True,reg_8,request_scratch,cau100_afr0_asi0_8,regional_8,50,150,365,70,0,0.995,0.01,0.6118738784280476,0.1,0.5,50,0,0,0,0,0,0,0,0,0,0,0,0,0,0,0,0,0,0,0,0,0,0,0,0,0,0,-840.2395,14,0,0.0,14,0,0,0,0,0,1
99,True,reg_8,request_scratch,cau100_afr0_asi0_8,regional_8,50,150,365,70,0,0.995,0.01,0.6088145090359074,0.1,0.5,50,0,0,0,0,0,0,0,0,0,0,0,0,0,0,0,0,0,0,0,0,0,0,0,0,0,0,-1822.0,29,0,82.0,29,0,0,0,0,0,0
100,True,reg_8,request_scratch,cau100_afr0_asi0_8,regional_8,50,150,365,70,0,0.995,0.01,0.6057704364907278,0.1,0.5,50,0,0,0,0,0,0,0,0,0,0,0,0,0,0,0,0,0,0,0,0,0,0,0,0,0,0,-1560.0,26,0,0.0,26,0,0,0,0,0,0
101,True,reg_8,request_scratch,cau100_afr0_asi0_8,regional_8,50,150,365,70,0,0.995,0.01,0.6027415843082742,0.1,0.5,50,0,0,0,0,0,0,0,0,0,0,0,0,0,0,0,0,0,0,0,0,0,0,0,0,0,0,-1140.5495,19,0,0.0,19,0,0,0,0,1,2
102,True,reg_8,request_scratch,cau100_afr0_asi0_8,regional_8,50,150,365,70,0,0.995,0.01,0.5997278763867329,0.1,0.5,50,0,0,0,0,0,0,0,0,0,0,0,0,0,0,0,0,0,0,0,0,0,0,0,0,0,0,-1980.0,33,0,0.0,33,0,0,0,0,0,0
103,True,reg_8,request_scratch,cau100_afr0_asi0_8,regional_8,50,150,365,70,0,0.995,0.01,0.5967292370047992,0.1,0.5,50,0,0,0,0,0,0,0,0,0,0,0,0,0,0,0,0,0,0,0,0,0,0,0,0,0,0,-1742.31,28,0,62.0,28,0,0,0,0,1,1
104,True,reg_8,request_scratch,cau100_afr0_asi0_8,regional_8,50,150,365,70,0,0.995,0.01,0.5937455908197752,0.1,0.5,50,0,0,0,0,0,0,0,0,0,0,0,0,0,0,0,0,0,0,0,0,0,0,0,0,0,0,-840.31,14,0,0.0,14,0,0,0,0,1,1
105,True,reg_8,request_scratch,cau100_afr0_asi0_8,regional_8,50,150,365,70,0,0.995,0.01,0.5907768628656763,0.1,0.5,50,0,0,0,0,0,0,0,0,0,0,0,0,0,0,0,0,0,0,0,0,0,0,0,0,0,0,-1911.2395,29,0,171.0,29,0,0,0,0,0,1
106,True,reg_8,request_scratch,cau100_afr0_asi0_8,regional_8,50,150,365,70,0,0.995,0.01,0.5878229785513479,0.1,0.5,50,0,0,0,0,0,0,0,0,0,0,0,0,0,0,0,0,0,0,0,0,0,0,0,0,0,0,-1620.105,27,0,0.0,27,0,0,0,1,1,0
107,True,reg_8,request_scratch,cau100_afr0_asi0_8,regional_8,50,150,365,70,0,0.995,0.01,0.5848838636585911,0.1,0.5,50,0,0,0,0,0,0,0,0,0,0,0,0,0,0,0,0,0,0,0,0,0,0,0,0,0,0,-2095.0,33,0,115.0,33,0,0,0,0,0,0
108,True,reg_8,request_scratch,cau100_afr0_asi0_8,regional_8,50,150,365,70,0,0.995,0.01,0.5819594443402982,0.1,0.5,50,0,0,0,0,0,0,0,0,0,0,0,0,0,0,0,0,0,0,0,0,0,0,0,0,0,0,-1560.2395000000001,26,0,0.0,26,0,0,0,0,0,1
109,True,reg_8,request_scratch,cau100_afr0_asi0_8,regional_8,50,150,365,70,0,0.995,0.01,0.5790496471185967,0.1,0.5,50,0,0,0,0,0,0,0,0,0,0,0,0,0,0,0,0,0,0,0,0,0,0,0,0,0,0,-2400.31,40,0,0.0,40,0,0,0,0,1,1
110,True,reg_8,request_scratch,cau100_afr0_asi0_8,regional_8,50,150,365,70,0,0.995,0.01,0.5761543988830038,0.1,0.5,50,0,0,0,0,0,0,0,0,0,0,0,0,0,0,0,0,0,0,0,0,0,0,0,0,0,0,-2116.0,33,0,136.0,33,0,0,0,0,0,0
111,True,reg_8,request_scratch,cau100_afr0_asi0_8,regional_8,50,150,365,70,0,0.995,0.01,0.5732736268885887,0.1,0.5,50,0,0,0,0,0,0,0,0,0,0,0,0,0,0,0,0,0,0,0,0,0,0,0,0,0,0,-2760.0,46,0,0.0,46,0,0,0,0,0,0
112,True,reg_8,request_scratch,cau100_afr0_asi0_8,regional_8,50,150,365,70,0,0.995,0.01,0.5704072587541458,0.1,0.5,50,0,0,0,0,0,0,0,0,0,0,0,0,0,0,0,0,0,0,0,0,0,0,0,0,0,0,-2581.2395,36,0,421.0,36,0,0,0,0,0,1
113,True,reg_8,request_scratch,cau100_afr0_asi0_8,regional_8,50,150,365,70,0,0.995,0.01,0.567555222460375,0.1,0.5,50,0,0,0,0,0,0,0,0,0,0,0,0,0,0,0,0,0,0,0,0,0,0,0,0,0,0,-1920.31,32,0,0.0,32,0,0,0,0,1,1
114,True,reg_8,request_scratch,cau100_afr0_asi0_8,regional_8,50,150,365,70,0,0.995,0.01,0.5647174463480732,0.1,0.5,50,0,0,0,0,0,0,0,0,0,0,0,0,0,0,0,0,0,0,0,0,0,0,0,0,0,0,-1515.0,24,0,75.0,24,0,0,0,0,0,0
115,True,reg_8,request_scratch,cau100_afr0_asi0_8,regional_8,50,150,365,70,0,0.995,0.01,0.5618938591163328,0.1,0.5,50,0,0,0,0,0,0,0,0,0,0,0,0,0,0,0,0,0,0,0,0,0,0,0,0,0,0,-2040.3445,34,0,0.0,34,0,0,0,1,1,1
116,True,reg_8,request_scratch,cau100_afr0_asi0_8,regional_8,50,150,365,70,0,0.995,0.01,0.5590843898207511,0.1,0.5,50,0,0,0,0,0,0,0,0,0,0,0,0,0,0,0,0,0,0,0,0,0,0,0,0,0,0,-688.4794999999999,9,0,147.0,9,0,0,0,0,4,5
117,True,reg_8,request_scratch,cau100_afr0_asi0_8,regional_8,50,150,365,70,0,0.995,0.01,0.5562889678716474,0.1,0.5,50,0,0,0,0,0,0,0,0,0,0,0,0,0,0,0,0,0,0,0,0,0,0,0,0,0,0,-1860.5135,31,0,0.0,31,0,0,0,1,0,2
118,True,reg_8,request_scratch,cau100_afr0_asi0_8,regional_8,50,150,365,70,0,0.995,0.01,0.5535075230322891,0.1,0.5,50,0,0,0,0,0,0,0,0,0,0,0,0,0,0,0,0,0,0,0,0,0,0,0,0,0,0,-633.0,10,0,33.0,10,0,0,0,0,0,0
119,True,reg_8,request_scratch,cau100_afr0_asi0_8,regional_8,50,150,365,70,0,0.995,0.01,0.5507399854171277,0.1,0.5,50,0,0,0,0,0,0,0,0,0,0,0,0,0,0,0,0,0,0,0,0,0,0,0,0,0,0,-2400.2740000000003,40,0,0.0,40,0,0,0,1,0,1
120,True,reg_8,request_scratch,cau100_afr0_asi0_8,regional_8,50,150,365,70,0,0.995,0.01,0.547986285490042,0.1,0.5,50,0,0,0,0,0,0,0,0,0,0,0,0,0,0,0,0,0,0,0,0,0,0,0,0,0,0,-1759.0,28,0,79.0,28,0,0,0,0,0,0
121,True,reg_8,request_scratch,cau100_afr0_asi0_8,regional_8,50,150,365,70,0,0.995,0.01,0.5452463540625918,0.1,0.5,50,0,0,0,0,0,0,0,0,0,0,0,0,0,0,0,0,0,0,0,0,0,0,0,0,0,0,-1800.2395000000001,30,0,0.0,30,0,0,0,0,0,1
122,True,reg_8,request_scratch,cau100_afr0_asi0_8,regional_8,50,150,365,70,0,0.995,0.01,0.5425201222922789,0.1,0.5,50,0,0,0,0,0,0,0,0,0,0,0,0,0,0,0,0,0,0,0,0,0,0,0,0,0,0,-1710.0,28,0,30.0,28,0,0,0,0,0,0
123,True,reg_8,request_scratch,cau100_afr0_asi0_8,regional_8,50,150,365,70,0,0.995,0.01,0.5398075216808175,0.1,0.5,50,0,0,0,0,0,0,0,0,0,0,0,0,0,0,0,0,0,0,0,0,0,0,0,0,0,0,-1260.0345,21,0,0.0,21,0,0,0,1,0,0
124,True,reg_8,request_scratch,cau100_afr0_asi0_8,regional_8,50,150,365,70,0,0.995,0.01,0.5371084840724134,0.1,0.5,50,0,0,0,0,0,0,0,0,0,0,0,0,0,0,0,0,0,0,0,0,0,0,0,0,0,0,-1663.0705,27,0,43.0,27,0,0,0,0,1,0
125,True,reg_8,request_scratch,cau100_afr0_asi0_8,regional_8,50,150,365,70,0,0.995,0.01,0.5344229416520513,0.1,0.5,50,0,0,0,0,0,0,0,0,0,0,0,0,0,0,0,0,0,0,0,0,0,0,0,0,0,0,-1380.0,23,0,0.0,23,0,0,0,0,0,0
126,True,reg_8,request_scratch,cau100_afr0_asi0_8,regional_8,50,150,365,70,0,0.995,0.01,0.531750826943791,0.1,0.5,50,0,0,0,0,0,0,0,0,0,0,0,0,0,0,0,0,0,0,0,0,0,0,0,0,0,0,-1160.0,18,0,80.0,18,0,0,0,0,0,0
127,True,reg_8,request_scratch,cau100_afr0_asi0_8,regional_8,50,150,365,70,0,0.995,0.01,0.5290920728090721,0.1,0.5,50,0,0,0,0,0,0,0,0,0,0,0,0,0,0,0,0,0,0,0,0,0,0,0,0,0,0,-1680.0,28,0,0.0,28,0,0,0,0,0,0
128,True,reg_8,request_scratch,cau100_afr0_asi0_8,regional_8,50,150,365,70,0,0.995,0.01,0.5264466124450268,0.1,0.5,50,0,0,0,0,0,0,0,0,0,0,0,0,0,0,0,0,0,0,0,0,0,0,0,0,0,0,-1840.0,28,0,160.0,28,0,0,0,0,0,0
129,True,reg_8,request_scratch,cau100_afr0_asi0_8,regional_8,50,150,365,70,0,0.995,0.01,0.5238143793828016,0.1,0.5,50,0,0,0,0,0,0,0,0,0,0,0,0,0,0,0,0,0,0,0,0,0,0,0,0,0,0,-1920.0,32,0,0.0,32,0,0,0,0,0,0
130,True,reg_8,request_scratch,cau100_afr0_asi0_8,regional_8,50,150,365,70,0,0.995,0.01,0.5211953074858876,0.1,0.5,50,0,0,0,0,0,0,0,0,0,0,0,0,0,0,0,0,0,0,0,0,0,0,0,0,0,0,-971.0705,14,0,131.0,14,0,0,0,0,1,0
131,True,reg_8,request_scratch,cau100_afr0_asi0_8,regional_8,50,150,365,70,0,0.995,0.01,0.5185893309484582,0.1,0.5,50,0,0,0,0,0,0,0,0,0,0,0,0,0,0,0,0,0,0,0,0,0,0,0,0,0,0,-1680.0,28,0,0.0,28,0,0,0,0,0,0
132,True,reg_8,request_scratch,cau100_afr0_asi0_8,regional_8,50,150,365,70,0,0.995,0.01,0.5159963842937159,0.1,0.5,50,0,0,0,0,0,0,0,0,0,0,0,0,0,0,0,0,0,0,0,0,0,0,0,0,0,0,-2895.0,43,0,315.0,43,0,0,0,0,0,0
133,True,reg_8,request_scratch,cau100_afr0_asi0_8,regional_8,50,150,365,70,0,0.995,0.01,0.5134164023722473,0.1,0.5,50,0,0,0,0,0,0,0,0,0,0,0,0,0,0,0,0,0,0,0,0,0,0,0,0,0,0,-1860.0,31,0,0.0,31,0,0,0,0,0,0
134,True,reg_8,request_scratch,cau100_afr0_asi0_8,regional_8,50,150,365,70,0,0.995,0.01,0.510849320360386,0.1,0.5,50,0,0,0,0,0,0,0,0,0,0,0,0,0,0,0,0,0,0,0,0,0,0,0,0,0,0,-2404.2394999999997,37,0,184.0,37,0,0,0,0,0,1
135,True,reg_8,request_scratch,cau100_afr0_asi0_8,regional_8,50,150,365,70,0,0.995,0.01,0.5082950737585841,0.1,0.5,50,0,0,0,0,0,0,0,0,0,0,0,0,0,0,0,0,0,0,0,0,0,0,0,0,0,0,-540.105,9,0,0.0,9,0,0,0,1,1,0
136,True,reg_8,request_scratch,cau100_afr0_asi0_8,regional_8,50,150,365,70,0,0.995,0.01,0.5057535983897912,0.1,0.5,50,0,0,0,0,0,0,0,0,0,0,0,0,0,0,0,0,0,0,0,0,0,0,0,0,0,0,-2015.0,33,0,35.0,33,0,0,0,0,0,0
137,True,reg_8,request_scratch,cau100_afr0_asi0_8,regional_8,50,150,365,70,0,0.995,0.01,0.5032248303978422,0.1,0.5,50,0,0,0,0,0,0,0,0,0,0,0,0,0,0,0,0,0,0,0,0,0,0,0,0,0,0,-1560.0,26,0,0.0,26,0,0,0,0,0,0
138,True,reg_8,request_scratch,cau100_afr0_asi0_8,regional_8,50,150,365,70,0,0.995,0.01,0.500708706245853,0.1,0.5,50,0,0,0,0,0,0,0,0,0,0,0,0,0,0,0,0,0,0,0,0,0,0,0,0,0,0,-1855.0,28,0,175.0,28,0,0,0,0,0,0
139,True,reg_8,request_scratch,cau100_afr0_asi0_8,regional_8,50,150,365,70,0,0.995,0.01,0.4982051627146237,0.1,0.5,50,0,0,0,0,0,0,0,0,0,0,0,0,0,0,0,0,0,0,0,0,0,0,0,0,0,0,-1260.2395000000001,21,0,0.0,21,0,0,0,0,0,1
140,True,reg_8,request_scratch,cau100_afr0_asi0_8,regional_8,50,150,365,70,0,0.995,0.01,0.49571413690105054,0.1,0.5,50,0,0,0,0,0,0,0,0,0,0,0,0,0,0,0,0,0,0,0,0,0,0,0,0,0,0,-2100.31,35,0,0.0,35,0,0,0,0,1,1
141,True,reg_8,request_scratch,cau100_afr0_asi0_8,regional_8,50,150,365,70,0,0.995,0.01,0.4932355662165453,0.1,0.5,50,0,0,0,0,0,0,0,0,0,0,0,0,0,0,0,0,0,0,0,0,0,0,0,0,0,0,-1380.0,23,0,0.0,23,0,0,0,0,0,0
142,True,reg_8,request_scratch,cau100_afr0_asi0_8,regional_8,50,150,365,70,0,0.995,0.01,0.4907693883854626,0.1,0.5,50,0,0,0,0,0,0,0,0,0,0,0,0,0,0,0,0,0,0,0,0,0,0,0,0,0,0,-2387.5495,36,0,227.0,36,0,0,0,0,1,2
143,True,reg_8,request_scratch,cau100_afr0_asi0_8,regional_8,50,150,365,70,0,0.995,0.01,0.4883155414435353,0.1,0.5,50,0,0,0,0,0,0,0,0,0,0,0,0,0,0,0,0,0,0,0,0,0,0,0,0,0,0,-1560.0,26,0,0.0,26,0,0,0,0,0,0
144,True,reg_8,request_scratch,cau100_afr0_asi0_8,regional_8,50,150,365,70,0,0.995,0.01,0.4858739637363176,0.1,0.5,50,0,0,0,0,0,0,0,0,0,0,0,0,0,0,0,0,0,0,0,0,0,0,0,0,0,0,-2252.0,35,0,152.0,35,0,0,0,0,0,0
145,True,reg_8,request_scratch,cau100_afr0_asi0_8,regional_8,50,150,365,70,0,0.995,0.01,0.483444593917636,0.1,0.5,50,0,0,0,0,0,0,0,0,0,0,0,0,0,0,0,0,0,0,0,0,0,0,0,0,0,0,-1800.0,30,0,0.0,30,0,0,0,0,0,0
146,True,reg_8,request_scratch,cau100_afr0_asi0_8,regional_8,50,150,365,70,0,0.995,0.01,0.4810273709480478,0.1,0.5,50,0,0,0,0,0,0,0,0,0,0,0,0,0,0,0,0,0,0,0,0,0,0,0,0,0,0,-1620.2395000000001,26,0,60.0,26,0,0,0,0,0,1
147,True,reg_8,request_scratch,cau100_afr0_asi0_8,regional_8,50,150,365,70,0,0.995,0.01,0.47862223409330756,0.1,0.5,50,0,0,0,0,0,0,0,0,0,0,0,0,0,0,0,0,0,0,0,0,0,0,0,0,0,0,-1466.0,24,0,26.0,24,0,0,0,0,0,0
148,True,reg_8,request_scratch,cau100_afr0_asi0_8,regional_8,50,150,365,70,0,0.995,0.01,0.47622912292284103,0.1,0.5,50,0,0,0,0,0,0,0,0,0,0,0,0,0,0,0,0,0,0,0,0,0,0,0,0,0,0,-1440.0,24,0,0.0,24,0,0,0,0,0,0
149,True,reg_8,request_scratch,cau100_afr0_asi0_8,regional_8,50,150,365,70,0,0.995,0.01,0.4738479773082268,0.1,0.5,50,0,0,0,0,0,0,0,0,0,0,0,0,0,0,0,0,0,0,0,0,0,0,0,0,0,0,-1455.0,23,0,75.0,23,0,0,0,0,0,0
150,True,reg_8,request_scratch,cau100_afr0_asi0_8,regional_8,50,150,365,70,0,0.995,0.01,0.47147873742168567,0.1,0.5,50,0,0,0,0,0,0,0,0,0,0,0,0,0,0,0,0,0,0,0,0,0,0,0,0,0,0,-2040.0,34,0,0.0,34,0,0,0,0,0,0
151,True,reg_8,request_scratch,cau100_afr0_asi0_8,regional_8,50,150,365,70,0,0.995,0.01,0.46912134373457726,0.1,0.5,50,0,0,0,0,0,0,0,0,0,0,0,0,0,0,0,0,0,0,0,0,0,0,0,0,0,0,-2335.0,33,0,355.0,33,0,0,0,0,0,0
152,True,reg_8,request_scratch,cau100_afr0_asi0_8,regional_8,50,150,365,70,0,0.995,0.01,0.46677573701590436,0.1,0.5,50,0,0,0,0,0,0,0,0,0,0,0,0,0,0,0,0,0,0,0,0,0,0,0,0,0,0,-1860.0,31,0,0.0,31,0,0,0,0,0,0
153,True,reg_8,request_scratch,cau100_afr0_asi0_8,regional_8,50,150,365,70,0,0.995,0.01,0.46444185833082485,0.1,0.5,50,0,0,0,0,0,0,0,0,0,0,0,0,0,0,0,0,0,0,0,0,0,0,0,0,0,0,-1239.31,19,0,99.0,19,0,0,0,0,1,1
154,True,reg_8,request_scratch,cau100_afr0_asi0_8,regional_8,50,150,365,70,0,0.995,0.01,0.46211964903917074,0.1,0.5,50,0,0,0,0,0,0,0,0,0,0,0,0,0,0,0,0,0,0,0,0,0,0,0,0,0,0,-900.5495000000001,15,0,0.0,15,0,0,0,0,1,2
155,True,reg_8,request_scratch,cau100_afr0_asi0_8,regional_8,50,150,365,70,0,0.995,0.01,0.4598090507939749,0.1,0.5,50,0,0,0,0,0,0,0,0,0,0,0,0,0,0,0,0,0,0,0,0,0,0,0,0,0,0,-1722.3445000000002,26,0,162.0,26,0,0,0,1,1,1
156,True,reg_8,request_scratch,cau100_afr0_asi0_8,regional_8,50,150,365,70,0,0.995,0.01,0.457510005540005,0.1,0.5,50,0,0,0,0,0,0,0,0,0,0,0,0,0,0,0,0,0,0,0,0,0,0,0,0,0,0,-1560.0,26,0,0.0,26,0,0,0,0,0,0
157,True,reg_8,request_scratch,cau100_afr0_asi0_8,regional_8,50,150,365,70,0,0.995,0.01,0.45522245551230495,0.1,0.5,50,0,0,0,0,0,0,0,0,0,0,0,0,0,0,0,0,0,0,0,0,0,0,0,0,0,0,-1329.0,21,0,69.0,21,0,0,0,0,0,0
158,True,reg_8,request_scratch,cau100_afr0_asi0_8,regional_8,50,150,365,70,0,0.995,0.01,0.4529463432347434,0.1,0.5,50,0,0,0,0,0,0,0,0,0,0,0,0,0,0,0,0,0,0,0,0,0,0,0,0,0,0,-1020.2395,17,0,0.0,17,0,0,0,0,0,1
159,True,reg_8,request_scratch,cau100_afr0_asi0_8,regional_8,50,150,365,70,0,0.995,0.01,0.4506816115185697,0.1,0.5,50,0,0,0,0,0,0,0,0,0,0,0,0,0,0,0,0,0,0,0,0,0,0,0,0,0,0,-948.2395,15,0,48.0,15,0,0,0,0,0,1
160,True,reg_8,request_scratch,cau100_afr0_asi0_8,regional_8,50,150,365,70,0,0.995,0.01,0.4484282034609769,0.1,0.5,50,0,0,0,0,0,0,0,0,0,0,0,0,0,0,0,0,0,0,0,0,0,0,0,0,0,0,-1080.0345,18,0,0.0,18,0,0,0,1,0,0
161,True,reg_8,request_scratch,cau100_afr0_asi0_8,regional_8,50,150,365,70,0,0.995,0.01,0.446186062443672,0.1,0.5,50,0,0,0,0,0,0,0,0,0,0,0,0,0,0,0,0,0,0,0,0,0,0,0,0,0,0,-1630.31,25,0,130.0,25,0,0,0,0,1,1
162,True,reg_8,request_scratch,cau100_afr0_asi0_8,regional_8,50,150,365,70,0,0.995,0.01,0.4439551321314536,0.1,0.5,50,0,0,0,0,0,0,0,0,0,0,0,0,0,0,0,0,0,0,0,0,0,0,0,0,0,0,-1140.0,19,0,0.0,19,0,0,0,0,0,0
163,True,reg_8,request_scratch,cau100_afr0_asi0_8,regional_8,50,150,365,70,0,0.995,0.01,0.4417353564707963,0.1,0.5,50,0,0,0,0,0,0,0,0,0,0,0,0,0,0,0,0,0,0,0,0,0,0,0,0,0,0,-1243.0,19,0,103.0,19,0,0,0,0,0,0
164,True,reg_8,request_scratch,cau100_afr0_asi0_8,regional_8,50,150,365,70,0,0.995,0.01,0.43952667968844233,0.1,0.5,50,0,0,0,0,0,0,0,0,0,0,0,0,0,0,0,0,0,0,0,0,0,0,0,0,0,0,-840.0,14,0,0.0,14,0,0,0,0,0,0
165,True,reg_8,request_scratch,cau100_afr0_asi0_8,regional_8,50,150,365,70,0,0.995,0.01,0.43732904629000013,0.1,0.5,50,0,0,0,0,0,0,0,0,0,0,0,0,0,0,0,0,0,0,0,0,0,0,0,0,0,0,-1400.31,19,0,260.0,19,0,0,0,0,1,1
166,True,reg_8,request_scratch,cau100_afr0_asi0_8,regional_8,50,150,365,70,0,0.995,0.01,0.4351424010585501,0.1,0.5,50,0,0,0,0,0,0,0,0,0,0,0,0,0,0,0,0,0,0,0,0,0,0,0,0,0,0,-660.0,11,0,0.0,11,0,0,0,0,0,0
167,True,reg_8,request_scratch,cau100_afr0_asi0_8,regional_8,50,150,365,70,0,0.995,0.01,0.43296668905325736,0.1,0.5,50,0,0,0,0,0,0,0,0,0,0,0,0,0,0,0,0,0,0,0,0,0,0,0,0,0,0,-1724.0345,25,0,224.0,25,0,0,0,1,0,0
168,True,reg_8,request_scratch,cau100_afr0_asi0_8,regional_8,50,150,365,70,0,0.995,0.01,0.43080185560799106,0.1,0.5,50,0,0,0,0,0,0,0,0,0,0,0,0,0,0,0,0,0,0,0,0,0,0,0,0,0,0,-1620.5495,27,0,0.0,27,0,0,0,0,1,2
169,True,reg_8,request_scratch,cau100_afr0_asi0_8,regional_8,50,150,365,70,0,0.995,0.01,0.4286478463299511,0.1,0.5,50,0,0,0,0,0,0,0,0,0,0,0,0,0,0,0,0,0,0,0,0,0,0,0,0,0,0,-2275.0,35,0,175.0,35,0,0,0,0,0,0
170,True,reg_8,request_scratch,cau100_afr0_asi0_8,regional_8,50,150,365,70,0,0.995,0.01,0.42650460709830135,0.1,0.5,50,0,0,0,0,0,0,0,0,0,0,0,0,0,0,0,0,0,0,0,0,0,0,0,0,0,0,-1380.2395000000001,23,0,0.0,23,0,0,0,0,0,1
171,True,reg_8,request_scratch,cau100_afr0_asi0_8,regional_8,50,150,365,70,0,0.995,0.01,0.42437208406280985,0.1,0.5,50,0,0,0,0,0,0,0,0,0,0,0,0,0,0,0,0,0,0,0,0,0,0,0,0,0,0,-1746.7185,27,0,126.0,27,0,0,0,0,0,3
172,True,reg_8,request_scratch,cau100_afr0_asi0_8,regional_8,50,150,365,70,0,0.995,0.01,0.4222502236424958,0.1,0.5,50,0,0,0,0,0,0,0,0,0,0,0,0,0,0,0,0,0,0,0,0,0,0,0,0,0,0,-2100.2395,35,0,0.0,35,0,0,0,0,0,1
173,True,reg_8,request_scratch,cau100_afr0_asi0_8,regional_8,50,150,365,70,0,0.995,0.01,0.42013897252428334,0.1,0.5,50,0,0,0,0,0,0,0,0,0,0,0,0,0,0,0,0,0,0,0,0,0,0,0,0,0,0,-1907.2395,29,0,167.0,29,0,0,0,0,0,1
174,True,reg_8,request_scratch,cau100_afr0_asi0_8,regional_8,50,150,365,70,0,0.995,0.01,0.4180382776616619,0.1,0.5,50,0,0,0,0,0,0,0,0,0,0,0,0,0,0,0,0,0,0,0,0,0,0,0,0,0,0,-1920.0,32,0,0.0,32,0,0,0,0,0,0
175,True,reg_8,request_scratch,cau100_afr0_asi0_8,regional_8,50,150,365,70,0,0.995,0.01,0.4159480862733536,0.1,0.5,50,0,0,0,0,0,0,0,0,0,0,0,0,0,0,0,0,0,0,0,0,0,0,0,0,0,0,-2365.2394999999997,35,0,265.0,35,0,0,0,0,0,1
176,True,reg_8,request_scratch,cau100_afr0_asi0_8,regional_8,50,150,365,70,0,0.995,0.01,0.41386834584198684,0.1,0.5,50,0,0,0,0,0,0,0,0,0,0,0,0,0,0,0,0,0,0,0,0,0,0,0,0,0,0,-1620.0,27,0,0.0,27,0,0,0,0,0,0
177,True,reg_8,request_scratch,cau100_afr0_asi0_8,regional_8,50,150,365,70,0,0.995,0.01,0.4117990041127769,0.1,0.5,50,0,0,0,0,0,0,0,0,0,0,0,0,0,0,0,0,0,0,0,0,0,0,0,0,0,0,-2382.0,36,0,222.0,36,0,0,0,0,0,0
178,True,reg_8,request_scratch,cau100_afr0_asi0_8,regional_8,50,150,365,70,0,0.995,0.01,0.40974000909221303,0.1,0.5,50,0,0,0,0,0,0,0,0,0,0,0,0,0,0,0,0,0,0,0,0,0,0,0,0,0,0,-2220.0344999999998,37,0,0.0,37,0,0,0,1,0,0
179,True,reg_8,request_scratch,cau100_afr0_asi0_8,regional_8,50,150,365,70,0,0.995,0.01,0.40769130904675194,0.1,0.5,50,0,0,0,0,0,0,0,0,0,0,0,0,0,0,0,0,0,0,0,0,0,0,0,0,0,0,-1972.0,30,0,172.0,30,0,0,0,0,0,0
180,True,reg_8,request_scratch,cau100_afr0_asi0_8,regional_8,50,150,365,70,0,0.995,0.01,0.40565285250151817,0.1,0.5,50,0,0,0,0,0,0,0,0,0,0,0,0,0,0,0,0,0,0,0,0,0,0,0,0,0,0,-1860.0705,31,0,0.0,31,0,0,0,0,1,0
181,True,reg_8,request_scratch,cau100_afr0_asi0_8,regional_8,50,150,365,70,0,0.995,0.01,0.4036245882390106,0.1,0.5,50,0,0,0,0,0,0,0,0,0,0,0,0,0,0,0,0,0,0,0,0,0,0,0,0,0,0,-2004.0345,30,0,204.0,30,0,0,0,1,0,0
182,True,reg_8,request_scratch,cau100_afr0_asi0_8,regional_8,50,150,365,70,0,0.995,0.01,0.4016064652978155,0.1,0.5,50,0,0,0,0,0,0,0,0,0,0,0,0,0,0,0,0,0,0,0,0,0,0,0,0,0,0,-1140.0,19,0,0.0,19,0,0,0,0,0,0
183,True,reg_8,request_scratch,cau100_afr0_asi0_8,regional_8,50,150,365,70,0,0.995,0.01,0.3995984329713264,0.1,0.5,50,0,0,0,0,0,0,0,0,0,0,0,0,0,0,0,0,0,0,0,0,0,0,0,0,0,0,-1310.0,21,0,50.0,21,0,0,0,0,0,0
184,True,reg_8,request_scratch,cau100_afr0_asi0_8,regional_8,50,150,365,70,0,0.995,0.01,0.3976004408064698,0.1,0.5,50,0,0,0,0,0,0,0,0,0,0,0,0,0,0,0,0,0,0,0,0,0,0,0,0,0,0,-1894.2395000000001,31,0,34.0,31,0,0,0,0,0,1
185,True,reg_8,request_scratch,cau100_afr0_asi0_8,regional_8,50,150,365,70,0,0.995,0.01,0.39561243860243744,0.1,0.5,50,0,0,0,0,0,0,0,0,0,0,0,0,0,0,0,0,0,0,0,0,0,0,0,0,0,0,-1380.31,23,0,0.0,23,0,0,0,0,1,1
186,True,reg_8,request_scratch,cau100_afr0_asi0_8,regional_8,50,150,365,70,0,0.995,0.01,0.3936343764094253,0.1,0.5,50,0,0,0,0,0,0,0,0,0,0,0,0,0,0,0,0,0,0,0,0,0,0,0,0,0,0,-1928.0,30,0,128.0,30,0,0,0,0,0,0
187,True,reg_8,request_scratch,cau100_afr0_asi0_8,regional_8,50,150,365,70,0,0.995,0.01,0.39166620452737816,0.1,0.5,50,0,0,0,0,0,0,0,0,0,0,0,0,0,0,0,0,0,0,0,0,0,0,0,0,0,0,-1740.0,29,0,0.0,29,0,0,0,0,0,0
188,True,reg_8,request_scratch,cau100_afr0_asi0_8,regional_8,50,150,365,70,0,0.995,0.01,0.3897078735047413,0.1,0.5,50,0,0,0,0,0,0,0,0,0,0,0,0,0,0,0,0,0,0,0,0,0,0,0,0,0,0,-1690.0,27,0,70.0,27,0,0,0,0,0,0
189,True,reg_8,request_scratch,cau100_afr0_asi0_8,regional_8,50,150,365,70,0,0.995,0.01,0.3877593341372176,0.1,0.5,50,0,0,0,0,0,0,0,0,0,0,0,0,0,0,0,0,0,0,0,0,0,0,0,0,0,0,-2160.274,36,0,0.0,36,0,0,0,1,0,1
190,True,reg_8,request_scratch,cau100_afr0_asi0_8,regional_8,50,150,365,70,0,0.995,0.01,0.3858205374665315,0.1,0.5,50,0,0,0,0,0,0,0,0,0,0,0,0,0,0,0,0,0,0,0,0,0,0,0,0,0,0,-1934.0,28,0,254.0,28,0,0,0,0,0,0
191,True,reg_8,request_scratch,cau100_afr0_asi0_8,regional_8,50,150,365,70,0,0.995,0.01,0.38389143477919885,0.1,0.5,50,0,0,0,0,0,0,0,0,0,0,0,0,0,0,0,0,0,0,0,0,0,0,0,0,0,0,-780.3805,13,0,0.0,13,0,0,0,0,2,1
192,True,reg_8,request_scratch,cau100_afr0_asi0_8,regional_8,50,150,365,70,0,0.995,0.01,0.3819719776053028,0.1,0.5,50,0,0,0,0,0,0,0,0,0,0,0,0,0,0,0,0,0,0,0,0,0,0,0,0,0,0,-998.0,16,0,38.0,16,0,0,0,0,0,0
193,True,reg_8,request_scratch,cau100_afr0_asi0_8,regional_8,50,150,365,70,0,0.995,0.01,0.3800621177172763,0.1,0.5,50,0,0,0,0,0,0,0,0,0,0,0,0,0,0,0,0,0,0,0,0,0,0,0,0,0,0,-1320.2395000000001,22,0,0.0,22,0,0,0,0,0,1
194,True,reg_8,request_scratch,cau100_afr0_asi0_8,regional_8,50,150,365,70,0,0.995,0.01,0.37816180712868996,0.1,0.5,50,0,0,0,0,0,0,0,0,0,0,0,0,0,0,0,0,0,0,0,0,0,0,0,0,0,0,-1637.0,26,0,77.0,26,0,0,0,0,0,0
195,True,reg_8,request_scratch,cau100_afr0_asi0_8,regional_8,50,150,365,70,0,0.995,0.01,0.37627099809304654,0.1,0.5,50,0,0,0,0,0,0,0,0,0,0,0,0,0,0,0,0,0,0,0,0,0,0,0,0,0,0,-1320.0345,22,0,0.0,22,0,0,0,1,0,0
196,True,reg_8,request_scratch,cau100_afr0_asi0_8,regional_8,50,150,365,70,0,0.995,0.01,0.3743896431025813,0.1,0.5,50,0,0,0,0,0,0,0,0,0,0,0,0,0,0,0,0,0,0,0,0,0,0,0,0,0,0,-1521.274,24,0,81.0,24,0,0,0,1,0,1
197,True,reg_8,request_scratch,cau100_afr0_asi0_8,regional_8,50,150,365,70,0,0.995,0.01,0.37251769488706843,0.1,0.5,50,0,0,0,0,0,0,0,0,0,0,0,0,0,0,0,0,0,0,0,0,0,0,0,0,0,0,-1860.0,31,0,0.0,31,0,0,0,0,0,0
198,True,reg_8,request_scratch,cau100_afr0_asi0_8,regional_8,50,150,365,70,0,0.995,0.01,0.3706551064126331,0.1,0.5,50,0,0,0,0,0,0,0,0,0,0,0,0,0,0,0,0,0,0,0,0,0,0,0,0,0,0,-1824.0,28,0,144.0,28,0,0,0,0,0,0
199,True,reg_8,request_scratch,cau100_afr0_asi0_8,regional_8,50,150,365,70,0,0.995,0.01,0.36880183088056995,0.1,0.5,50,0,0,0,0,0,0,0,0,0,0,0,0,0,0,0,0,0,0,0,0,0,0,0,0,0,0,-2280.0,38,0,0.0,38,0,0,0,0,0,0
200,True,reg_8,request_scratch,cau100_afr0_asi0_8,regional_8,50,150,365,70,0,0.995,0.01,0.3669578217261671,0.1,0.5,50,0,0,0,0,0,0,0,0,0,0,0,0,0,0,0,0,0,0,0,0,0,0,0,0,0,0,-1410.0,20,0,210.0,20,0,0,0,0,0,0
201,True,reg_8,request_scratch,cau100_afr0_asi0_8,regional_8,50,150,365,70,0,0.995,0.01,0.36512303261753626,0.1,0.5,50,0,0,0,0,0,0,0,0,0,0,0,0,0,0,0,0,0,0,0,0,0,0,0,0,0,0,-1920.0,32,0,0.0,32,0,0,0,0,0,0
202,True,reg_8,request_scratch,cau100_afr0_asi0_8,regional_8,50,150,365,70,0,0.995,0.01,0.3632974174544486,0.1,0.5,50,0,0,0,0,0,0,0,0,0,0,0,0,0,0,0,0,0,0,0,0,0,0,0,0,0,0,-1507.0705,22,0,187.0,22,0,0,0,0,1,0
203,True,reg_8,request_scratch,cau100_afr0_asi0_8,regional_8,50,150,365,70,0,0.995,0.01,0.3614809303671764,0.1,0.5,50,0,0,0,0,0,0,0,0,0,0,0,0,0,0,0,0,0,0,0,0,0,0,0,0,0,0,-1620.0,27,0,0.0,27,0,0,0,0,0,0
204,True,reg_8,request_scratch,cau100_afr0_asi0_8,regional_8,50,150,365,70,0,0.995,0.01,0.3596735257153405,0.1,0.5,50,0,0,0,0,0,0,0,0,0,0,0,0,0,0,0,0,0,0,0,0,0,0,0,0,0,0,-1732.2395,27,0,112.0,27,0,0,0,0,0,1
205,True,reg_8,request_scratch,cau100_afr0_asi0_8,regional_8,50,150,365,70,0,0.995,0.01,0.3578751580867638,0.1,0.5,50,0,0,0,0,0,0,0,0,0,0,0,0,0,0,0,0,0,0,0,0,0,0,0,0,0,0,-1560.0,26,0,0.0,26,0,0,0,0,0,0
206,True,reg_8,request_scratch,cau100_afr0_asi0_8,regional_8,50,150,365,70,0,0.995,0.01,0.35608578229633,0.1,0.5,50,0,0,0,0,0,0,0,0,0,0,0,0,0,0,0,0,0,0,0,0,0,0,0,0,0,0,-1239.0,19,0,99.0,19,0,0,0,0,0,0
207,True,reg_8,request_scratch,cau100_afr0_asi0_8,regional_8,50,150,365,70,0,0.995,0.01,0.3543053533848483,0.1,0.5,50,0,0,0,0,0,0,0,0,0,0,0,0,0,0,0,0,0,0,0,0,0,0,0,0,0,0,-2280.0344999999998,38,0,0.0,38,0,0,0,1,0,0
208,True,reg_8,request_scratch,cau100_afr0_asi0_8,regional_8,50,150,365,70,0,0.995,0.01,0.35253382661792404,0.1,0.5,50,0,0,0,0,0,0,0,0,0,0,0,0,0,0,0,0,0,0,0,0,0,0,0,0,0,0,-1260.0,21,0,0.0,21,0,0,0,0,0,0
209,True,reg_8,request_scratch,cau100_afr0_asi0_8,regional_8,50,150,365,70,0,0.995,0.01,0.3507711574848344,0.1,0.5,50,0,0,0,0,0,0,0,0,0,0,0,0,0,0,0,0,0,0,0,0,0,0,0,0,0,0,-1440.2395000000001,24,0,0.0,24,0,0,0,0,0,1
210,True,reg_8,request_scratch,cau100_afr0_asi0_8,regional_8,50,150,365,70,0,0.995,0.01,0.34901730169741024,0.1,0.5,50,0,0,0,0,0,0,0,0,0,0,0,0,0,0,0,0,0,0,0,0,0,0,0,0,0,0,-1465.0,23,0,85.0,23,0,0,0,0,0,0
211,True,reg_8,request_scratch,cau100_afr0_asi0_8,regional_8,50,150,365,70,0,0.995,0.01,0.3472722151889232,0.1,0.5,50,0,0,0,0,0,0,0,0,0,0,0,0,0,0,0,0,0,0,0,0,0,0,0,0,0,0,-1920.0,32,0,0.0,32,0,0,0,0,0,0
212,True,reg_8,request_scratch,cau100_afr0_asi0_8,regional_8,50,150,365,70,0,0.995,0.01,0.3455358541129786,0.1,0.5,50,0,0,0,0,0,0,0,0,0,0,0,0,0,0,0,0,0,0,0,0,0,0,0,0,0,0,-1817.0,27,0,197.0,27,0,0,0,0,0,0
213,True,reg_8,request_scratch,cau100_afr0_asi0_8,regional_8,50,150,365,70,0,0.995,0.01,0.3438081748424137,0.1,0.5,50,0,0,0,0,0,0,0,0,0,0,0,0,0,0,0,0,0,0,0,0,0,0,0,0,0,0,-1260.0,21,0,0.0,21,0,0,0,0,0,0
214,True,reg_8,request_scratch,cau100_afr0_asi0_8,regional_8,50,150,365,70,0,0.995,0.01,0.3420891339682016,0.1,0.5,50,0,0,0,0,0,0,0,0,0,0,0,0,0,0,0,0,0,0,0,0,0,0,0,0,0,0,-1344.0,21,0,84.0,21,0,0,0,0,0,0
215,True,reg_8,request_scratch,cau100_afr0_asi0_8,regional_8,50,150,365,70,0,0.995,0.01,0.3403786882983606,0.1,0.5,50,0,0,0,0,0,0,0,0,0,0,0,0,0,0,0,0,0,0,0,0,0,0,0,0,0,0,-1380.0345,23,0,0.0,23,0,0,0,1,0,0
216,True,reg_8,request_scratch,cau100_afr0_asi0_8,regional_8,50,150,365,70,0,0.995,0.01,0.3386767948568688,0.1,0.5,50,0,0,0,0,0,0,0,0,0,0,0,0,0,0,0,0,0,0,0,0,0,0,0,0,0,0,-1881.0,27,0,261.0,27,0,0,0,0,0,0
217,True,reg_8,request_scratch,cau100_afr0_asi0_8,regional_8,50,150,365,70,0,0.995,0.01,0.33698341088258443,0.1,0.5,50,0,0,0,0,0,0,0,0,0,0,0,0,0,0,0,0,0,0,0,0,0,0,0,0,0,0,-1380.0,23,0,0.0,23,0,0,0,0,0,0
218,True,reg_8,request_scratch,cau100_afr0_asi0_8,regional_8,50,150,365,70,0,0.995,0.01,0.3352984938281715,0.1,0.5,50,0,0,0,0,0,0,0,0,0,0,0,0,0,0,0,0,0,0,0,0,0,0,0,0,0,0,-1146.274,17,0,126.0,17,0,0,0,1,0,1
219,True,reg_8,request_scratch,cau100_afr0_asi0_8,regional_8,50,150,365,70,0,0.995,0.01,0.33362200135903064,0.1,0.5,50,0,0,0,0,0,0,0,0,0,0,0,0,0,0,0,0,0,0,0,0,0,0,0,0,0,0,-1440.0705,24,0,0.0,24,0,0,0,0,1,0
220,True,reg_8,request_scratch,cau100_afr0_asi0_8,regional_8,50,150,365,70,0,0.995,0.01,0.33195389135223546,0.1,0.5,50,0,0,0,0,0,0,0,0,0,0,0,0,0,0,0,0,0,0,0,0,0,0,0,0,0,0,-2314.0,37,0,94.0,37,0,0,0,0,0,0
221,True,reg_8,request_scratch,cau100_afr0_asi0_8,regional_8,50,150,365,70,0,0.995,0.01,0.3302941218954743,0.1,0.5,50,0,0,0,0,0,0,0,0,0,0,0,0,0,0,0,0,0,0,0,0,0,0,0,0,0,0,-1380.2395000000001,23,0,0.0,23,0,0,0,0,0,1
222,True,reg_8,request_scratch,cau100_afr0_asi0_8,regional_8,50,150,365,70,0,0.995,0.01,0.32864265128599696,0.1,0.5,50,0,0,0,0,0,0,0,0,0,0,0,0,0,0,0,0,0,0,0,0,0,0,0,0,0,0,-1800.0,27,0,180.0,27,0,0,0,0,0,0
223,True,reg_8,request_scratch,cau100_afr0_asi0_8,regional_8,50,150,365,70,0,0.995,0.01,0.326999438029567,0.1,0.5,50,0,0,0,0,0,0,0,0,0,0,0,0,0,0,0,0,0,0,0,0,0,0,0,0,0,0,-2700.0,45,0,0.0,45,0,0,0,0,0,0
224,True,reg_8,request_scratch,cau100_afr0_asi0_8,regional_8,50,150,365,70,0,0.995,0.01,0.3253644408394192,0.1,0.5,50,0,0,0,0,0,0,0,0,0,0,0,0,0,0,0,0,0,0,0,0,0,0,0,0,0,0,-1637.0,26,0,77.0,26,0,0,0,0,0,0
225,True,reg_8,request_scratch,cau100_afr0_asi0_8,regional_8,50,150,365,70,0,0.995,0.01,0.3237376186352221,0.1,0.5,50,0,0,0,0,0,0,0,0,0,0,0,0,0,0,0,0,0,0,0,0,0,0,0,0,0,0,-1622.5495,26,0,62.0,26,0,0,0,0,1,2
226,True,reg_8,request_scratch,cau100_afr0_asi0_8,regional_8,50,150,365,70,0,0.995,0.01,0.322118930542046,0.1,0.5,50,0,0,0,0,0,0,0,0,0,0,0,0,0,0,0,0,0,0,0,0,0,0,0,0,0,0,-2482.0,34,0,442.0,34,0,0,0,0,0,0
227,True,reg_8,request_scratch,cau100_afr0_asi0_8,regional_8,50,150,365,70,0,0.995,0.01,0.32050833588933575,0.1,0.5,50,0,0,0,0,0,0,0,0,0,0,0,0,0,0,0,0,0,0,0,0,0,0,0,0,0,0,-2040.0,34,0,0.0,34,0,0,0,0,0,0
228,True,reg_8,request_scratch,cau100_afr0_asi0_8,regional_8,50,150,365,70,0,0.995,0.01,0.31890579420988907,0.1,0.5,50,0,0,0,0,0,0,0,0,0,0,0,0,0,0,0,0,0,0,0,0,0,0,0,0,0,0,-1902.3100000000002,29,0,162.0,29,0,0,0,0,1,1
229,True,reg_8,request_scratch,cau100_afr0_asi0_8,regional_8,50,150,365,70,0,0.995,0.01,0.3173112652388396,0.1,0.5,50,0,0,0,0,0,0,0,0,0,0,0,0,0,0,0,0,0,0,0,0,0,0,0,0,0,0,-1500.0345,25,0,0.0,25,0,0,0,1,0,0
230,True,reg_8,request_scratch,cau100_afr0_asi0_8,regional_8,50,150,365,70,0,0.995,0.01,0.3157247089126454,0.1,0.5,50,0,0,0,0,0,0,0,0,0,0,0,0,0,0,0,0,0,0,0,0,0,0,0,0,0,0,-1443.0345,23,0,63.0,23,0,0,0,1,0,0
231,True,reg_8,request_scratch,cau100_afr0_asi0_8,regional_8,50,150,365,70,0,0.995,0.01,0.3141460853680822,0.1,0.5,50,0,0,0,0,0,0,0,0,0,0,0,0,0,0,0,0,0,0,0,0,0,0,0,0,0,0,-1920.2395000000001,32,0,0.0,32,0,0,0,0,0,1
232,True,reg_8,request_scratch,cau100_afr0_asi0_8,regional_8,50,150,365,70,0,0.995,0.01,0.3125753549412418,0.1,0.5,50,0,0,0,0,0,0,0,0,0,0,0,0,0,0,0,0,0,0,0,0,0,0,0,0,0,0,-2724.105,41,0,264.0,41,0,0,0,1,1,0
233,True,reg_8,request_scratch,cau100_afr0_asi0_8,regional_8,50,150,365,70,0,0.995,0.01,0.31101247816653554,0.1,0.5,50,0,0,0,0,0,0,0,0,0,0,0,0,0,0,0,0,0,0,0,0,0,0,0,0,0,0,-1380.0,23,0,0.0,23,0,0,0,0,0,0
234,True,reg_8,request_scratch,cau100_afr0_asi0_8,regional_8,50,150,365,70,0,0.995,0.01,0.30945741577570285,0.1,0.5,50,0,0,0,0,0,0,0,0,0,0,0,0,0,0,0,0,0,0,0,0,0,0,0,0,0,0,-1638.0,26,0,78.0,26,0,0,0,0,0,0
235,True,reg_8,request_scratch,cau100_afr0_asi0_8,regional_8,50,150,365,70,0,0.995,0.01,0.3079101286968243,0.1,0.5,50,0,0,0,0,0,0,0,0,0,0,0,0,0,0,0,0,0,0,0,0,0,0,0,0,0,0,-2042.2740000000001,33,0,62.0,33,0,0,0,1,0,1
236,True,reg_8,request_scratch,cau100_afr0_asi0_8,regional_8,50,150,365,70,0,0.995,0.01,0.3063705780533402,0.1,0.5,50,0,0,0,0,0,0,0,0,0,0,0,0,0,0,0,0,0,0,0,0,0,0,0,0,0,0,-1885.0,29,0,145.0,29,0,0,0,0,0,0
237,True,reg_8,request_scratch,cau100_afr0_asi0_8,regional_8,50,150,365,70,0,0.995,0.01,0.30483872516307353,0.1,0.5,50,0,0,0,0,0,0,0,0,0,0,0,0,0,0,0,0,0,0,0,0,0,0,0,0,0,0,-1804.2395,29,0,64.0,29,0,0,0,0,0,1
238,True,reg_8,request_scratch,cau100_afr0_asi0_8,regional_8,50,150,365,70,0,0.995,0.01,0.3033145315372582,0.1,0.5,50,0,0,0,0,0,0,0,0,0,0,0,0,0,0,0,0,0,0,0,0,0,0,0,0,0,0,-1916.0345,30,0,116.0,30,0,0,0,1,0,0
239,True,reg_8,request_scratch,cau100_afr0_asi0_8,regional_8,50,150,365,70,0,0.995,0.01,0.3017979588795719,0.1,0.5,50,0,0,0,0,0,0,0,0,0,0,0,0,0,0,0,0,0,0,0,0,0,0,0,0,0,0,-1800.0,29,0,60.0,29,0,0,0,0,0,0
240,True,reg_8,request_scratch,cau100_afr0_asi0_8,regional_8,50,150,365,70,0,0.995,0.01,0.30028896908517405,0.1,0.5,50,0,0,0,0,0,0,0,0,0,0,0,0,0,0,0,0,0,0,0,0,0,0,0,0,0,0,-2003.0,31,0,143.0,31,0,0,0,0,0,0
241,True,reg_8,request_scratch,cau100_afr0_asi0_8,regional_8,50,150,365,70,0,0.995,0.01,0.2987875242397482,0.1,0.5,50,0,0,0,0,0,0,0,0,0,0,0,0,0,0,0,0,0,0,0,0,0,0,0,0,0,0,-2280.0,38,0,0.0,38,0,0,0,0,0,0
242,True,reg_8,request_scratch,cau100_afr0_asi0_8,regional_8,50,150,365,70,0,0.995,0.01,0.29729358661854943,0.1,0.5,50,0,0,0,0,0,0,0,0,0,0,0,0,0,0,0,0,0,0,0,0,0,0,0,0,0,0,-715.0,11,0,55.0,11,0,0,0,0,0,0
243,True,reg_8,request_scratch,cau100_afr0_asi0_8,regional_8,50,150,365,70,0,0.995,0.01,0.29580711868545667,0.1,0.5,50,0,0,0,0,0,0,0,0,0,0,0,0,0,0,0,0,0,0,0,0,0,0,0,0,0,0,-1440.2395000000001,24,0,0.0,24,0,0,0,0,0,1
244,True,reg_8,request_scratch,cau100_afr0_asi0_8,regional_8,50,150,365,70,0,0.995,0.01,0.2943280830920294,0.1,0.5,50,0,0,0,0,0,0,0,0,0,0,0,0,0,0,0,0,0,0,0,0,0,0,0,0,0,0,-1166.0,19,0,26.0,19,0,0,0,0,0,0
245,True,reg_8,request_scratch,cau100_afr0_asi0_8,regional_8,50,150,365,70,0,0.995,0.01,0.29285644267656924,0.1,0.5,50,0,0,0,0,0,0,0,0,0,0,0,0,0,0,0,0,0,0,0,0,0,0,0,0,0,0,-1800.105,30,0,0.0,30,0,0,0,1,1,0
246,True,reg_8,request_scratch,cau100_afr0_asi0_8,regional_8,50,150,365,70,0,0.995,0.01,0.2913921604631864,0.1,0.5,50,0,0,0,0,0,0,0,0,0,0,0,0,0,0,0,0,0,0,0,0,0,0,0,0,0,0,-1203.0,19,0,63.0,19,0,0,0,0,0,0
247,True,reg_8,request_scratch,cau100_afr0_asi0_8,regional_8,50,150,365,70,0,0.995,0.01,0.28993519966087045,0.1,0.5,50,0,0,0,0,0,0,0,0,0,0,0,0,0,0,0,0,0,0,0,0,0,0,0,0,0,0,-1902.0,30,0,102.0,30,0,0,0,0,0,0
248,True,reg_8,request_scratch,cau100_afr0_asi0_8,regional_8,50,150,365,70,0,0.995,0.01,0.2884855236625661,0.1,0.5,50,0,0,0,0,0,0,0,0,0,0,0,0,0,0,0,0,0,0,0,0,0,0,0,0,0,0,-588.0,8,0,108.0,8,0,0,0,0,0,0
249,True,reg_8,request_scratch,cau100_afr0_asi0_8,regional_8,50,150,365,70,0,0.995,0.01,0.28704309604425327,0.1,0.5,50,0,0,0,0,0,0,0,0,0,0,0,0,0,0,0,0,0,0,0,0,0,0,0,0,0,0,-3000.105,50,0,0.0,50,0,0,0,1,1,0
250,True,reg_8,request_scratch,cau100_afr0_asi0_8,regional_8,50,150,365,70,0,0.995,0.01,0.285607880564032,0.1,0.5,50,0,0,0,0,0,0,0,0,0,0,0,0,0,0,0,0,0,0,0,0,0,0,0,0,0,0,-1128.0,17,0,108.0,17,0,0,0,0,0,0
251,True,reg_8,request_scratch,cau100_afr0_asi0_8,regional_8,50,150,365,70,0,0.995,0.01,0.28417984116121187,0.1,0.5,50,0,0,0,0,0,0,0,0,0,0,0,0,0,0,0,0,0,0,0,0,0,0,0,0,0,0,-1408.479,23,0,28.0,23,0,0,0,0,0,2
252,True,reg_8,request_scratch,cau100_afr0_asi0_8,regional_8,50,150,365,70,0,0.995,0.01,0.2827589419554058,0.1,0.5,50,0,0,0,0,0,0,0,0,0,0,0,0,0,0,0,0,0,0,0,0,0,0,0,0,0,0,-1701.0,27,0,81.0,27,0,0,0,0,0,0
253,True,reg_8,request_scratch,cau100_afr0_asi0_8,regional_8,50,150,365,70,0,0.995,0.01,0.28134514724562876,0.1,0.5,50,0,0,0,0,0,0,0,0,0,0,0,0,0,0,0,0,0,0,0,0,0,0,0,0,0,0,-3604.2395,56,0,244.0,56,0,0,0,0,0,1
254,True,reg_8,request_scratch,cau100_afr0_asi0_8,regional_8,50,150,365,70,0,0.995,0.01,0.2799384215094006,0.1,0.5,50,0,0,0,0,0,0,0,0,0,0,0,0,0,0,0,0,0,0,0,0,0,0,0,0,0,0,-1526.0,25,0,26.0,25,0,0,0,0,0,0
255,True,reg_8,request_scratch,cau100_afr0_asi0_8,regional_8,50,150,365,70,0,0.995,0.01,0.27853872940185365,0.1,0.5,50,0,0,0,0,0,0,0,0,0,0,0,0,0,0,0,0,0,0,0,0,0,0,0,0,0,0,-2642.0,41,0,182.0,41,0,0,0,0,0,0
256,True,reg_8,request_scratch,cau100_afr0_asi0_8,regional_8,50,150,365,70,0,0.995,0.01,0.27714603575484437,0.1,0.5,50,0,0,0,0,0,0,0,0,0,0,0,0,0,0,0,0,0,0,0,0,0,0,0,0,0,0,-1260.0,21,0,0.0,21,0,0,0,0,0,0
257,True,reg_8,request_scratch,cau100_afr0_asi0_8,regional_8,50,150,365,70,0,0.995,0.01,0.2757603055760701,0.1,0.5,50,0,0,0,0,0,0,0,0,0,0,0,0,0,0,0,0,0,0,0,0,0,0,0,0,0,0,-2192.0,31,0,332.0,31,0,0,0,0,0,0
258,True,reg_8,request_scratch,cau100_afr0_asi0_8,regional_8,50,150,365,70,0,0.995,0.01,0.2743815040481898,0.1,0.5,50,0,0,0,0,0,0,0,0,0,0,0,0,0,0,0,0,0,0,0,0,0,0,0,0,0,0,-1440.0345,24,0,0.0,24,0,0,0,1,0,0
259,True,reg_8,request_scratch,cau100_afr0_asi0_8,regional_8,50,150,365,70,0,0.995,0.01,0.2730095965279488,0.1,0.5,50,0,0,0,0,0,0,0,0,0,0,0,0,0,0,0,0,0,0,0,0,0,0,0,0,0,0,-2019.0,32,0,99.0,32,0,0,0,0,0,0
260,True,reg_8,request_scratch,cau100_afr0_asi0_8,regional_8,50,150,365,70,0,0.995,0.01,0.27164454854530906,0.1,0.5,50,0,0,0,0,0,0,0,0,0,0,0,0,0,0,0,0,0,0,0,0,0,0,0,0,0,0,-1616.0,26,0,56.0,26,0,0,0,0,0,0
261,True,reg_8,request_scratch,cau100_afr0_asi0_8,regional_8,50,150,365,70,0,0.995,0.01,0.2702863258025825,0.1,0.5,50,0,0,0,0,0,0,0,0,0,0,0,0,0,0,0,0,0,0,0,0,0,0,0,0,0,0,-2176.0,32,0,256.0,32,0,0,0,0,0,0
262,True,reg_8,request_scratch,cau100_afr0_asi0_8,regional_8,50,150,365,70,0,0.995,0.01,0.2689348941735696,0.1,0.5,50,0,0,0,0,0,0,0,0,0,0,0,0,0,0,0,0,0,0,0,0,0,0,0,0,0,0,-2760.0705,46,0,0.0,46,0,0,0,0,1,0
263,True,reg_8,request_scratch,cau100_afr0_asi0_8,regional_8,50,150,365,70,0,0.995,0.01,0.26759021970270175,0.1,0.5,50,0,0,0,0,0,0,0,0,0,0,0,0,0,0,0,0,0,0,0,0,0,0,0,0,0,0,-2143.2394999999997,29,0,403.0,29,0,0,0,0,0,1
264,True,reg_8,request_scratch,cau100_afr0_asi0_8,regional_8,50,150,365,70,0,0.995,0.01,0.2662522686041882,0.1,0.5,50,0,0,0,0,0,0,0,0,0,0,0,0,0,0,0,0,0,0,0,0,0,0,0,0,0,0,-2460.6185,41,0,0.0,41,0,0,0,2,1,2
265,True,reg_8,request_scratch,cau100_afr0_asi0_8,regional_8,50,150,365,70,0,0.995,0.01,0.2649210072611673,0.1,0.5,50,0,0,0,0,0,0,0,0,0,0,0,0,0,0,0,0,0,0,0,0,0,0,0,0,0,0,-1354.0,19,0,214.0,19,0,0,0,0,0,0
266,True,reg_8,request_scratch,cau100_afr0_asi0_8,regional_8,50,150,365,70,0,0.995,0.01,0.26359640222486147,0.1,0.5,50,0,0,0,0,0,0,0,0,0,0,0,0,0,0,0,0,0,0,0,0,0,0,0,0,0,0,-1680.0,28,0,0.0,28,0,0,0,0,0,0
267,True,reg_8,request_scratch,cau100_afr0_asi0_8,regional_8,50,150,365,70,0,0.995,0.01,0.26227842021373715,0.1,0.5,50,0,0,0,0,0,0,0,0,0,0,0,0,0,0,0,0,0,0,0,0,0,0,0,0,0,0,-1311.2395000000001,20,0,111.0,20,0,0,0,0,0,1
268,True,reg_8,request_scratch,cau100_afr0_asi0_8,regional_8,50,150,365,70,0,0.995,0.01,0.2609670281126685,0.1,0.5,50,0,0,0,0,0,0,0,0,0,0,0,0,0,0,0,0,0,0,0,0,0,0,0,0,0,0,-1920.0,32,0,0.0,32,0,0,0,0,0,0
269,True,reg_8,request_scratch,cau100_afr0_asi0_8,regional_8,50,150,365,70,0,0.995,0.01,0.25966219297210513,0.1,0.5,50,0,0,0,0,0,0,0,0,0,0,0,0,0,0,0,0,0,0,0,0,0,0,0,0,0,0,-1200.0,19,0,60.0,19,0,0,0,0,0,0
270,True,reg_8,request_scratch,cau100_afr0_asi0_8,regional_8,50,150,365,70,0,0.995,0.01,0.2583638820072446,0.1,0.5,50,0,0,0,0,0,0,0,0,0,0,0,0,0,0,0,0,0,0,0,0,0,0,0,0,0,0,-1860.0,31,0,0.0,31,0,0,0,0,0,0
271,True,reg_8,request_scratch,cau100_afr0_asi0_8,regional_8,50,150,365,70,0,0.995,0.01,0.2570720625972084,0.1,0.5,50,0,0,0,0,0,0,0,0,0,0,0,0,0,0,0,0,0,0,0,0,0,0,0,0,0,0,-1409.0,21,0,149.0,21,0,0,0,0,0,0
272,True,reg_8,request_scratch,cau100_afr0_asi0_8,regional_8,50,150,365,70,0,0.995,0.01,0.25578670228422234,0.1,0.5,50,0,0,0,0,0,0,0,0,0,0,0,0,0,0,0,0,0,0,0,0,0,0,0,0,0,0,-1800.0,30,0,0.0,30,0,0,0,0,0,0
273,True,reg_8,request_scratch,cau100_afr0_asi0_8,regional_8,50,150,365,70,0,0.995,0.01,0.25450776877280124,0.1,0.5,50,0,0,0,0,0,0,0,0,0,0,0,0,0,0,0,0,0,0,0,0,0,0,0,0,0,0,-1300.0,20,0,100.0,20,0,0,0,0,0,0
274,True,reg_8,request_scratch,cau100_afr0_asi0_8,regional_8,50,150,365,70,0,0.995,0.01,0.2532352299289372,0.1,0.5,50,0,0,0,0,0,0,0,0,0,0,0,0,0,0,0,0,0,0,0,0,0,0,0,0,0,0,-2220.0,37,0,0.0,37,0,0,0,0,0,0
275,True,reg_8,request_scratch,cau100_afr0_asi0_8,regional_8,50,150,365,70,0,0.995,0.01,0.2519690537792925,0.1,0.5,50,0,0,0,0,0,0,0,0,0,0,0,0,0,0,0,0,0,0,0,0,0,0,0,0,0,0,-1742.0,26,0,182.0,26,0,0,0,0,0,0
276,True,reg_8,request_scratch,cau100_afr0_asi0_8,regional_8,50,150,365,70,0,0.995,0.01,0.2507092085103961,0.1,0.5,50,0,0,0,0,0,0,0,0,0,0,0,0,0,0,0,0,0,0,0,0,0,0,0,0,0,0,-1140.0,19,0,0.0,19,0,0,0,0,0,0
277,True,reg_8,request_scratch,cau100_afr0_asi0_8,regional_8,50,150,365,70,0,0.995,0.01,0.2494556624678441,0.1,0.5,50,0,0,0,0,0,0,0,0,0,0,0,0,0,0,0,0,0,0,0,0,0,0,0,0,0,0,-1024.0,16,0,64.0,16,0,0,0,0,0,0
278,True,reg_8,request_scratch,cau100_afr0_asi0_8,regional_8,50,150,365,70,0,0.995,0.01,0.24820838415550486,0.1,0.5,50,0,0,0,0,0,0,0,0,0,0,0,0,0,0,0,0,0,0,0,0,0,0,0,0,0,0,-1140.0345,19,0,0.0,19,0,0,0,1,0,0
279,True,reg_8,request_scratch,cau100_afr0_asi0_8,regional_8,50,150,365,70,0,0.995,0.01,0.24696734223472733,0.1,0.5,50,0,0,0,0,0,0,0,0,0,0,0,0,0,0,0,0,0,0,0,0,0,0,0,0,0,0,-812.0,13,0,32.0,13,0,0,0,0,0,0
280,True,reg_8,request_scratch,cau100_afr0_asi0_8,regional_8,50,150,365,70,0,0.995,0.01,0.2457325055235537,0.1,0.5,50,0,0,0,0,0,0,0,0,0,0,0,0,0,0,0,0,0,0,0,0,0,0,0,0,0,0,-1620.0,27,0,0.0,27,0,0,0,0,0,0
281,True,reg_8,request_scratch,cau100_afr0_asi0_8,regional_8,50,150,365,70,0,0.995,0.01,0.24450384299593592,0.1,0.5,50,0,0,0,0,0,0,0,0,0,0,0,0,0,0,0,0,0,0,0,0,0,0,0,0,0,0,-1216.0,19,0,76.0,19,0,0,0,0,0,0
282,True,reg_8,request_scratch,cau100_afr0_asi0_8,regional_8,50,150,365,70,0,0.995,0.01,0.24328132378095624,0.1,0.5,50,0,0,0,0,0,0,0,0,0,0,0,0,0,0,0,0,0,0,0,0,0,0,0,0,0,0,-2220.0,37,0,0.0,37,0,0,0,0,0,0
283,True,reg_8,request_scratch,cau100_afr0_asi0_8,regional_8,50,150,365,70,0,0.995,0.01,0.24206491716205145,0.1,0.5,50,0,0,0,0,0,0,0,0,0,0,0,0,0,0,0,0,0,0,0,0,0,0,0,0,0,0,-1838.0,25,0,338.0,25,0,0,0,0,0,0
284,True,reg_8,request_scratch,cau100_afr0_asi0_8,regional_8,50,150,365,70,0,0.995,0.01,0.2408545925762412,0.1,0.5,50,0,0,0,0,0,0,0,0,0,0,0,0,0,0,0,0,0,0,0,0,0,0,0,0,0,0,-1320.479,22,0,0.0,22,0,0,0,0,0,2
285,True,reg_8,request_scratch,cau100_afr0_asi0_8,regional_8,50,150,365,70,0,0.995,0.01,0.23965031961336,0.1,0.5,50,0,0,0,0,0,0,0,0,0,0,0,0,0,0,0,0,0,0,0,0,0,0,0,0,0,0,-1384.0,21,0,124.0,21,0,0,0,0,0,0
286,True,reg_8,request_scratch,cau100_afr0_asi0_8,regional_8,50,150,365,70,0,0.995,0.01,0.2384520680152932,0.1,0.5,50,0,0,0,0,0,0,0,0,0,0,0,0,0,0,0,0,0,0,0,0,0,0,0,0,0,0,-1560.0,26,0,0.0,26,0,0,0,0,0,0
287,True,reg_8,request_scratch,cau100_afr0_asi0_8,regional_8,50,150,365,70,0,0.995,0.01,0.23725980767521673,0.1,0.5,50,0,0,0,0,0,0,0,0,0,0,0,0,0,0,0,0,0,0,0,0,0,0,0,0,0,0,-1672.0,26,0,112.0,26,0,0,0,0,0,0
288,True,reg_8,request_scratch,cau100_afr0_asi0_8,regional_8,50,150,365,70,0,0.995,0.01,0.23607350863684065,0.1,0.5,50,0,0,0,0,0,0,0,0,0,0,0,0,0,0,0,0,0,0,0,0,0,0,0,0,0,0,-855.0,14,0,15.0,14,0,0,0,0,0,0
289,True,reg_8,request_scratch,cau100_afr0_asi0_8,regional_8,50,150,365,70,0,0.995,0.01,0.23489314109365644,0.1,0.5,50,0,0,0,0,0,0,0,0,0,0,0,0,0,0,0,0,0,0,0,0,0,0,0,0,0,0,-1315.5134999999998,20,0,115.0,20,0,0,0,1,0,2
290,True,reg_8,request_scratch,cau100_afr0_asi0_8,regional_8,50,150,365,70,0,0.995,0.01,0.23371867538818816,0.1,0.5,50,0,0,0,0,0,0,0,0,0,0,0,0,0,0,0,0,0,0,0,0,0,0,0,0,0,0,-1380.0,23,0,0.0,23,0,0,0,0,0,0
291,True,reg_8,request_scratch,cau100_afr0_asi0_8,regional_8,50,150,365,70,0,0.995,0.01,0.23255008201124722,0.1,0.5,50,0,0,0,0,0,0,0,0,0,0,0,0,0,0,0,0,0,0,0,0,0,0,0,0,0,0,-960.0,15,0,60.0,15,0,0,0,0,0,0
292,True,reg_8,request_scratch,cau100_afr0_asi0_8,regional_8,50,150,365,70,0,0.995,0.01,0.231387331601191,0.1,0.5,50,0,0,0,0,0,0,0,0,0,0,0,0,0,0,0,0,0,0,0,0,0,0,0,0,0,0,-2179.0,35,0,79.0,35,0,0,0,0,0,0
293,True,reg_8,request_scratch,cau100_afr0_asi0_8,regional_8,50,150,365,70,0,0.995,0.01,0.23023039494318503,0.1,0.5,50,0,0,0,0,0,0,0,0,0,0,0,0,0,0,0,0,0,0,0,0,0,0,0,0,0,0,-1885.0,29,0,145.0,29,0,0,0,0,0,0
294,True,reg_8,request_scratch,cau100_afr0_asi0_8,regional_8,50,150,365,70,0,0.995,0.01,0.2290792429684691,0.1,0.5,50,0,0,0,0,0,0,0,0,0,0,0,0,0,0,0,0,0,0,0,0,0,0,0,0,0,0,-1955.0345,32,0,35.0,32,0,0,0,1,0,0
295,True,reg_8,request_scratch,cau100_afr0_asi0_8,regional_8,50,150,365,70,0,0.995,0.01,0.22793384675362674,0.1,0.5,50,0,0,0,0,0,0,0,0,0,0,0,0,0,0,0,0,0,0,0,0,0,0,0,0,0,0,-1085.31,16,0,125.0,16,0,0,0,0,1,1
296,True,reg_8,request_scratch,cau100_afr0_asi0_8,regional_8,50,150,365,70,0,0.995,0.01,0.22679417751985861,0.1,0.5,50,0,0,0,0,0,0,0,0,0,0,0,0,0,0,0,0,0,0,0,0,0,0,0,0,0,0,-2040.0,34,0,0.0,34,0,0,0,0,0,0
297,True,reg_8,request_scratch,cau100_afr0_asi0_8,regional_8,50,150,365,70,0,0.995,0.01,0.22566020663225933,0.1,0.5,50,0,0,0,0,0,0,0,0,0,0,0,0,0,0,0,0,0,0,0,0,0,0,0,0,0,0,-861.0,13,0,81.0,13,0,0,0,0,0,0
298,True,reg_8,request_scratch,cau100_afr0_asi0_8,regional_8,50,150,365,70,0,0.995,0.01,0.22453190559909803,0.1,0.5,50,0,0,0,0,0,0,0,0,0,0,0,0,0,0,0,0,0,0,0,0,0,0,0,0,0,0,-1992.0,31,0,132.0,31,0,0,0,0,0,0
299,True,reg_8,request_scratch,cau100_afr0_asi0_8,regional_8,50,150,365,70,0,0.995,0.01,0.22340924607110255,0.1,0.5,50,0,0,0,0,0,0,0,0,0,0,0,0,0,0,0,0,0,0,0,0,0,0,0,0,0,0,-1632.0,24,0,192.0,24,0,0,0,0,0,0
300,True,reg_8,request_scratch,cau100_afr0_asi0_8,regional_8,50,150,365,70,0,0.995,0.01,0.22229219984074702,0.1,0.5,50,0,0,0,0,0,0,0,0,0,0,0,0,0,0,0,0,0,0,0,0,0,0,0,0,0,0,-2112.0,31,0,252.0,31,0,0,0,0,0,0
301,True,reg_8,request_scratch,cau100_afr0_asi0_8,regional_8,50,150,365,70,0,0.995,0.01,0.2211807388415433,0.1,0.5,50,0,0,0,0,0,0,0,0,0,0,0,0,0,0,0,0,0,0,0,0,0,0,0,0,0,0,-1088.0,17,0,68.0,17,0,0,0,0,0,0
302,True,reg_8,request_scratch,cau100_afr0_asi0_8,regional_8,50,150,365,70,0,0.995,0.01,0.22007483514733558,0.1,0.5,50,0,0,0,0,0,0,0,0,0,0,0,0,0,0,0,0,0,0,0,0,0,0,0,0,0,0,-2396.0344999999998,35,0,296.0,35,0,0,0,1,0,0
303,True,reg_8,request_scratch,cau100_afr0_asi0_8,regional_8,50,150,365,70,0,0.995,0.01,0.2189744609715989,0.1,0.5,50,0,0,0,0,0,0,0,0,0,0,0,0,0,0,0,0,0,0,0,0,0,0,0,0,0,0,-1020.0,17,0,0.0,17,0,0,0,0,0,0
304,True,reg_8,request_scratch,cau100_afr0_asi0_8,regional_8,50,150,365,70,0,0.995,0.01,0.2178795886667409,0.1,0.5,50,0,0,0,0,0,0,0,0,0,0,0,0,0,0,0,0,0,0,0,0,0,0,0,0,0,0,-1541.0,23,0,161.0,23,0,0,0,0,0,0
305,True,reg_8,request_scratch,cau100_afr0_asi0_8,regional_8,50,150,365,70,0,0.995,0.01,0.2167901907234072,0.1,0.5,50,0,0,0,0,0,0,0,0,0,0,0,0,0,0,0,0,0,0,0,0,0,0,0,0,0,0,-1560.069,26,0,0.0,26,0,0,0,2,0,0
306,True,reg_8,request_scratch,cau100_afr0_asi0_8,regional_8,50,150,365,70,0,0.995,0.01,0.21570623976979014,0.1,0.5,50,0,0,0,0,0,0,0,0,0,0,0,0,0,0,0,0,0,0,0,0,0,0,0,0,0,0,-2184.0,33,0,204.0,33,0,0,0,0,0,0
307,True,reg_8,request_scratch,cau100_afr0_asi0_8,regional_8,50,150,365,70,0,0.995,0.01,0.21462770857094118,0.1,0.5,50,0,0,0,0,0,0,0,0,0,0,0,0,0,0,0,0,0,0,0,0,0,0,0,0,0,0,-1200.0,20,0,0.0,20,0,0,0,0,0,0
308,True,reg_8,request_scratch,cau100_afr0_asi0_8,regional_8,50,150,365,70,0,0.995,0.01,0.21355457002808648,0.1,0.5,50,0,0,0,0,0,0,0,0,0,0,0,0,0,0,0,0,0,0,0,0,0,0,0,0,0,0,-1910.31,29,0,170.0,29,0,0,0,0,1,1
309,True,reg_8,request_scratch,cau100_afr0_asi0_8,regional_8,50,150,365,70,0,0.995,0.01,0.21248679717794605,0.1,0.5,50,0,0,0,0,0,0,0,0,0,0,0,0,0,0,0,0,0,0,0,0,0,0,0,0,0,0,-780.5495,13,0,0.0,13,0,0,0,0,1,2
310,True,reg_8,request_scratch,cau100_afr0_asi0_8,regional_8,50,150,365,70,0,0.995,0.01,0.21142436319205632,0.1,0.5,50,0,0,0,0,0,0,0,0,0,0,0,0,0,0,0,0,0,0,0,0,0,0,0,0,0,0,-2405.0,37,0,185.0,37,0,0,0,0,0,0
311,True,reg_8,request_scratch,cau100_afr0_asi0_8,regional_8,50,150,365,70,0,0.995,0.01,0.21036724137609603,0.1,0.5,50,0,0,0,0,0,0,0,0,0,0,0,0,0,0,0,0,0,0,0,0,0,0,0,0,0,0,-1440.0345,24,0,0.0,24,0,0,0,1,0,0
312,True,reg_8,request_scratch,cau100_afr0_asi0_8,regional_8,50,150,365,70,0,0.995,0.01,0.20931540516921554,0.1,0.5,50,0,0,0,0,0,0,0,0,0,0,0,0,0,0,0,0,0,0,0,0,0,0,0,0,0,0,-2732.0,44,0,92.0,44,0,0,0,0,0,0
313,True,reg_8,request_scratch,cau100_afr0_asi0_8,regional_8,50,150,365,70,0,0.995,0.01,0.20826882814336947,0.1,0.5,50,0,0,0,0,0,0,0,0,0,0,0,0,0,0,0,0,0,0,0,0,0,0,0,0,0,0,-1320.0,22,0,0.0,22,0,0,0,0,0,0
314,True,reg_8,request_scratch,cau100_afr0_asi0_8,regional_8,50,150,365,70,0,0.995,0.01,0.20722748400265262,0.1,0.5,50,0,0,0,0,0,0,0,0,0,0,0,0,0,0,0,0,0,0,0,0,0,0,0,0,0,0,-2784.0345,44,0,144.0,44,0,0,0,1,0,0
315,True,reg_8,request_scratch,cau100_afr0_asi0_8,regional_8,50,150,365,70,0,0.995,0.01,0.20619134658263935,0.1,0.5,50,0,0,0,0,0,0,0,0,0,0,0,0,0,0,0,0,0,0,0,0,0,0,0,0,0,0,-1440.0,24,0,0.0,24,0,0,0,0,0,0
316,True,reg_8,request_scratch,cau100_afr0_asi0_8,regional_8,50,150,365,70,0,0.995,0.01,0.20516038984972615,0.1,0.5,50,0,0,0,0,0,0,0,0,0,0,0,0,0,0,0,0,0,0,0,0,0,0,0,0,0,0,-2526.0345,40,0,126.0,40,0,0,0,1,0,0
317,True,reg_8,request_scratch,cau100_afr0_asi0_8,regional_8,50,150,365,70,0,0.995,0.01,0.2041345879004775,0.1,0.5,50,0,0,0,0,0,0,0,0,0,0,0,0,0,0,0,0,0,0,0,0,0,0,0,0,0,0,-1620.0,27,0,0.0,27,0,0,0,0,0,0
318,True,reg_8,request_scratch,cau100_afr0_asi0_8,regional_8,50,150,365,70,0,0.995,0.01,0.2031139149609751,0.1,0.5,50,0,0,0,0,0,0,0,0,0,0,0,0,0,0,0,0,0,0,0,0,0,0,0,0,0,0,-1542.0,21,0,282.0,21,0,0,0,0,0,0
319,True,reg_8,request_scratch,cau100_afr0_asi0_8,regional_8,50,150,365,70,0,0.995,0.01,0.20209834538617025,0.1,0.5,50,0,0,0,0,0,0,0,0,0,0,0,0,0,0,0,0,0,0,0,0,0,0,0,0,0,0,-1020.0,17,0,0.0,17,0,0,0,0,0,0
320,True,reg_8,request_scratch,cau100_afr0_asi0_8,regional_8,50,150,365,70,0,0.995,0.01,0.2010878536592394,0.1,0.5,50,0,0,0,0,0,0,0,0,0,0,0,0,0,0,0,0,0,0,0,0,0,0,0,0,0,0,-2835.0,42,0,315.0,42,0,0,0,0,0,0
321,True,reg_8,request_scratch,cau100_afr0_asi0_8,regional_8,50,150,365,70,0,0.995,0.01,0.2000824143909432,0.1,0.5,50,0,0,0,0,0,0,0,0,0,0,0,0,0,0,0,0,0,0,0,0,0,0,0,0,0,0,-1860.0,31,0,0.0,31,0,0,0,0,0,0
322,True,reg_8,request_scratch,cau100_afr0_asi0_8,regional_8,50,150,365,70,0,0.995,0.01,0.19908200231898848,0.1,0.5,50,0,0,0,0,0,0,0,0,0,0,0,0,0,0,0,0,0,0,0,0,0,0,0,0,0,0,-2562.0,42,0,42.0,42,0,0,0,0,0,0
323,True,reg_8,request_scratch,cau100_afr0_asi0_8,regional_8,50,150,365,70,0,0.995,0.01,0.19808659230739353,0.1,0.5,50,0,0,0,0,0,0,0,0,0,0,0,0,0,0,0,0,0,0,0,0,0,0,0,0,0,0,-1500.0,25,0,0.0,25,0,0,0,0,0,0
324,True,reg_8,request_scratch,cau100_afr0_asi0_8,regional_8,50,150,365,70,0,0.995,0.01,0.19709615934585656,0.1,0.5,50,0,0,0,0,0,0,0,0,0,0,0,0,0,0,0,0,0,0,0,0,0,0,0,0,0,0,-2211.0,33,0,231.0,33,0,0,0,0,0,0
325,True,reg_8,request_scratch,cau100_afr0_asi0_8,regional_8,50,150,365,70,0,0.995,0.01,0.19611067854912728,0.1,0.5,50,0,0,0,0,0,0,0,0,0,0,0,0,0,0,0,0,0,0,0,0,0,0,0,0,0,0,-1920.0,32,0,0.0,32,0,0,0,0,0,0
326,True,reg_8,request_scratch,cau100_afr0_asi0_8,regional_8,50,150,365,70,0,0.995,0.01,0.19513012515638165,0.1,0.5,50,0,0,0,0,0,0,0,0,0,0,0,0,0,0,0,0,0,0,0,0,0,0,0,0,0,0,-1235.0,19,0,95.0,19,0,0,0,0,0,0
327,True,reg_8,request_scratch,cau100_afr0_asi0_8,regional_8,50,150,365,70,0,0.995,0.01,0.19415447453059972,0.1,0.5,50,0,0,0,0,0,0,0,0,0,0,0,0,0,0,0,0,0,0,0,0,0,0,0,0,0,0,-1620.0,27,0,0.0,27,0,0,0,0,0,0
328,True,reg_8,request_scratch,cau100_afr0_asi0_8,regional_8,50,150,365,70,0,0.995,0.01,0.19318370215794672,0.1,0.5,50,0,0,0,0,0,0,0,0,0,0,0,0,0,0,0,0,0,0,0,0,0,0,0,0,0,0,-1495.0,23,0,115.0,23,0,0,0,0,0,0
329,True,reg_8,request_scratch,cau100_afr0_asi0_8,regional_8,50,150,365,70,0,0.995,0.01,0.192217783647157,0.1,0.5,50,0,0,0,0,0,0,0,0,0,0,0,0,0,0,0,0,0,0,0,0,0,0,0,0,0,0,-1320.0,22,0,0.0,22,0,0,0,0,0,0
330,True,reg_8,request_scratch,cau100_afr0_asi0_8,regional_8,50,150,365,70,0,0.995,0.01,0.1912566947289212,0.1,0.5,50,0,0,0,0,0,0,0,0,0,0,0,0,0,0,0,0,0,0,0,0,0,0,0,0,0,0,-2127.0,31,0,267.0,31,0,0,0,0,0,0
331,True,reg_8,request_scratch,cau100_afr0_asi0_8,regional_8,50,150,365,70,0,0.995,0.01,0.1903004112552766,0.1,0.5,50,0,0,0,0,0,0,0,0,0,0,0,0,0,0,0,0,0,0,0,0,0,0,0,0,0,0,-1860.0,31,0,0.0,31,0,0,0,0,0,0
332,True,reg_8,request_scratch,cau100_afr0_asi0_8,regional_8,50,150,365,70,0,0.995,0.01,0.18934890919900021,0.1,0.5,50,0,0,0,0,0,0,0,0,0,0,0,0,0,0,0,0,0,0,0,0,0,0,0,0,0,0,-1427.0,22,0,107.0,22,0,0,0,0,0,0
333,True,reg_8,request_scratch,cau100_afr0_asi0_8,regional_8,50,150,365,70,0,0.995,0.01,0.18840216465300522,0.1,0.5,50,0,0,0,0,0,0,0,0,0,0,0,0,0,0,0,0,0,0,0,0,0,0,0,0,0,0,-1020.0,17,0,0.0,17,0,0,0,0,0,0
334,True,reg_8,request_scratch,cau100_afr0_asi0_8,regional_8,50,150,365,70,0,0.995,0.01,0.18746015382974018,0.1,0.5,50,0,0,0,0,0,0,0,0,0,0,0,0,0,0,0,0,0,0,0,0,0,0,0,0,0,0,-1941.0,30,0,141.0,30,0,0,0,0,0,0
335,True,reg_8,request_scratch,cau100_afr0_asi0_8,regional_8,50,150,365,70,0,0.995,0.01,0.1865228530605915,0.1,0.5,50,0,0,0,0,0,0,0,0,0,0,0,0,0,0,0,0,0,0,0,0,0,0,0,0,0,0,-1024.0,16,0,64.0,16,0,0,0,0,0,0
336,True,reg_8,request_scratch,cau100_afr0_asi0_8,regional_8,50,150,365,70,0,0.995,0.01,0.18559023879528855,0.1,0.5,50,0,0,0,0,0,0,0,0,0,0,0,0,0,0,0,0,0,0,0,0,0,0,0,0,0,0,-1332.0,20,0,132.0,20,0,0,0,0,0,0
337,True,reg_8,request_scratch,cau100_afr0_asi0_8,regional_8,50,150,365,70,0,0.995,0.01,0.1846622876013121,0.1,0.5,50,0,0,0,0,0,0,0,0,0,0,0,0,0,0,0,0,0,0,0,0,0,0,0,0,0,0,-1240.0,19,0,100.0,19,0,0,0,0,0,0
338,True,reg_8,request_scratch,cau100_afr0_asi0_8,regional_8,50,150,365,70,0,0.995,0.01,0.18373897616330553,0.1,0.5,50,0,0,0,0,0,0,0,0,0,0,0,0,0,0,0,0,0,0,0,0,0,0,0,0,0,0,-1776.0,28,0,96.0,28,0,0,0,0,0,0
339,True,reg_8,request_scratch,cau100_afr0_asi0_8,regional_8,50,150,365,70,0,0.995,0.01,0.182820281282489,0.1,0.5,50,0,0,0,0,0,0,0,0,0,0,0,0,0,0,0,0,0,0,0,0,0,0,0,0,0,0,-1959.0,31,0,99.0,31,0,0,0,0,0,0
340,True,reg_8,request_scratch,cau100_afr0_asi0_8,regional_8,50,150,365,70,0,0.995,0.01,0.18190617987607657,0.1,0.5,50,0,0,0,0,0,0,0,0,0,0,0,0,0,0,0,0,0,0,0,0,0,0,0,0,0,0,-480.8235,8,0,0.0,8,0,0,0,1,1,3
341,True,reg_8,request_scratch,cau100_afr0_asi0_8,regional_8,50,150,365,70,0,0.995,0.01,0.18099664897669618,0.1,0.5,50,0,0,0,0,0,0,0,0,0,0,0,0,0,0,0,0,0,0,0,0,0,0,0,0,0,0,-1540.3445000000002,24,0,100.0,24,0,0,0,1,1,1
342,True,reg_8,request_scratch,cau100_afr0_asi0_8,regional_8,50,150,365,70,0,0.995,0.01,0.1800916657318127,0.1,0.5,50,0,0,0,0,0,0,0,0,0,0,0,0,0,0,0,0,0,0,0,0,0,0,0,0,0,0,-1800.2740000000001,30,0,0.0,30,0,0,0,1,0,1
343,True,reg_8,request_scratch,cau100_afr0_asi0_8,regional_8,50,150,365,70,0,0.995,0.01,0.17919120740315364,0.1,0.5,50,0,0,0,0,0,0,0,0,0,0,0,0,0,0,0,0,0,0,0,0,0,0,0,0,0,0,-1612.0,26,0,52.0,26,0,0,0,0,0,0
344,True,reg_8,request_scratch,cau100_afr0_asi0_8,regional_8,50,150,365,70,0,0.995,0.01,0.17829525136613786,0.1,0.5,50,0,0,0,0,0,0,0,0,0,0,0,0,0,0,0,0,0,0,0,0,0,0,0,0,0,0,-2160.0,36,0,0.0,36,0,0,0,0,0,0
345,True,reg_8,request_scratch,cau100_afr0_asi0_8,regional_8,50,150,365,70,0,0.995,0.01,0.17740377510930716,0.1,0.5,50,0,0,0,0,0,0,0,0,0,0,0,0,0,0,0,0,0,0,0,0,0,0,0,0,0,0,-2148.31,32,0,228.0,32,0,0,0,0,1,1
346,True,reg_8,request_scratch,cau100_afr0_asi0_8,regional_8,50,150,365,70,0,0.995,0.01,0.17651675623376062,0.1,0.5,50,0,0,0,0,0,0,0,0,0,0,0,0,0,0,0,0,0,0,0,0,0,0,0,0,0,0,-1560.0,26,0,0.0,26,0,0,0,0,0,0
347,True,reg_8,request_scratch,cau100_afr0_asi0_8,regional_8,50,150,365,70,0,0.995,0.01,0.1756341724525918,0.1,0.5,50,0,0,0,0,0,0,0,0,0,0,0,0,0,0,0,0,0,0,0,0,0,0,0,0,0,0,-1011.0,16,0,51.0,16,0,0,0,0,0,0
348,True,reg_8,request_scratch,cau100_afr0_asi0_8,regional_8,50,150,365,70,0,0.995,0.01,0.17475600159032884,0.1,0.5,50,0,0,0,0,0,0,0,0,0,0,0,0,0,0,0,0,0,0,0,0,0,0,0,0,0,0,-1200.0,20,0,0.0,20,0,0,0,0,0,0
349,True,reg_8,request_scratch,cau100_afr0_asi0_8,regional_8,50,150,365,70,0,0.995,0.01,0.17388222158237718,0.1,0.5,50,0,0,0,0,0,0,0,0,0,0,0,0,0,0,0,0,0,0,0,0,0,0,0,0,0,0,-1408.0,22,0,88.0,22,0,0,0,0,0,0
350,True,reg_8,request_scratch,cau100_afr0_asi0_8,regional_8,50,150,365,70,0,0.995,0.01,0.1730128104744653,0.1,0.5,50,0,0,0,0,0,0,0,0,0,0,0,0,0,0,0,0,0,0,0,0,0,0,0,0,0,0,-1500.0,25,0,0.0,25,0,0,0,0,0,0
351,True,reg_8,request_scratch,cau100_afr0_asi0_8,regional_8,50,150,365,70,0,0.995,0.01,0.17214774642209296,0.1,0.5,50,0,0,0,0,0,0,0,0,0,0,0,0,0,0,0,0,0,0,0,0,0,0,0,0,0,0,-2080.0,32,0,160.0,32,0,0,0,0,0,0
352,True,reg_8,request_scratch,cau100_afr0_asi0_8,regional_8,50,150,365,70,0,0.995,0.01,0.1712870076899825,0.1,0.5,50,0,0,0,0,0,0,0,0,0,0,0,0,0,0,0,0,0,0,0,0,0,0,0,0,0,0,-1980.0,33,0,0.0,33,0,0,0,0,0,0
353,True,reg_8,request_scratch,cau100_afr0_asi0_8,regional_8,50,150,365,70,0,0.995,0.01,0.17043057265153258,0.1,0.5,50,0,0,0,0,0,0,0,0,0,0,0,0,0,0,0,0,0,0,0,0,0,0,0,0,0,0,-1882.3445,23,0,502.0,23,0,0,0,1,1,1
354,True,reg_8,request_scratch,cau100_afr0_asi0_8,regional_8,50,150,365,70,0,0.995,0.01,0.16957841978827493,0.1,0.5,50,0,0,0,0,0,0,0,0,0,0,0,0,0,0,0,0,0,0,0,0,0,0,0,0,0,0,-2040.0,34,0,0.0,34,0,0,0,0,0,0
355,True,reg_8,request_scratch,cau100_afr0_asi0_8,regional_8,50,150,365,70,0,0.995,0.01,0.16873052768933355,0.1,0.5,50,0,0,0,0,0,0,0,0,0,0,0,0,0,0,0,0,0,0,0,0,0,0,0,0,0,0,-1710.0,24,0,270.0,24,0,0,0,0,0,0
356,True,reg_8,request_scratch,cau100_afr0_asi0_8,regional_8,50,150,365,70,0,0.995,0.01,0.1678868750508869,0.1,0.5,50,0,0,0,0,0,0,0,0,0,0,0,0,0,0,0,0,0,0,0,0,0,0,0,0,0,0,-1200.789,20,0,0.0,20,0,0,0,0,1,3
357,True,reg_8,request_scratch,cau100_afr0_asi0_8,regional_8,50,150,365,70,0,0.995,0.01,0.16704744067563246,0.1,0.5,50,0,0,0,0,0,0,0,0,0,0,0,0,0,0,0,0,0,0,0,0,0,0,0,0,0,0,-1406.0,23,0,26.0,23,0,0,0,0,0,0
358,True,reg_8,request_scratch,cau100_afr0_asi0_8,regional_8,50,150,365,70,0,0.995,0.01,0.1662122034722543,0.1,0.5,50,0,0,0,0,0,0,0,0,0,0,0,0,0,0,0,0,0,0,0,0,0,0,0,0,0,0,-1500.0,25,0,0.0,25,0,0,0,0,0,0
359,True,reg_8,request_scratch,cau100_afr0_asi0_8,regional_8,50,150,365,70,0,0.995,0.01,0.16538114245489302,0.1,0.5,50,0,0,0,0,0,0,0,0,0,0,0,0,0,0,0,0,0,0,0,0,0,0,0,0,0,0,-1770.2395,29,0,30.0,29,0,0,0,0,0,1
360,True,reg_8,request_scratch,cau100_afr0_asi0_8,regional_8,50,150,365,70,0,0.995,0.01,0.16455423674261854,0.1,0.5,50,0,0,0,0,0,0,0,0,0,0,0,0,0,0,0,0,0,0,0,0,0,0,0,0,0,0,-1560.0,26,0,0.0,26,0,0,0,0,0,0
361,True,reg_8,request_scratch,cau100_afr0_asi0_8,regional_8,50,150,365,70,0,0.995,0.01,0.16373146555890544,0.1,0.5,50,0,0,0,0,0,0,0,0,0,0,0,0,0,0,0,0,0,0,0,0,0,0,0,0,0,0,-1676.0,27,0,56.0,27,0,0,0,0,0,0
362,True,reg_8,request_scratch,cau100_afr0_asi0_8,regional_8,50,150,365,70,0,0.995,0.01,0.16291280823111093,0.1,0.5,50,0,0,0,0,0,0,0,0,0,0,0,0,0,0,0,0,0,0,0,0,0,0,0,0,0,0,-1800.274,30,0,0.0,30,0,0,0,1,0,1
363,True,reg_8,request_scratch,cau100_afr0_asi0_8,regional_8,50,150,365,70,0,0.995,0.01,0.16209824418995536,0.1,0.5,50,0,0,0,0,0,0,0,0,0,0,0,0,0,0,0,0,0,0,0,0,0,0,0,0,0,0,-141.753,2,0,21.0,2,0,0,0,1,0,3
364,True,reg_8,request_scratch,cau100_afr0_asi0_8,regional_8,50,150,365,70,0,0.995,0.01,0.16128775296900558,0.1,0.5,50,0,0,0,0,0,0,0,0,0,0,0,0,0,0,0,0,0,0,0,0,0,0,0,0,0,0,-2340.5495,39,0,0.0,39,0,0,0,0,1,2
365,True,reg_8,request_scratch,cau100_afr0_asi0_8,regional_8,50,150,365,70,0,0.995,0.01,0.16048131420416054,0.1,0.5,50,0,0,0,0,0,0,0,0,0,0,0,0,0,0,0,0,0,0,0,0,0,0,0,0,0,0,-2535.0,39,0,195.0,39,0,0,0,0,0,0
366,True,reg_8,request_scratch,cau100_afr0_asi0_8,regional_8,50,150,365,70,0,0.995,0.01,0.15967890763313974,0.1,0.5,50,0,0,0,0,0,0,0,0,0,0,0,0,0,0,0,0,0,0,0,0,0,0,0,0,0,0,-1080.0,18,0,0.0,18,0,0,0,0,0,0
367,True,reg_8,request_scratch,cau100_afr0_asi0_8,regional_8,50,150,365,70,0,0.995,0.01,0.15888051309497406,0.1,0.5,50,0,0,0,0,0,0,0,0,0,0,0,0,0,0,0,0,0,0,0,0,0,0,0,0,0,0,-1647.0,27,0,27.0,27,0,0,0,0,0,0
368,True,reg_8,request_scratch,cau100_afr0_asi0_8,regional_8,50,150,365,70,0,0.995,0.01,0.1580861105294992,0.1,0.5,50,0,0,0,0,0,0,0,0,0,0,0,0,0,0,0,0,0,0,0,0,0,0,0,0,0,0,-1680.0,28,0,0.0,28,0,0,0,0,0,0
369,True,reg_8,request_scratch,cau100_afr0_asi0_8,regional_8,50,150,365,70,0,0.995,0.01,0.1572956799768517,0.1,0.5,50,0,0,0,0,0,0,0,0,0,0,0,0,0,0,0,0,0,0,0,0,0,0,0,0,0,0,-2099.0705,34,0,59.0,34,0,0,0,0,1,0
370,True,reg_8,request_scratch,cau100_afr0_asi0_8,regional_8,50,150,365,70,0,0.995,0.01,0.15650920157696743,0.1,0.5,50,0,0,0,0,0,0,0,0,0,0,0,0,0,0,0,0,0,0,0,0,0,0,0,0,0,0,-900.0,15,0,0.0,15,0,0,0,0,0,0
371,True,reg_8,request_scratch,cau100_afr0_asi0_8,regional_8,50,150,365,70,0,0.995,0.01,0.1557266555690826,0.1,0.5,50,0,0,0,0,0,0,0,0,0,0,0,0,0,0,0,0,0,0,0,0,0,0,0,0,0,0,-2568.0,40,0,168.0,40,0,0,0,0,0,0
372,True,reg_8,request_scratch,cau100_afr0_asi0_8,regional_8,50,150,365,70,0,0.995,0.01,0.1549480222912372,0.1,0.5,50,0,0,0,0,0,0,0,0,0,0,0,0,0,0,0,0,0,0,0,0,0,0,0,0,0,0,-1440.0,24,0,0.0,24,0,0,0,0,0,0
373,True,reg_8,request_scratch,cau100_afr0_asi0_8,regional_8,50,150,365,70,0,0.995,0.01,0.15417328217978102,0.1,0.5,50,0,0,0,0,0,0,0,0,0,0,0,0,0,0,0,0,0,0,0,0,0,0,0,0,0,0,-2124.0,32,0,204.0,32,0,0,0,0,0,0
374,True,reg_8,request_scratch,cau100_afr0_asi0_8,regional_8,50,150,365,70,0,0.995,0.01,0.1534024157688821,0.1,0.5,50,0,0,0,0,0,0,0,0,0,0,0,0,0,0,0,0,0,0,0,0,0,0,0,0,0,0,-1440.0,24,0,0.0,24,0,0,0,0,0,0
375,True,reg_8,request_scratch,cau100_afr0_asi0_8,regional_8,50,150,365,70,0,0.995,0.01,0.1526354036900377,0.1,0.5,50,0,0,0,0,0,0,0,0,0,0,0,0,0,0,0,0,0,0,0,0,0,0,0,0,0,0,-2314.2394999999997,29,0,574.0,29,0,0,0,0,0,1
376,True,reg_8,request_scratch,cau100_afr0_asi0_8,regional_8,50,150,365,70,0,0.995,0.01,0.1518722266715875,0.1,0.5,50,0,0,0,0,0,0,0,0,0,0,0,0,0,0,0,0,0,0,0,0,0,0,0,0,0,0,-1.0285,0,0,0.0,0,0,0,0,0,1,4
377,True,reg_8,request_scratch,cau100_afr0_asi0_8,regional_8,50,150,365,70,0,0.995,0.01,0.15111286553822956,0.1,0.5,50,0,0,0,0,0,0,0,0,0,0,0,0,0,0,0,0,0,0,0,0,0,0,0,0,0,0,-1695.0,26,0,135.0,26,0,0,0,0,0,0
378,True,reg_8,request_scratch,cau100_afr0_asi0_8,regional_8,50,150,365,70,0,0.995,0.01,0.15035730121053842,0.1,0.5,50,0,0,0,0,0,0,0,0,0,0,0,0,0,0,0,0,0,0,0,0,0,0,0,0,0,0,-1560.0,26,0,0.0,26,0,0,0,0,0,0
379,True,reg_8,request_scratch,cau100_afr0_asi0_8,regional_8,50,150,365,70,0,0.995,0.01,0.14960551470448571,0.1,0.5,50,0,0,0,0,0,0,0,0,0,0,0,0,0,0,0,0,0,0,0,0,0,0,0,0,0,0,-1980.3445,33,0,0.0,33,0,0,0,1,1,1
380,True,reg_8,request_scratch,cau100_afr0_asi0_8,regional_8,50,150,365,70,0,0.995,0.01,0.14885748713096328,0.1,0.5,50,0,0,0,0,0,0,0,0,0,0,0,0,0,0,0,0,0,0,0,0,0,0,0,0,0,0,-1440.0345,22,0,120.0,22,0,0,0,1,0,0
381,True,reg_8,request_scratch,cau100_afr0_asi0_8,regional_8,50,150,365,70,0,0.995,0.01,0.14811319969530845,0.1,0.5,50,0,0,0,0,0,0,0,0,0,0,0,0,0,0,0,0,0,0,0,0,0,0,0,0,0,0,-1140.0,19,0,0.0,19,0,0,0,0,0,0
382,True,reg_8,request_scratch,cau100_afr0_asi0_8,regional_8,50,150,365,70,0,0.995,0.01,0.1473726336968319,0.1,0.5,50,0,0,0,0,0,0,0,0,0,0,0,0,0,0,0,0,0,0,0,0,0,0,0,0,0,0,-809.479,12,0,89.0,12,0,0,0,0,0,2
383,True,reg_8,request_scratch,cau100_afr0_asi0_8,regional_8,50,150,365,70,0,0.995,0.01,0.14663577052834775,0.1,0.5,50,0,0,0,0,0,0,0,0,0,0,0,0,0,0,0,0,0,0,0,0,0,0,0,0,0,0,-1860.0,31,0,0.0,31,0,0,0,0,0,0
384,True,reg_8,request_scratch,cau100_afr0_asi0_8,regional_8,50,150,365,70,0,0.995,0.01,0.14590259167570602,0.1,0.5,50,0,0,0,0,0,0,0,0,0,0,0,0,0,0,0,0,0,0,0,0,0,0,0,0,0,0,-1767.0,28,0,87.0,28,0,0,0,0,0,0
385,True,reg_8,request_scratch,cau100_afr0_asi0_8,regional_8,50,150,365,70,0,0.995,0.01,0.1451730787173275,0.1,0.5,50,0,0,0,0,0,0,0,0,0,0,0,0,0,0,0,0,0,0,0,0,0,0,0,0,0,0,-1140.0,19,0,0.0,19,0,0,0,0,0,0
386,True,reg_8,request_scratch,cau100_afr0_asi0_8,regional_8,50,150,365,70,0,0.995,0.01,0.14444721332374086,0.1,0.5,50,0,0,0,0,0,0,0,0,0,0,0,0,0,0,0,0,0,0,0,0,0,0,0,0,0,0,-1935.31,31,0,75.0,31,0,0,0,0,1,1
387,True,reg_8,request_scratch,cau100_afr0_asi0_8,regional_8,50,150,365,70,0,0.995,0.01,0.14372497725712216,0.1,0.5,50,0,0,0,0,0,0,0,0,0,0,0,0,0,0,0,0,0,0,0,0,0,0,0,0,0,0,-1260.0,21,0,0.0,21,0,0,0,0,0,0
388,True,reg_8,request_scratch,cau100_afr0_asi0_8,regional_8,50,150,365,70,0,0.995,0.01,0.14300635237083656,0.1,0.5,50,0,0,0,0,0,0,0,0,0,0,0,0,0,0,0,0,0,0,0,0,0,0,0,0,0,0,-2524.0,33,0,544.0,33,0,0,0,0,0,0
389,True,reg_8,request_scratch,cau100_afr0_asi0_8,regional_8,50,150,365,70,0,0.995,0.01,0.14229132060898236,0.1,0.5,50,0,0,0,0,0,0,0,0,0,0,0,0,0,0,0,0,0,0,0,0,0,0,0,0,0,0,-900.069,15,0,0.0,15,0,0,0,2,0,0
390,True,reg_8,request_scratch,cau100_afr0_asi0_8,regional_8,50,150,365,70,0,0.995,0.01,0.14157986400593744,0.1,0.5,50,0,0,0,0,0,0,0,0,0,0,0,0,0,0,0,0,0,0,0,0,0,0,0,0,0,0,-1560.479,22,0,240.0,22,0,0,0,0,0,2
391,True,reg_8,request_scratch,cau100_afr0_asi0_8,regional_8,50,150,365,70,0,0.995,0.01,0.14087196468590776,0.1,0.5,50,0,0,0,0,0,0,0,0,0,0,0,0,0,0,0,0,0,0,0,0,0,0,0,0,0,0,-900.0,15,0,0.0,15,0,0,0,0,0,0
392,True,reg_8,request_scratch,cau100_afr0_asi0_8,regional_8,50,150,365,70,0,0.995,0.01,0.14016760486247823,0.1,0.5,50,0,0,0,0,0,0,0,0,0,0,0,0,0,0,0,0,0,0,0,0,0,0,0,0,0,0,-2409.0,33,0,429.0,33,0,0,0,0,0,0
393,True,reg_8,request_scratch,cau100_afr0_asi0_8,regional_8,50,150,365,70,0,0.995,0.01,0.13946676683816583,0.1,0.5,50,0,0,0,0,0,0,0,0,0,0,0,0,0,0,0,0,0,0,0,0,0,0,0,0,0,0,-180.31,3,0,0.0,3,0,0,0,0,1,1
394,True,reg_8,request_scratch,cau100_afr0_asi0_8,regional_8,50,150,365,70,0,0.995,0.01,0.138769433003975,0.1,0.5,50,0,0,0,0,0,0,0,0,0,0,0,0,0,0,0,0,0,0,0,0,0,0,0,0,0,0,-1892.0345,31,0,32.0,31,0,0,0,1,0,0
395,True,reg_8,request_scratch,cau100_afr0_asi0_8,regional_8,50,150,365,70,0,0.995,0.01,0.13807558583895513,0.1,0.5,50,0,0,0,0,0,0,0,0,0,0,0,0,0,0,0,0,0,0,0,0,0,0,0,0,0,0,-540.0,9,0,0.0,9,0,0,0,0,0,0
396,True,reg_8,request_scratch,cau100_afr0_asi0_8,regional_8,50,150,365,70,0,0.995,0.01,0.13738520790976036,0.1,0.5,50,0,0,0,0,0,0,0,0,0,0,0,0,0,0,0,0,0,0,0,0,0,0,0,0,0,0,-2142.0,34,0,102.0,34,0,0,0,0,0,0
397,True,reg_8,request_scratch,cau100_afr0_asi0_8,regional_8,50,150,365,70,0,0.995,0.01,0.13669828187021155,0.1,0.5,50,0,0,0,0,0,0,0,0,0,0,0,0,0,0,0,0,0,0,0,0,0,0,0,0,0,0,-1260.0705,21,0,0.0,21,0,0,0,0,1,0
398,True,reg_8,request_scratch,cau100_afr0_asi0_8,regional_8,50,150,365,70,0,0.995,0.01,0.13601479046086049,0.1,0.5,50,0,0,0,0,0,0,0,0,0,0,0,0,0,0,0,0,0,0,0,0,0,0,0,0,0,0,-2033.0,29,0,293.0,29,0,0,0,0,0,0
399,True,reg_8,request_scratch,cau100_afr0_asi0_8,regional_8,50,150,365,70,0,0.995,0.01,0.1353347165085562,0.1,0.5,50,0,0,0,0,0,0,0,0,0,0,0,0,0,0,0,0,0,0,0,0,0,0,0,0,0,0,-60.0,1,0,0.0,1,0,0,0,0,0,0
400,True,reg_8,request_scratch,cau100_afr0_asi0_8,regional_8,50,150,365,70,0,0.995,0.01,0.1346580429260134,0.1,0.5,50,0,0,0,0,0,0,0,0,0,0,0,0,0,0,0,0,0,0,0,0,0,0,0,0,0,0,-1804.584,28,0,124.0,28,0,0,0,1,1,2
401,True,reg_8,request_scratch,cau100_afr0_asi0_8,regional_8,50,150,365,70,0,0.995,0.01,0.13398475271138335,0.1,0.5,50,0,0,0,0,0,0,0,0,0,0,0,0,0,0,0,0,0,0,0,0,0,0,0,0,0,0,-840.0,14,0,0.0,14,0,0,0,0,0,0
402,True,reg_8,request_scratch,cau100_afr0_asi0_8,regional_8,50,150,365,70,0,0.995,0.01,0.13331482894782642,0.1,0.5,50,0,0,0,0,0,0,0,0,0,0,0,0,0,0,0,0,0,0,0,0,0,0,0,0,0,0,-2160.069,36,0,0.0,36,0,0,0,2,0,0
403,True,reg_8,request_scratch,cau100_afr0_asi0_8,regional_8,50,150,365,70,0,0.995,0.01,0.13264825480308728,0.1,0.5,50,0,0,0,0,0,0,0,0,0,0,0,0,0,0,0,0,0,0,0,0,0,0,0,0,0,0,-1680.0,28,0,0.0,28,0,0,0,0,0,0
404,True,reg_8,request_scratch,cau100_afr0_asi0_8,regional_8,50,150,365,70,0,0.995,0.01,0.13198501352907185,0.1,0.5,50,0,0,0,0,0,0,0,0,0,0,0,0,0,0,0,0,0,0,0,0,0,0,0,0,0,0,-1832.0345,30,0,32.0,30,0,0,0,1,0,0
405,True,reg_8,request_scratch,cau100_afr0_asi0_8,regional_8,50,150,365,70,0,0.995,0.01,0.1313250884614265,0.1,0.5,50,0,0,0,0,0,0,0,0,0,0,0,0,0,0,0,0,0,0,0,0,0,0,0,0,0,0,-1620.0,27,0,0.0,27,0,0,0,0,0,0
406,True,reg_8,request_scratch,cau100_afr0_asi0_8,regional_8,50,150,365,70,0,0.995,0.01,0.13066846301911936,0.1,0.5,50,0,0,0,0,0,0,0,0,0,0,0,0,0,0,0,0,0,0,0,0,0,0,0,0,0,0,-2085.0,33,0,105.0,33,0,0,0,0,0,0
407,True,reg_8,request_scratch,cau100_afr0_asi0_8,regional_8,50,150,365,70,0,0.995,0.01,0.13001512070402377,0.1,0.5,50,0,0,0,0,0,0,0,0,0,0,0,0,0,0,0,0,0,0,0,0,0,0,0,0,0,0,-1320.0,22,0,0.0,22,0,0,0,0,0,0
408,True,reg_8,request_scratch,cau100_afr0_asi0_8,regional_8,50,150,365,70,0,0.995,0.01,0.12936504510050365,0.1,0.5,50,0,0,0,0,0,0,0,0,0,0,0,0,0,0,0,0,0,0,0,0,0,0,0,0,0,0,-1630.0345,25,0,130.0,25,0,0,0,1,0,0
409,True,reg_8,request_scratch,cau100_afr0_asi0_8,regional_8,50,150,365,70,0,0.995,0.01,0.12871821987500112,0.1,0.5,50,0,0,0,0,0,0,0,0,0,0,0,0,0,0,0,0,0,0,0,0,0,0,0,0,0,0,-1440.0,24,0,0.0,24,0,0,0,0,0,0
410,True,reg_8,request_scratch,cau100_afr0_asi0_8,regional_8,50,150,365,70,0,0.995,0.01,0.12807462877562611,0.1,0.5,50,0,0,0,0,0,0,0,0,0,0,0,0,0,0,0,0,0,0,0,0,0,0,0,0,0,0,-2139.0,31,0,279.0,31,0,0,0,0,0,0
411,True,reg_8,request_scratch,cau100_afr0_asi0_8,regional_8,50,150,365,70,0,0.995,0.01,0.12743425563174798,0.1,0.5,50,0,0,0,0,0,0,0,0,0,0,0,0,0,0,0,0,0,0,0,0,0,0,0,0,0,0,-2160.274,36,0,0.0,36,0,0,0,1,0,1
412,True,reg_8,request_scratch,cau100_afr0_asi0_8,regional_8,50,150,365,70,0,0.995,0.01,0.12679708435358925,0.1,0.5,50,0,0,0,0,0,0,0,0,0,0,0,0,0,0,0,0,0,0,0,0,0,0,0,0,0,0,-1776.3445,24,0,336.0,24,0,0,0,1,1,1
413,True,reg_8,request_scratch,cau100_afr0_asi0_8,regional_8,50,150,365,70,0,0.995,0.01,0.1261630989318213,0.1,0.5,50,0,0,0,0,0,0,0,0,0,0,0,0,0,0,0,0,0,0,0,0,0,0,0,0,0,0,-1560.0,26,0,0.0,26,0,0,0,0,0,0
414,True,reg_8,request_scratch,cau100_afr0_asi0_8,regional_8,50,150,365,70,0,0.995,0.01,0.1255322834371622,0.1,0.5,50,0,0,0,0,0,0,0,0,0,0,0,0,0,0,0,0,0,0,0,0,0,0,0,0,0,0,-1862.0,30,0,62.0,30,0,0,0,0,0,0
415,True,reg_8,request_scratch,cau100_afr0_asi0_8,regional_8,50,150,365,70,0,0.995,0.01,0.12490462201997637,0.1,0.5,50,0,0,0,0,0,0,0,0,0,0,0,0,0,0,0,0,0,0,0,0,0,0,0,0,0,0,-1988.0,31,0,128.0,31,0,0,0,0,0,0
416,True,reg_8,request_scratch,cau100_afr0_asi0_8,regional_8,50,150,365,70,0,0.995,0.01,0.1242800989098765,0.1,0.5,50,0,0,0,0,0,0,0,0,0,0,0,0,0,0,0,0,0,0,0,0,0,0,0,0,0,0,-1320.0,22,0,0.0,22,0,0,0,0,0,0
417,True,reg_8,request_scratch,cau100_afr0_asi0_8,regional_8,50,150,365,70,0,0.995,0.01,0.12365869841532712,0.1,0.5,50,0,0,0,0,0,0,0,0,0,0,0,0,0,0,0,0,0,0,0,0,0,0,0,0,0,0,-2176.0,32,0,256.0,32,0,0,0,0,0,0
418,True,reg_8,request_scratch,cau100_afr0_asi0_8,regional_8,50,150,365,70,0,0.995,0.01,0.12304040492325048,0.1,0.5,50,0,0,0,0,0,0,0,0,0,0,0,0,0,0,0,0,0,0,0,0,0,0,0,0,0,0,-1080.0,18,0,0.0,18,0,0,0,0,0,0
419,True,reg_8,request_scratch,cau100_afr0_asi0_8,regional_8,50,150,365,70,0,0.995,0.01,0.12242520289863423,0.1,0.5,50,0,0,0,0,0,0,0,0,0,0,0,0,0,0,0,0,0,0,0,0,0,0,0,0,0,0,-597.0989999999999,8,0,116.0,8,0,0,0,0,2,4
420,True,reg_8,request_scratch,cau100_afr0_asi0_8,regional_8,50,150,365,70,0,0.995,0.01,0.12181307688414106,0.1,0.5,50,0,0,0,0,0,0,0,0,0,0,0,0,0,0,0,0,0,0,0,0,0,0,0,0,0,0,-1200.0,20,0,0.0,20,0,0,0,0,0,0
421,True,reg_8,request_scratch,cau100_afr0_asi0_8,regional_8,50,150,365,70,0,0.995,0.01,0.12120401149972035,0.1,0.5,50,0,0,0,0,0,0,0,0,0,0,0,0,0,0,0,0,0,0,0,0,0,0,0,0,0,0,-1738.0,28,0,58.0,28,0,0,0,0,0,0
422,True,reg_8,request_scratch,cau100_afr0_asi0_8,regional_8,50,150,365,70,0,0.995,0.01,0.12059799144222175,0.1,0.5,50,0,0,0,0,0,0,0,0,0,0,0,0,0,0,0,0,0,0,0,0,0,0,0,0,0,0,-1740.0,29,0,0.0,29,0,0,0,0,0,0
423,True,reg_8,request_scratch,cau100_afr0_asi0_8,regional_8,50,150,365,70,0,0.995,0.01,0.11999500148501063,0.1,0.5,50,0,0,0,0,0,0,0,0,0,0,0,0,0,0,0,0,0,0,0,0,0,0,0,0,0,0,-2072.0,30,0,272.0,30,0,0,0,0,0,0
424,True,reg_8,request_scratch,cau100_afr0_asi0_8,regional_8,50,150,365,70,0,0.995,0.01,0.11939502647758558,0.1,0.5,50,0,0,0,0,0,0,0,0,0,0,0,0,0,0,0,0,0,0,0,0,0,0,0,0,0,0,-1920.105,32,0,0.0,32,0,0,0,1,1,0
425,True,reg_8,request_scratch,cau100_afr0_asi0_8,regional_8,50,150,365,70,0,0.995,0.01,0.11879805134519765,0.1,0.5,50,0,0,0,0,0,0,0,0,0,0,0,0,0,0,0,0,0,0,0,0,0,0,0,0,0,0,-1491.0,21,0,231.0,21,0,0,0,0,0,0
426,True,reg_8,request_scratch,cau100_afr0_asi0_8,regional_8,50,150,365,70,0,0.995,0.01,0.11820406108847166,0.1,0.5,50,0,0,0,0,0,0,0,0,0,0,0,0,0,0,0,0,0,0,0,0,0,0,0,0,0,0,-1740.0,29,0,0.0,29,0,0,0,0,0,0
427,True,reg_8,request_scratch,cau100_afr0_asi0_8,regional_8,50,150,365,70,0,0.995,0.01,0.1176130407830293,0.1,0.5,50,0,0,0,0,0,0,0,0,0,0,0,0,0,0,0,0,0,0,0,0,0,0,0,0,0,0,-1094.0345,16,0,134.0,16,0,0,0,1,0,0
428,True,reg_8,request_scratch,cau100_afr0_asi0_8,regional_8,50,150,365,70,0,0.995,0.01,0.11702497557911415,0.1,0.5,50,0,0,0,0,0,0,0,0,0,0,0,0,0,0,0,0,0,0,0,0,0,0,0,0,0,0,-2340.0,39,0,0.0,39,0,0,0,0,0,0
429,True,reg_8,request_scratch,cau100_afr0_asi0_8,regional_8,50,150,365,70,0,0.995,0.01,0.11643985070121858,0.1,0.5,50,0,0,0,0,0,0,0,0,0,0,0,0,0,0,0,0,0,0,0,0,0,0,0,0,0,0,-1278.0,18,0,198.0,18,0,0,0,0,0,0
430,True,reg_8,request_scratch,cau100_afr0_asi0_8,regional_8,50,150,365,70,0,0.995,0.01,0.11585765144771248,0.1,0.5,50,0,0,0,0,0,0,0,0,0,0,0,0,0,0,0,0,0,0,0,0,0,0,0,0,0,0,-900.0,15,0,0.0,15,0,0,0,0,0,0
431,True,reg_8,request_scratch,cau100_afr0_asi0_8,regional_8,50,150,365,70,0,0.995,0.01,0.11527836319047392,0.1,0.5,50,0,0,0,0,0,0,0,0,0,0,0,0,0,0,0,0,0,0,0,0,0,0,0,0,0,0,-1263.0,20,0,63.0,20,0,0,0,0,0,0
432,True,reg_8,request_scratch,cau100_afr0_asi0_8,regional_8,50,150,365,70,0,0.995,0.01,0.11470197137452155,0.1,0.5,50,0,0,0,0,0,0,0,0,0,0,0,0,0,0,0,0,0,0,0,0,0,0,0,0,0,0,-1140.0,19,0,0.0,19,0,0,0,0,0,0
433,True,reg_8,request_scratch,cau100_afr0_asi0_8,regional_8,50,150,365,70,0,0.995,0.01,0.11412846151764894,0.1,0.5,50,0,0,0,0,0,0,0,0,0,0,0,0,0,0,0,0,0,0,0,0,0,0,0,0,0,0,-816.0,12,0,96.0,12,0,0,0,0,0,0
434,True,reg_8,request_scratch,cau100_afr0_asi0_8,regional_8,50,150,365,70,0,0.995,0.01,0.1135578192100607,0.1,0.5,50,0,0,0,0,0,0,0,0,0,0,0,0,0,0,0,0,0,0,0,0,0,0,0,0,0,0,-1581.0,25,0,81.0,25,0,0,0,0,0,0
