day,logged,location,model name,supply scenario,demand scenario,avg daily demand,inventory size,test days,init days,epsilon start,epsilon decay,epsilon min,epsilon current,learning rate,gamma,batch size,num units requested,num supplied products,num supplied O-,num supplied O+,num supplied B-,num supplied B+,num supplied A-,num supplied A+,num supplied AB-,num supplied AB+,num requests O-,num requests O+,num requests B-,num requests B+,num requests A-,num requests A+,num requests AB-,num requests AB+,num O- in inventory,num O+ in inventory,num B- in inventory,num B+ in inventory,num A- in inventory,num A+ in inventory,num AB- in inventory,num AB+ in inventory,reward,issued but nonexistent,issued but discarded,num outdates,num shortages,num mismatches A,num mismatches B,num mismatches D
0,True,reg_0,M2,cau100_afr0_asi0_0,regional_0,50,150,365,70,0,0.995,0.01,1,0.001,0.01,50,0,150,28,56,0,9,9,43,2,3,0,0,0,0,0,0,0,0,28,56,0,9,9,43,2,3,0,0,0,0,0,0,0,0
1,False,reg_0,M2,cau100_afr0_asi0_0,regional_0,50,150,365,70,0,0.995,0.01,0,0.001,0.01,50,0,0,0,0,0,0,0,0,0,0,0,0,0,0,0,0,0,0,0,0,0,0,0,0,0,0,0,0,0,0,0,0,0,0
2,False,reg_0,M2,cau100_afr0_asi0_0,regional_0,50,150,365,70,0,0.995,0.01,0,0.001,0.01,50,0,0,0,0,0,0,0,0,0,0,0,0,0,0,0,0,0,0,0,0,0,0,0,0,0,0,0,0,0,0,0,0,0,0
3,False,reg_0,M2,cau100_afr0_asi0_0,regional_0,50,150,365,70,0,0.995,0.01,0,0.001,0.01,50,0,0,0,0,0,0,0,0,0,0,0,0,0,0,0,0,0,0,0,0,0,0,0,0,0,0,0,0,0,0,0,0,0,0
4,False,reg_0,M2,cau100_afr0_asi0_0,regional_0,50,150,365,70,0,0.995,0.01,0,0.001,0.01,50,0,0,0,0,0,0,0,0,0,0,0,0,0,0,0,0,0,0,0,0,0,0,0,0,0,0,0,0,0,0,0,0,0,0
5,False,reg_0,M2,cau100_afr0_asi0_0,regional_0,50,150,365,70,0,0.995,0.01,0,0.001,0.01,50,0,0,0,0,0,0,0,0,0,0,0,0,0,0,0,0,0,0,0,0,0,0,0,0,0,0,0,0,0,0,0,0,0,0
6,False,reg_0,M2,cau100_afr0_asi0_0,regional_0,50,150,365,70,0,0.995,0.01,0,0.001,0.01,50,0,0,0,0,0,0,0,0,0,0,0,0,0,0,0,0,0,0,0,0,0,0,0,0,0,0,0,0,0,0,0,0,0,0
7,False,reg_0,M2,cau100_afr0_asi0_0,regional_0,50,150,365,70,0,0.995,0.01,0,0.001,0.01,50,0,0,0,0,0,0,0,0,0,0,0,0,0,0,0,0,0,0,0,0,0,0,0,0,0,0,0,0,0,0,0,0,0,0
8,False,reg_0,M2,cau100_afr0_asi0_0,regional_0,50,150,365,70,0,0.995,0.01,0,0.001,0.01,50,0,0,0,0,0,0,0,0,0,0,0,0,0,0,0,0,0,0,0,0,0,0,0,0,0,0,0,0,0,0,0,0,0,0
9,False,reg_0,M2,cau100_afr0_asi0_0,regional_0,50,150,365,70,0,0.995,0.01,0,0.001,0.01,50,0,0,0,0,0,0,0,0,0,0,0,0,0,0,0,0,0,0,0,0,0,0,0,0,0,0,0,0,0,0,0,0,0,0
10,False,reg_0,M2,cau100_afr0_asi0_0,regional_0,50,150,365,70,0,0.995,0.01,0,0.001,0.01,50,0,0,0,0,0,0,0,0,0,0,0,0,0,0,0,0,0,0,0,0,0,0,0,0,0,0,0,0,0,0,0,0,0,0
11,False,reg_0,M2,cau100_afr0_asi0_0,regional_0,50,150,365,70,0,0.995,0.01,0,0.001,0.01,50,0,0,0,0,0,0,0,0,0,0,0,0,0,0,0,0,0,0,0,0,0,0,0,0,0,0,0,0,0,0,0,0,0,0
12,False,reg_0,M2,cau100_afr0_asi0_0,regional_0,50,150,365,70,0,0.995,0.01,0,0.001,0.01,50,0,0,0,0,0,0,0,0,0,0,0,0,0,0,0,0,0,0,0,0,0,0,0,0,0,0,0,0,0,0,0,0,0,0
13,False,reg_0,M2,cau100_afr0_asi0_0,regional_0,50,150,365,70,0,0.995,0.01,0,0.001,0.01,50,0,0,0,0,0,0,0,0,0,0,0,0,0,0,0,0,0,0,0,0,0,0,0,0,0,0,0,0,0,0,0,0,0,0
14,False,reg_0,M2,cau100_afr0_asi0_0,regional_0,50,150,365,70,0,0.995,0.01,0,0.001,0.01,50,0,0,0,0,0,0,0,0,0,0,0,0,0,0,0,0,0,0,0,0,0,0,0,0,0,0,0,0,0,0,0,0,0,0
15,False,reg_0,M2,cau100_afr0_asi0_0,regional_0,50,150,365,70,0,0.995,0.01,0,0.001,0.01,50,0,0,0,0,0,0,0,0,0,0,0,0,0,0,0,0,0,0,0,0,0,0,0,0,0,0,0,0,0,0,0,0,0,0
16,False,reg_0,M2,cau100_afr0_asi0_0,regional_0,50,150,365,70,0,0.995,0.01,0,0.001,0.01,50,0,0,0,0,0,0,0,0,0,0,0,0,0,0,0,0,0,0,0,0,0,0,0,0,0,0,0,0,0,0,0,0,0,0
17,False,reg_0,M2,cau100_afr0_asi0_0,regional_0,50,150,365,70,0,0.995,0.01,0,0.001,0.01,50,0,0,0,0,0,0,0,0,0,0,0,0,0,0,0,0,0,0,0,0,0,0,0,0,0,0,0,0,0,0,0,0,0,0
18,False,reg_0,M2,cau100_afr0_asi0_0,regional_0,50,150,365,70,0,0.995,0.01,0,0.001,0.01,50,0,0,0,0,0,0,0,0,0,0,0,0,0,0,0,0,0,0,0,0,0,0,0,0,0,0,0,0,0,0,0,0,0,0
19,False,reg_0,M2,cau100_afr0_asi0_0,regional_0,50,150,365,70,0,0.995,0.01,0,0.001,0.01,50,0,0,0,0,0,0,0,0,0,0,0,0,0,0,0,0,0,0,0,0,0,0,0,0,0,0,0,0,0,0,0,0,0,0
20,False,reg_0,M2,cau100_afr0_asi0_0,regional_0,50,150,365,70,0,0.995,0.01,0,0.001,0.01,50,0,0,0,0,0,0,0,0,0,0,0,0,0,0,0,0,0,0,0,0,0,0,0,0,0,0,0,0,0,0,0,0,0,0
21,False,reg_0,M2,cau100_afr0_asi0_0,regional_0,50,150,365,70,0,0.995,0.01,0,0.001,0.01,50,0,0,0,0,0,0,0,0,0,0,0,0,0,0,0,0,0,0,0,0,0,0,0,0,0,0,0,0,0,0,0,0,0,0
22,False,reg_0,M2,cau100_afr0_asi0_0,regional_0,50,150,365,70,0,0.995,0.01,0,0.001,0.01,50,0,0,0,0,0,0,0,0,0,0,0,0,0,0,0,0,0,0,0,0,0,0,0,0,0,0,0,0,0,0,0,0,0,0
23,False,reg_0,M2,cau100_afr0_asi0_0,regional_0,50,150,365,70,0,0.995,0.01,0,0.001,0.01,50,0,0,0,0,0,0,0,0,0,0,0,0,0,0,0,0,0,0,0,0,0,0,0,0,0,0,0,0,0,0,0,0,0,0
24,False,reg_0,M2,cau100_afr0_asi0_0,regional_0,50,150,365,70,0,0.995,0.01,0,0.001,0.01,50,0,0,0,0,0,0,0,0,0,0,0,0,0,0,0,0,0,0,0,0,0,0,0,0,0,0,0,0,0,0,0,0,0,0
25,False,reg_0,M2,cau100_afr0_asi0_0,regional_0,50,150,365,70,0,0.995,0.01,0,0.001,0.01,50,0,0,0,0,0,0,0,0,0,0,0,0,0,0,0,0,0,0,0,0,0,0,0,0,0,0,0,0,0,0,0,0,0,0
26,False,reg_0,M2,cau100_afr0_asi0_0,regional_0,50,150,365,70,0,0.995,0.01,0,0.001,0.01,50,0,0,0,0,0,0,0,0,0,0,0,0,0,0,0,0,0,0,0,0,0,0,0,0,0,0,0,0,0,0,0,0,0,0
27,False,reg_0,M2,cau100_afr0_asi0_0,regional_0,50,150,365,70,0,0.995,0.01,0,0.001,0.01,50,0,0,0,0,0,0,0,0,0,0,0,0,0,0,0,0,0,0,0,0,0,0,0,0,0,0,0,0,0,0,0,0,0,0
28,False,reg_0,M2,cau100_afr0_asi0_0,regional_0,50,150,365,70,0,0.995,0.01,0,0.001,0.01,50,0,0,0,0,0,0,0,0,0,0,0,0,0,0,0,0,0,0,0,0,0,0,0,0,0,0,0,0,0,0,0,0,0,0
29,False,reg_0,M2,cau100_afr0_asi0_0,regional_0,50,150,365,70,0,0.995,0.01,0,0.001,0.01,50,0,0,0,0,0,0,0,0,0,0,0,0,0,0,0,0,0,0,0,0,0,0,0,0,0,0,0,0,0,0,0,0,0,0
30,False,reg_0,M2,cau100_afr0_asi0_0,regional_0,50,150,365,70,0,0.995,0.01,0,0.001,0.01,50,0,0,0,0,0,0,0,0,0,0,0,0,0,0,0,0,0,0,0,0,0,0,0,0,0,0,0,0,0,0,0,0,0,0
31,False,reg_0,M2,cau100_afr0_asi0_0,regional_0,50,150,365,70,0,0.995,0.01,0,0.001,0.01,50,0,0,0,0,0,0,0,0,0,0,0,0,0,0,0,0,0,0,0,0,0,0,0,0,0,0,0,0,0,0,0,0,0,0
32,False,reg_0,M2,cau100_afr0_asi0_0,regional_0,50,150,365,70,0,0.995,0.01,0,0.001,0.01,50,0,0,0,0,0,0,0,0,0,0,0,0,0,0,0,0,0,0,0,0,0,0,0,0,0,0,0,0,0,0,0,0,0,0
33,False,reg_0,M2,cau100_afr0_asi0_0,regional_0,50,150,365,70,0,0.995,0.01,0,0.001,0.01,50,0,0,0,0,0,0,0,0,0,0,0,0,0,0,0,0,0,0,0,0,0,0,0,0,0,0,0,0,0,0,0,0,0,0
34,False,reg_0,M2,cau100_afr0_asi0_0,regional_0,50,150,365,70,0,0.995,0.01,0,0.001,0.01,50,0,0,0,0,0,0,0,0,0,0,0,0,0,0,0,0,0,0,0,0,0,0,0,0,0,0,0,0,0,0,0,0,0,0
35,False,reg_0,M2,cau100_afr0_asi0_0,regional_0,50,150,365,70,0,0.995,0.01,0,0.001,0.01,50,0,0,0,0,0,0,0,0,0,0,0,0,0,0,0,0,0,0,0,0,0,0,0,0,0,0,0,0,0,0,0,0,0,0
36,False,reg_0,M2,cau100_afr0_asi0_0,regional_0,50,150,365,70,0,0.995,0.01,0,0.001,0.01,50,0,0,0,0,0,0,0,0,0,0,0,0,0,0,0,0,0,0,0,0,0,0,0,0,0,0,0,0,0,0,0,0,0,0
37,False,reg_0,M2,cau100_afr0_asi0_0,regional_0,50,150,365,70,0,0.995,0.01,0,0.001,0.01,50,0,0,0,0,0,0,0,0,0,0,0,0,0,0,0,0,0,0,0,0,0,0,0,0,0,0,0,0,0,0,0,0,0,0
38,False,reg_0,M2,cau100_afr0_asi0_0,regional_0,50,150,365,70,0,0.995,0.01,0,0.001,0.01,50,0,0,0,0,0,0,0,0,0,0,0,0,0,0,0,0,0,0,0,0,0,0,0,0,0,0,0,0,0,0,0,0,0,0
39,False,reg_0,M2,cau100_afr0_asi0_0,regional_0,50,150,365,70,0,0.995,0.01,0,0.001,0.01,50,0,0,0,0,0,0,0,0,0,0,0,0,0,0,0,0,0,0,0,0,0,0,0,0,0,0,0,0,0,0,0,0,0,0
40,False,reg_0,M2,cau100_afr0_asi0_0,regional_0,50,150,365,70,0,0.995,0.01,0,0.001,0.01,50,0,0,0,0,0,0,0,0,0,0,0,0,0,0,0,0,0,0,0,0,0,0,0,0,0,0,0,0,0,0,0,0,0,0
41,False,reg_0,M2,cau100_afr0_asi0_0,regional_0,50,150,365,70,0,0.995,0.01,0,0.001,0.01,50,0,0,0,0,0,0,0,0,0,0,0,0,0,0,0,0,0,0,0,0,0,0,0,0,0,0,0,0,0,0,0,0,0,0
42,False,reg_0,M2,cau100_afr0_asi0_0,regional_0,50,150,365,70,0,0.995,0.01,0,0.001,0.01,50,0,0,0,0,0,0,0,0,0,0,0,0,0,0,0,0,0,0,0,0,0,0,0,0,0,0,0,0,0,0,0,0,0,0
43,False,reg_0,M2,cau100_afr0_asi0_0,regional_0,50,150,365,70,0,0.995,0.01,0,0.001,0.01,50,0,0,0,0,0,0,0,0,0,0,0,0,0,0,0,0,0,0,0,0,0,0,0,0,0,0,0,0,0,0,0,0,0,0
44,False,reg_0,M2,cau100_afr0_asi0_0,regional_0,50,150,365,70,0,0.995,0.01,0,0.001,0.01,50,0,0,0,0,0,0,0,0,0,0,0,0,0,0,0,0,0,0,0,0,0,0,0,0,0,0,0,0,0,0,0,0,0,0
45,False,reg_0,M2,cau100_afr0_asi0_0,regional_0,50,150,365,70,0,0.995,0.01,0,0.001,0.01,50,0,0,0,0,0,0,0,0,0,0,0,0,0,0,0,0,0,0,0,0,0,0,0,0,0,0,0,0,0,0,0,0,0,0
46,False,reg_0,M2,cau100_afr0_asi0_0,regional_0,50,150,365,70,0,0.995,0.01,0,0.001,0.01,50,0,0,0,0,0,0,0,0,0,0,0,0,0,0,0,0,0,0,0,0,0,0,0,0,0,0,0,0,0,0,0,0,0,0
47,False,reg_0,M2,cau100_afr0_asi0_0,regional_0,50,150,365,70,0,0.995,0.01,0,0.001,0.01,50,0,0,0,0,0,0,0,0,0,0,0,0,0,0,0,0,0,0,0,0,0,0,0,0,0,0,0,0,0,0,0,0,0,0
48,False,reg_0,M2,cau100_afr0_asi0_0,regional_0,50,150,365,70,0,0.995,0.01,0,0.001,0.01,50,0,0,0,0,0,0,0,0,0,0,0,0,0,0,0,0,0,0,0,0,0,0,0,0,0,0,0,0,0,0,0,0,0,0
49,False,reg_0,M2,cau100_afr0_asi0_0,regional_0,50,150,365,70,0,0.995,0.01,0,0.001,0.01,50,0,0,0,0,0,0,0,0,0,0,0,0,0,0,0,0,0,0,0,0,0,0,0,0,0,0,0,0,0,0,0,0,0,0
50,False,reg_0,M2,cau100_afr0_asi0_0,regional_0,50,150,365,70,0,0.995,0.01,0,0.001,0.01,50,0,0,0,0,0,0,0,0,0,0,0,0,0,0,0,0,0,0,0,0,0,0,0,0,0,0,0,0,0,0,0,0,0,0
51,False,reg_0,M2,cau100_afr0_asi0_0,regional_0,50,150,365,70,0,0.995,0.01,0,0.001,0.01,50,0,0,0,0,0,0,0,0,0,0,0,0,0,0,0,0,0,0,0,0,0,0,0,0,0,0,0,0,0,0,0,0,0,0
52,False,reg_0,M2,cau100_afr0_asi0_0,regional_0,50,150,365,70,0,0.995,0.01,0,0.001,0.01,50,0,0,0,0,0,0,0,0,0,0,0,0,0,0,0,0,0,0,0,0,0,0,0,0,0,0,0,0,0,0,0,0,0,0
53,False,reg_0,M2,cau100_afr0_asi0_0,regional_0,50,150,365,70,0,0.995,0.01,0,0.001,0.01,50,0,0,0,0,0,0,0,0,0,0,0,0,0,0,0,0,0,0,0,0,0,0,0,0,0,0,0,0,0,0,0,0,0,0
54,False,reg_0,M2,cau100_afr0_asi0_0,regional_0,50,150,365,70,0,0.995,0.01,0,0.001,0.01,50,0,0,0,0,0,0,0,0,0,0,0,0,0,0,0,0,0,0,0,0,0,0,0,0,0,0,0,0,0,0,0,0,0,0
55,False,reg_0,M2,cau100_afr0_asi0_0,regional_0,50,150,365,70,0,0.995,0.01,0,0.001,0.01,50,0,0,0,0,0,0,0,0,0,0,0,0,0,0,0,0,0,0,0,0,0,0,0,0,0,0,0,0,0,0,0,0,0,0
56,False,reg_0,M2,cau100_afr0_asi0_0,regional_0,50,150,365,70,0,0.995,0.01,0,0.001,0.01,50,0,0,0,0,0,0,0,0,0,0,0,0,0,0,0,0,0,0,0,0,0,0,0,0,0,0,0,0,0,0,0,0,0,0
57,False,reg_0,M2,cau100_afr0_asi0_0,regional_0,50,150,365,70,0,0.995,0.01,0,0.001,0.01,50,0,0,0,0,0,0,0,0,0,0,0,0,0,0,0,0,0,0,0,0,0,0,0,0,0,0,0,0,0,0,0,0,0,0
58,False,reg_0,M2,cau100_afr0_asi0_0,regional_0,50,150,365,70,0,0.995,0.01,0,0.001,0.01,50,0,0,0,0,0,0,0,0,0,0,0,0,0,0,0,0,0,0,0,0,0,0,0,0,0,0,0,0,0,0,0,0,0,0
59,False,reg_0,M2,cau100_afr0_asi0_0,regional_0,50,150,365,70,0,0.995,0.01,0,0.001,0.01,50,0,0,0,0,0,0,0,0,0,0,0,0,0,0,0,0,0,0,0,0,0,0,0,0,0,0,0,0,0,0,0,0,0,0
60,False,reg_0,M2,cau100_afr0_asi0_0,regional_0,50,150,365,70,0,0.995,0.01,0,0.001,0.01,50,0,0,0,0,0,0,0,0,0,0,0,0,0,0,0,0,0,0,0,0,0,0,0,0,0,0,0,0,0,0,0,0,0,0
61,False,reg_0,M2,cau100_afr0_asi0_0,regional_0,50,150,365,70,0,0.995,0.01,0,0.001,0.01,50,0,0,0,0,0,0,0,0,0,0,0,0,0,0,0,0,0,0,0,0,0,0,0,0,0,0,0,0,0,0,0,0,0,0
62,False,reg_0,M2,cau100_afr0_asi0_0,regional_0,50,150,365,70,0,0.995,0.01,0,0.001,0.01,50,0,0,0,0,0,0,0,0,0,0,0,0,0,0,0,0,0,0,0,0,0,0,0,0,0,0,0,0,0,0,0,0,0,0
63,False,reg_0,M2,cau100_afr0_asi0_0,regional_0,50,150,365,70,0,0.995,0.01,0,0.001,0.01,50,0,0,0,0,0,0,0,0,0,0,0,0,0,0,0,0,0,0,0,0,0,0,0,0,0,0,0,0,0,0,0,0,0,0
64,False,reg_0,M2,cau100_afr0_asi0_0,regional_0,50,150,365,70,0,0.995,0.01,0,0.001,0.01,50,0,0,0,0,0,0,0,0,0,0,0,0,0,0,0,0,0,0,0,0,0,0,0,0,0,0,0,0,0,0,0,0,0,0
65,False,reg_0,M2,cau100_afr0_asi0_0,regional_0,50,150,365,70,0,0.995,0.01,0,0.001,0.01,50,0,0,0,0,0,0,0,0,0,0,0,0,0,0,0,0,0,0,0,0,0,0,0,0,0,0,0,0,0,0,0,0,0,0
66,False,reg_0,M2,cau100_afr0_asi0_0,regional_0,50,150,365,70,0,0.995,0.01,0,0.001,0.01,50,0,0,0,0,0,0,0,0,0,0,0,0,0,0,0,0,0,0,0,0,0,0,0,0,0,0,0,0,0,0,0,0,0,0
67,False,reg_0,M2,cau100_afr0_asi0_0,regional_0,50,150,365,70,0,0.995,0.01,0,0.001,0.01,50,0,0,0,0,0,0,0,0,0,0,0,0,0,0,0,0,0,0,0,0,0,0,0,0,0,0,0,0,0,0,0,0,0,0
68,False,reg_0,M2,cau100_afr0_asi0_0,regional_0,50,150,365,70,0,0.995,0.01,0,0.001,0.01,50,0,0,0,0,0,0,0,0,0,0,0,0,0,0,0,0,0,0,0,0,0,0,0,0,0,0,0,0,0,0,0,0,0,0
69,False,reg_0,M2,cau100_afr0_asi0_0,regional_0,50,150,365,70,0,0.995,0.01,0,0.001,0.01,50,0,0,0,0,0,0,0,0,0,0,0,0,0,0,0,0,0,0,0,0,0,0,0,0,0,0,0,0,0,0,0,0,0,0
70,False,reg_0,M2,cau100_afr0_asi0_0,regional_0,50,150,365,70,0,0.995,0.01,0,0.001,0.01,50,0,0,0,0,0,0,0,0,0,0,0,0,0,0,0,0,0,0,0,0,0,0,0,0,0,0,0,0,0,0,0,0,0,0
71,False,reg_0,M2,cau100_afr0_asi0_0,regional_0,50,150,365,70,0,0.995,0.01,0,0.001,0.01,50,0,0,0,0,0,0,0,0,0,0,0,0,0,0,0,0,0,0,0,0,0,0,0,0,0,0,0,0,0,0,0,0,0,0
72,False,reg_0,M2,cau100_afr0_asi0_0,regional_0,50,150,365,70,0,0.995,0.01,0,0.001,0.01,50,0,0,0,0,0,0,0,0,0,0,0,0,0,0,0,0,0,0,0,0,0,0,0,0,0,0,0,0,0,0,0,0,0,0
73,False,reg_0,M2,cau100_afr0_asi0_0,regional_0,50,150,365,70,0,0.995,0.01,0,0.001,0.01,50,0,0,0,0,0,0,0,0,0,0,0,0,0,0,0,0,0,0,0,0,0,0,0,0,0,0,0,0,0,0,0,0,0,0
74,False,reg_0,M2,cau100_afr0_asi0_0,regional_0,50,150,365,70,0,0.995,0.01,0,0.001,0.01,50,0,0,0,0,0,0,0,0,0,0,0,0,0,0,0,0,0,0,0,0,0,0,0,0,0,0,0,0,0,0,0,0,0,0
75,False,reg_0,M2,cau100_afr0_asi0_0,regional_0,50,150,365,70,0,0.995,0.01,0,0.001,0.01,50,0,0,0,0,0,0,0,0,0,0,0,0,0,0,0,0,0,0,0,0,0,0,0,0,0,0,0,0,0,0,0,0,0,0
76,False,reg_0,M2,cau100_afr0_asi0_0,regional_0,50,150,365,70,0,0.995,0.01,0,0.001,0.01,50,0,0,0,0,0,0,0,0,0,0,0,0,0,0,0,0,0,0,0,0,0,0,0,0,0,0,0,0,0,0,0,0,0,0
77,False,reg_0,M2,cau100_afr0_asi0_0,regional_0,50,150,365,70,0,0.995,0.01,0,0.001,0.01,50,0,0,0,0,0,0,0,0,0,0,0,0,0,0,0,0,0,0,0,0,0,0,0,0,0,0,0,0,0,0,0,0,0,0
78,False,reg_0,M2,cau100_afr0_asi0_0,regional_0,50,150,365,70,0,0.995,0.01,0,0.001,0.01,50,0,0,0,0,0,0,0,0,0,0,0,0,0,0,0,0,0,0,0,0,0,0,0,0,0,0,0,0,0,0,0,0,0,0
79,False,reg_0,M2,cau100_afr0_asi0_0,regional_0,50,150,365,70,0,0.995,0.01,0,0.001,0.01,50,0,0,0,0,0,0,0,0,0,0,0,0,0,0,0,0,0,0,0,0,0,0,0,0,0,0,0,0,0,0,0,0,0,0
80,False,reg_0,M2,cau100_afr0_asi0_0,regional_0,50,150,365,70,0,0.995,0.01,0,0.001,0.01,50,0,0,0,0,0,0,0,0,0,0,0,0,0,0,0,0,0,0,0,0,0,0,0,0,0,0,0,0,0,0,0,0,0,0
81,False,reg_0,M2,cau100_afr0_asi0_0,regional_0,50,150,365,70,0,0.995,0.01,0,0.001,0.01,50,0,0,0,0,0,0,0,0,0,0,0,0,0,0,0,0,0,0,0,0,0,0,0,0,0,0,0,0,0,0,0,0,0,0
82,False,reg_0,M2,cau100_afr0_asi0_0,regional_0,50,150,365,70,0,0.995,0.01,0,0.001,0.01,50,0,0,0,0,0,0,0,0,0,0,0,0,0,0,0,0,0,0,0,0,0,0,0,0,0,0,0,0,0,0,0,0,0,0
83,False,reg_0,M2,cau100_afr0_asi0_0,regional_0,50,150,365,70,0,0.995,0.01,0,0.001,0.01,50,0,0,0,0,0,0,0,0,0,0,0,0,0,0,0,0,0,0,0,0,0,0,0,0,0,0,0,0,0,0,0,0,0,0
84,False,reg_0,M2,cau100_afr0_asi0_0,regional_0,50,150,365,70,0,0.995,0.01,0,0.001,0.01,50,0,0,0,0,0,0,0,0,0,0,0,0,0,0,0,0,0,0,0,0,0,0,0,0,0,0,0,0,0,0,0,0,0,0
85,False,reg_0,M2,cau100_afr0_asi0_0,regional_0,50,150,365,70,0,0.995,0.01,0,0.001,0.01,50,0,0,0,0,0,0,0,0,0,0,0,0,0,0,0,0,0,0,0,0,0,0,0,0,0,0,0,0,0,0,0,0,0,0
86,False,reg_0,M2,cau100_afr0_asi0_0,regional_0,50,150,365,70,0,0.995,0.01,0,0.001,0.01,50,0,0,0,0,0,0,0,0,0,0,0,0,0,0,0,0,0,0,0,0,0,0,0,0,0,0,0,0,0,0,0,0,0,0
87,False,reg_0,M2,cau100_afr0_asi0_0,regional_0,50,150,365,70,0,0.995,0.01,0,0.001,0.01,50,0,0,0,0,0,0,0,0,0,0,0,0,0,0,0,0,0,0,0,0,0,0,0,0,0,0,0,0,0,0,0,0,0,0
88,False,reg_0,M2,cau100_afr0_asi0_0,regional_0,50,150,365,70,0,0.995,0.01,0,0.001,0.01,50,0,0,0,0,0,0,0,0,0,0,0,0,0,0,0,0,0,0,0,0,0,0,0,0,0,0,0,0,0,0,0,0,0,0
89,False,reg_0,M2,cau100_afr0_asi0_0,regional_0,50,150,365,70,0,0.995,0.01,0,0.001,0.01,50,0,0,0,0,0,0,0,0,0,0,0,0,0,0,0,0,0,0,0,0,0,0,0,0,0,0,0,0,0,0,0,0,0,0
90,False,reg_0,M2,cau100_afr0_asi0_0,regional_0,50,150,365,70,0,0.995,0.01,0,0.001,0.01,50,0,0,0,0,0,0,0,0,0,0,0,0,0,0,0,0,0,0,0,0,0,0,0,0,0,0,0,0,0,0,0,0,0,0
91,False,reg_0,M2,cau100_afr0_asi0_0,regional_0,50,150,365,70,0,0.995,0.01,0,0.001,0.01,50,0,0,0,0,0,0,0,0,0,0,0,0,0,0,0,0,0,0,0,0,0,0,0,0,0,0,0,0,0,0,0,0,0,0
92,False,reg_0,M2,cau100_afr0_asi0_0,regional_0,50,150,365,70,0,0.995,0.01,0,0.001,0.01,50,0,0,0,0,0,0,0,0,0,0,0,0,0,0,0,0,0,0,0,0,0,0,0,0,0,0,0,0,0,0,0,0,0,0
93,False,reg_0,M2,cau100_afr0_asi0_0,regional_0,50,150,365,70,0,0.995,0.01,0,0.001,0.01,50,0,0,0,0,0,0,0,0,0,0,0,0,0,0,0,0,0,0,0,0,0,0,0,0,0,0,0,0,0,0,0,0,0,0
94,False,reg_0,M2,cau100_afr0_asi0_0,regional_0,50,150,365,70,0,0.995,0.01,0,0.001,0.01,50,0,0,0,0,0,0,0,0,0,0,0,0,0,0,0,0,0,0,0,0,0,0,0,0,0,0,0,0,0,0,0,0,0,0
95,False,reg_0,M2,cau100_afr0_asi0_0,regional_0,50,150,365,70,0,0.995,0.01,0,0.001,0.01,50,0,0,0,0,0,0,0,0,0,0,0,0,0,0,0,0,0,0,0,0,0,0,0,0,0,0,0,0,0,0,0,0,0,0
96,False,reg_0,M2,cau100_afr0_asi0_0,regional_0,50,150,365,70,0,0.995,0.01,0,0.001,0.01,50,0,0,0,0,0,0,0,0,0,0,0,0,0,0,0,0,0,0,0,0,0,0,0,0,0,0,0,0,0,0,0,0,0,0
97,False,reg_0,M2,cau100_afr0_asi0_0,regional_0,50,150,365,70,0,0.995,0.01,0,0.001,0.01,50,0,0,0,0,0,0,0,0,0,0,0,0,0,0,0,0,0,0,0,0,0,0,0,0,0,0,0,0,0,0,0,0,0,0
98,False,reg_0,M2,cau100_afr0_asi0_0,regional_0,50,150,365,70,0,0.995,0.01,0,0.001,0.01,50,0,0,0,0,0,0,0,0,0,0,0,0,0,0,0,0,0,0,0,0,0,0,0,0,0,0,0,0,0,0,0,0,0,0
99,False,reg_0,M2,cau100_afr0_asi0_0,regional_0,50,150,365,70,0,0.995,0.01,0,0.001,0.01,50,0,0,0,0,0,0,0,0,0,0,0,0,0,0,0,0,0,0,0,0,0,0,0,0,0,0,0,0,0,0,0,0,0,0
100,False,reg_0,M2,cau100_afr0_asi0_0,regional_0,50,150,365,70,0,0.995,0.01,0,0.001,0.01,50,0,0,0,0,0,0,0,0,0,0,0,0,0,0,0,0,0,0,0,0,0,0,0,0,0,0,0,0,0,0,0,0,0,0
101,False,reg_0,M2,cau100_afr0_asi0_0,regional_0,50,150,365,70,0,0.995,0.01,0,0.001,0.01,50,0,0,0,0,0,0,0,0,0,0,0,0,0,0,0,0,0,0,0,0,0,0,0,0,0,0,0,0,0,0,0,0,0,0
102,False,reg_0,M2,cau100_afr0_asi0_0,regional_0,50,150,365,70,0,0.995,0.01,0,0.001,0.01,50,0,0,0,0,0,0,0,0,0,0,0,0,0,0,0,0,0,0,0,0,0,0,0,0,0,0,0,0,0,0,0,0,0,0
103,False,reg_0,M2,cau100_afr0_asi0_0,regional_0,50,150,365,70,0,0.995,0.01,0,0.001,0.01,50,0,0,0,0,0,0,0,0,0,0,0,0,0,0,0,0,0,0,0,0,0,0,0,0,0,0,0,0,0,0,0,0,0,0
104,False,reg_0,M2,cau100_afr0_asi0_0,regional_0,50,150,365,70,0,0.995,0.01,0,0.001,0.01,50,0,0,0,0,0,0,0,0,0,0,0,0,0,0,0,0,0,0,0,0,0,0,0,0,0,0,0,0,0,0,0,0,0,0
105,False,reg_0,M2,cau100_afr0_asi0_0,regional_0,50,150,365,70,0,0.995,0.01,0,0.001,0.01,50,0,0,0,0,0,0,0,0,0,0,0,0,0,0,0,0,0,0,0,0,0,0,0,0,0,0,0,0,0,0,0,0,0,0
106,False,reg_0,M2,cau100_afr0_asi0_0,regional_0,50,150,365,70,0,0.995,0.01,0,0.001,0.01,50,0,0,0,0,0,0,0,0,0,0,0,0,0,0,0,0,0,0,0,0,0,0,0,0,0,0,0,0,0,0,0,0,0,0
107,False,reg_0,M2,cau100_afr0_asi0_0,regional_0,50,150,365,70,0,0.995,0.01,0,0.001,0.01,50,0,0,0,0,0,0,0,0,0,0,0,0,0,0,0,0,0,0,0,0,0,0,0,0,0,0,0,0,0,0,0,0,0,0
108,False,reg_0,M2,cau100_afr0_asi0_0,regional_0,50,150,365,70,0,0.995,0.01,0,0.001,0.01,50,0,0,0,0,0,0,0,0,0,0,0,0,0,0,0,0,0,0,0,0,0,0,0,0,0,0,0,0,0,0,0,0,0,0
109,False,reg_0,M2,cau100_afr0_asi0_0,regional_0,50,150,365,70,0,0.995,0.01,0,0.001,0.01,50,0,0,0,0,0,0,0,0,0,0,0,0,0,0,0,0,0,0,0,0,0,0,0,0,0,0,0,0,0,0,0,0,0,0
110,False,reg_0,M2,cau100_afr0_asi0_0,regional_0,50,150,365,70,0,0.995,0.01,0,0.001,0.01,50,0,0,0,0,0,0,0,0,0,0,0,0,0,0,0,0,0,0,0,0,0,0,0,0,0,0,0,0,0,0,0,0,0,0
111,False,reg_0,M2,cau100_afr0_asi0_0,regional_0,50,150,365,70,0,0.995,0.01,0,0.001,0.01,50,0,0,0,0,0,0,0,0,0,0,0,0,0,0,0,0,0,0,0,0,0,0,0,0,0,0,0,0,0,0,0,0,0,0
112,False,reg_0,M2,cau100_afr0_asi0_0,regional_0,50,150,365,70,0,0.995,0.01,0,0.001,0.01,50,0,0,0,0,0,0,0,0,0,0,0,0,0,0,0,0,0,0,0,0,0,0,0,0,0,0,0,0,0,0,0,0,0,0
113,False,reg_0,M2,cau100_afr0_asi0_0,regional_0,50,150,365,70,0,0.995,0.01,0,0.001,0.01,50,0,0,0,0,0,0,0,0,0,0,0,0,0,0,0,0,0,0,0,0,0,0,0,0,0,0,0,0,0,0,0,0,0,0
114,False,reg_0,M2,cau100_afr0_asi0_0,regional_0,50,150,365,70,0,0.995,0.01,0,0.001,0.01,50,0,0,0,0,0,0,0,0,0,0,0,0,0,0,0,0,0,0,0,0,0,0,0,0,0,0,0,0,0,0,0,0,0,0
115,False,reg_0,M2,cau100_afr0_asi0_0,regional_0,50,150,365,70,0,0.995,0.01,0,0.001,0.01,50,0,0,0,0,0,0,0,0,0,0,0,0,0,0,0,0,0,0,0,0,0,0,0,0,0,0,0,0,0,0,0,0,0,0
116,False,reg_0,M2,cau100_afr0_asi0_0,regional_0,50,150,365,70,0,0.995,0.01,0,0.001,0.01,50,0,0,0,0,0,0,0,0,0,0,0,0,0,0,0,0,0,0,0,0,0,0,0,0,0,0,0,0,0,0,0,0,0,0
117,False,reg_0,M2,cau100_afr0_asi0_0,regional_0,50,150,365,70,0,0.995,0.01,0,0.001,0.01,50,0,0,0,0,0,0,0,0,0,0,0,0,0,0,0,0,0,0,0,0,0,0,0,0,0,0,0,0,0,0,0,0,0,0
118,False,reg_0,M2,cau100_afr0_asi0_0,regional_0,50,150,365,70,0,0.995,0.01,0,0.001,0.01,50,0,0,0,0,0,0,0,0,0,0,0,0,0,0,0,0,0,0,0,0,0,0,0,0,0,0,0,0,0,0,0,0,0,0
119,False,reg_0,M2,cau100_afr0_asi0_0,regional_0,50,150,365,70,0,0.995,0.01,0,0.001,0.01,50,0,0,0,0,0,0,0,0,0,0,0,0,0,0,0,0,0,0,0,0,0,0,0,0,0,0,0,0,0,0,0,0,0,0
120,False,reg_0,M2,cau100_afr0_asi0_0,regional_0,50,150,365,70,0,0.995,0.01,0,0.001,0.01,50,0,0,0,0,0,0,0,0,0,0,0,0,0,0,0,0,0,0,0,0,0,0,0,0,0,0,0,0,0,0,0,0,0,0
121,False,reg_0,M2,cau100_afr0_asi0_0,regional_0,50,150,365,70,0,0.995,0.01,0,0.001,0.01,50,0,0,0,0,0,0,0,0,0,0,0,0,0,0,0,0,0,0,0,0,0,0,0,0,0,0,0,0,0,0,0,0,0,0
122,False,reg_0,M2,cau100_afr0_asi0_0,regional_0,50,150,365,70,0,0.995,0.01,0,0.001,0.01,50,0,0,0,0,0,0,0,0,0,0,0,0,0,0,0,0,0,0,0,0,0,0,0,0,0,0,0,0,0,0,0,0,0,0
123,False,reg_0,M2,cau100_afr0_asi0_0,regional_0,50,150,365,70,0,0.995,0.01,0,0.001,0.01,50,0,0,0,0,0,0,0,0,0,0,0,0,0,0,0,0,0,0,0,0,0,0,0,0,0,0,0,0,0,0,0,0,0,0
124,False,reg_0,M2,cau100_afr0_asi0_0,regional_0,50,150,365,70,0,0.995,0.01,0,0.001,0.01,50,0,0,0,0,0,0,0,0,0,0,0,0,0,0,0,0,0,0,0,0,0,0,0,0,0,0,0,0,0,0,0,0,0,0
125,False,reg_0,M2,cau100_afr0_asi0_0,regional_0,50,150,365,70,0,0.995,0.01,0,0.001,0.01,50,0,0,0,0,0,0,0,0,0,0,0,0,0,0,0,0,0,0,0,0,0,0,0,0,0,0,0,0,0,0,0,0,0,0
126,False,reg_0,M2,cau100_afr0_asi0_0,regional_0,50,150,365,70,0,0.995,0.01,0,0.001,0.01,50,0,0,0,0,0,0,0,0,0,0,0,0,0,0,0,0,0,0,0,0,0,0,0,0,0,0,0,0,0,0,0,0,0,0
127,False,reg_0,M2,cau100_afr0_asi0_0,regional_0,50,150,365,70,0,0.995,0.01,0,0.001,0.01,50,0,0,0,0,0,0,0,0,0,0,0,0,0,0,0,0,0,0,0,0,0,0,0,0,0,0,0,0,0,0,0,0,0,0
128,False,reg_0,M2,cau100_afr0_asi0_0,regional_0,50,150,365,70,0,0.995,0.01,0,0.001,0.01,50,0,0,0,0,0,0,0,0,0,0,0,0,0,0,0,0,0,0,0,0,0,0,0,0,0,0,0,0,0,0,0,0,0,0
129,False,reg_0,M2,cau100_afr0_asi0_0,regional_0,50,150,365,70,0,0.995,0.01,0,0.001,0.01,50,0,0,0,0,0,0,0,0,0,0,0,0,0,0,0,0,0,0,0,0,0,0,0,0,0,0,0,0,0,0,0,0,0,0
130,False,reg_0,M2,cau100_afr0_asi0_0,regional_0,50,150,365,70,0,0.995,0.01,0,0.001,0.01,50,0,0,0,0,0,0,0,0,0,0,0,0,0,0,0,0,0,0,0,0,0,0,0,0,0,0,0,0,0,0,0,0,0,0
131,False,reg_0,M2,cau100_afr0_asi0_0,regional_0,50,150,365,70,0,0.995,0.01,0,0.001,0.01,50,0,0,0,0,0,0,0,0,0,0,0,0,0,0,0,0,0,0,0,0,0,0,0,0,0,0,0,0,0,0,0,0,0,0
132,False,reg_0,M2,cau100_afr0_asi0_0,regional_0,50,150,365,70,0,0.995,0.01,0,0.001,0.01,50,0,0,0,0,0,0,0,0,0,0,0,0,0,0,0,0,0,0,0,0,0,0,0,0,0,0,0,0,0,0,0,0,0,0
133,False,reg_0,M2,cau100_afr0_asi0_0,regional_0,50,150,365,70,0,0.995,0.01,0,0.001,0.01,50,0,0,0,0,0,0,0,0,0,0,0,0,0,0,0,0,0,0,0,0,0,0,0,0,0,0,0,0,0,0,0,0,0,0
134,False,reg_0,M2,cau100_afr0_asi0_0,regional_0,50,150,365,70,0,0.995,0.01,0,0.001,0.01,50,0,0,0,0,0,0,0,0,0,0,0,0,0,0,0,0,0,0,0,0,0,0,0,0,0,0,0,0,0,0,0,0,0,0
135,False,reg_0,M2,cau100_afr0_asi0_0,regional_0,50,150,365,70,0,0.995,0.01,0,0.001,0.01,50,0,0,0,0,0,0,0,0,0,0,0,0,0,0,0,0,0,0,0,0,0,0,0,0,0,0,0,0,0,0,0,0,0,0
136,False,reg_0,M2,cau100_afr0_asi0_0,regional_0,50,150,365,70,0,0.995,0.01,0,0.001,0.01,50,0,0,0,0,0,0,0,0,0,0,0,0,0,0,0,0,0,0,0,0,0,0,0,0,0,0,0,0,0,0,0,0,0,0
137,False,reg_0,M2,cau100_afr0_asi0_0,regional_0,50,150,365,70,0,0.995,0.01,0,0.001,0.01,50,0,0,0,0,0,0,0,0,0,0,0,0,0,0,0,0,0,0,0,0,0,0,0,0,0,0,0,0,0,0,0,0,0,0
138,False,reg_0,M2,cau100_afr0_asi0_0,regional_0,50,150,365,70,0,0.995,0.01,0,0.001,0.01,50,0,0,0,0,0,0,0,0,0,0,0,0,0,0,0,0,0,0,0,0,0,0,0,0,0,0,0,0,0,0,0,0,0,0
139,False,reg_0,M2,cau100_afr0_asi0_0,regional_0,50,150,365,70,0,0.995,0.01,0,0.001,0.01,50,0,0,0,0,0,0,0,0,0,0,0,0,0,0,0,0,0,0,0,0,0,0,0,0,0,0,0,0,0,0,0,0,0,0
140,False,reg_0,M2,cau100_afr0_asi0_0,regional_0,50,150,365,70,0,0.995,0.01,0,0.001,0.01,50,0,0,0,0,0,0,0,0,0,0,0,0,0,0,0,0,0,0,0,0,0,0,0,0,0,0,0,0,0,0,0,0,0,0
141,False,reg_0,M2,cau100_afr0_asi0_0,regional_0,50,150,365,70,0,0.995,0.01,0,0.001,0.01,50,0,0,0,0,0,0,0,0,0,0,0,0,0,0,0,0,0,0,0,0,0,0,0,0,0,0,0,0,0,0,0,0,0,0
142,False,reg_0,M2,cau100_afr0_asi0_0,regional_0,50,150,365,70,0,0.995,0.01,0,0.001,0.01,50,0,0,0,0,0,0,0,0,0,0,0,0,0,0,0,0,0,0,0,0,0,0,0,0,0,0,0,0,0,0,0,0,0,0
143,False,reg_0,M2,cau100_afr0_asi0_0,regional_0,50,150,365,70,0,0.995,0.01,0,0.001,0.01,50,0,0,0,0,0,0,0,0,0,0,0,0,0,0,0,0,0,0,0,0,0,0,0,0,0,0,0,0,0,0,0,0,0,0
144,False,reg_0,M2,cau100_afr0_asi0_0,regional_0,50,150,365,70,0,0.995,0.01,0,0.001,0.01,50,0,0,0,0,0,0,0,0,0,0,0,0,0,0,0,0,0,0,0,0,0,0,0,0,0,0,0,0,0,0,0,0,0,0
145,False,reg_0,M2,cau100_afr0_asi0_0,regional_0,50,150,365,70,0,0.995,0.01,0,0.001,0.01,50,0,0,0,0,0,0,0,0,0,0,0,0,0,0,0,0,0,0,0,0,0,0,0,0,0,0,0,0,0,0,0,0,0,0
146,False,reg_0,M2,cau100_afr0_asi0_0,regional_0,50,150,365,70,0,0.995,0.01,0,0.001,0.01,50,0,0,0,0,0,0,0,0,0,0,0,0,0,0,0,0,0,0,0,0,0,0,0,0,0,0,0,0,0,0,0,0,0,0
147,False,reg_0,M2,cau100_afr0_asi0_0,regional_0,50,150,365,70,0,0.995,0.01,0,0.001,0.01,50,0,0,0,0,0,0,0,0,0,0,0,0,0,0,0,0,0,0,0,0,0,0,0,0,0,0,0,0,0,0,0,0,0,0
148,False,reg_0,M2,cau100_afr0_asi0_0,regional_0,50,150,365,70,0,0.995,0.01,0,0.001,0.01,50,0,0,0,0,0,0,0,0,0,0,0,0,0,0,0,0,0,0,0,0,0,0,0,0,0,0,0,0,0,0,0,0,0,0
149,False,reg_0,M2,cau100_afr0_asi0_0,regional_0,50,150,365,70,0,0.995,0.01,0,0.001,0.01,50,0,0,0,0,0,0,0,0,0,0,0,0,0,0,0,0,0,0,0,0,0,0,0,0,0,0,0,0,0,0,0,0,0,0
150,False,reg_0,M2,cau100_afr0_asi0_0,regional_0,50,150,365,70,0,0.995,0.01,0,0.001,0.01,50,0,0,0,0,0,0,0,0,0,0,0,0,0,0,0,0,0,0,0,0,0,0,0,0,0,0,0,0,0,0,0,0,0,0
151,False,reg_0,M2,cau100_afr0_asi0_0,regional_0,50,150,365,70,0,0.995,0.01,0,0.001,0.01,50,0,0,0,0,0,0,0,0,0,0,0,0,0,0,0,0,0,0,0,0,0,0,0,0,0,0,0,0,0,0,0,0,0,0
152,False,reg_0,M2,cau100_afr0_asi0_0,regional_0,50,150,365,70,0,0.995,0.01,0,0.001,0.01,50,0,0,0,0,0,0,0,0,0,0,0,0,0,0,0,0,0,0,0,0,0,0,0,0,0,0,0,0,0,0,0,0,0,0
153,False,reg_0,M2,cau100_afr0_asi0_0,regional_0,50,150,365,70,0,0.995,0.01,0,0.001,0.01,50,0,0,0,0,0,0,0,0,0,0,0,0,0,0,0,0,0,0,0,0,0,0,0,0,0,0,0,0,0,0,0,0,0,0
154,False,reg_0,M2,cau100_afr0_asi0_0,regional_0,50,150,365,70,0,0.995,0.01,0,0.001,0.01,50,0,0,0,0,0,0,0,0,0,0,0,0,0,0,0,0,0,0,0,0,0,0,0,0,0,0,0,0,0,0,0,0,0,0
155,False,reg_0,M2,cau100_afr0_asi0_0,regional_0,50,150,365,70,0,0.995,0.01,0,0.001,0.01,50,0,0,0,0,0,0,0,0,0,0,0,0,0,0,0,0,0,0,0,0,0,0,0,0,0,0,0,0,0,0,0,0,0,0
156,False,reg_0,M2,cau100_afr0_asi0_0,regional_0,50,150,365,70,0,0.995,0.01,0,0.001,0.01,50,0,0,0,0,0,0,0,0,0,0,0,0,0,0,0,0,0,0,0,0,0,0,0,0,0,0,0,0,0,0,0,0,0,0
157,False,reg_0,M2,cau100_afr0_asi0_0,regional_0,50,150,365,70,0,0.995,0.01,0,0.001,0.01,50,0,0,0,0,0,0,0,0,0,0,0,0,0,0,0,0,0,0,0,0,0,0,0,0,0,0,0,0,0,0,0,0,0,0
158,False,reg_0,M2,cau100_afr0_asi0_0,regional_0,50,150,365,70,0,0.995,0.01,0,0.001,0.01,50,0,0,0,0,0,0,0,0,0,0,0,0,0,0,0,0,0,0,0,0,0,0,0,0,0,0,0,0,0,0,0,0,0,0
159,False,reg_0,M2,cau100_afr0_asi0_0,regional_0,50,150,365,70,0,0.995,0.01,0,0.001,0.01,50,0,0,0,0,0,0,0,0,0,0,0,0,0,0,0,0,0,0,0,0,0,0,0,0,0,0,0,0,0,0,0,0,0,0
160,False,reg_0,M2,cau100_afr0_asi0_0,regional_0,50,150,365,70,0,0.995,0.01,0,0.001,0.01,50,0,0,0,0,0,0,0,0,0,0,0,0,0,0,0,0,0,0,0,0,0,0,0,0,0,0,0,0,0,0,0,0,0,0
161,False,reg_0,M2,cau100_afr0_asi0_0,regional_0,50,150,365,70,0,0.995,0.01,0,0.001,0.01,50,0,0,0,0,0,0,0,0,0,0,0,0,0,0,0,0,0,0,0,0,0,0,0,0,0,0,0,0,0,0,0,0,0,0
162,False,reg_0,M2,cau100_afr0_asi0_0,regional_0,50,150,365,70,0,0.995,0.01,0,0.001,0.01,50,0,0,0,0,0,0,0,0,0,0,0,0,0,0,0,0,0,0,0,0,0,0,0,0,0,0,0,0,0,0,0,0,0,0
163,False,reg_0,M2,cau100_afr0_asi0_0,regional_0,50,150,365,70,0,0.995,0.01,0,0.001,0.01,50,0,0,0,0,0,0,0,0,0,0,0,0,0,0,0,0,0,0,0,0,0,0,0,0,0,0,0,0,0,0,0,0,0,0
164,False,reg_0,M2,cau100_afr0_asi0_0,regional_0,50,150,365,70,0,0.995,0.01,0,0.001,0.01,50,0,0,0,0,0,0,0,0,0,0,0,0,0,0,0,0,0,0,0,0,0,0,0,0,0,0,0,0,0,0,0,0,0,0
165,False,reg_0,M2,cau100_afr0_asi0_0,regional_0,50,150,365,70,0,0.995,0.01,0,0.001,0.01,50,0,0,0,0,0,0,0,0,0,0,0,0,0,0,0,0,0,0,0,0,0,0,0,0,0,0,0,0,0,0,0,0,0,0
166,False,reg_0,M2,cau100_afr0_asi0_0,regional_0,50,150,365,70,0,0.995,0.01,0,0.001,0.01,50,0,0,0,0,0,0,0,0,0,0,0,0,0,0,0,0,0,0,0,0,0,0,0,0,0,0,0,0,0,0,0,0,0,0
167,False,reg_0,M2,cau100_afr0_asi0_0,regional_0,50,150,365,70,0,0.995,0.01,0,0.001,0.01,50,0,0,0,0,0,0,0,0,0,0,0,0,0,0,0,0,0,0,0,0,0,0,0,0,0,0,0,0,0,0,0,0,0,0
168,False,reg_0,M2,cau100_afr0_asi0_0,regional_0,50,150,365,70,0,0.995,0.01,0,0.001,0.01,50,0,0,0,0,0,0,0,0,0,0,0,0,0,0,0,0,0,0,0,0,0,0,0,0,0,0,0,0,0,0,0,0,0,0
169,False,reg_0,M2,cau100_afr0_asi0_0,regional_0,50,150,365,70,0,0.995,0.01,0,0.001,0.01,50,0,0,0,0,0,0,0,0,0,0,0,0,0,0,0,0,0,0,0,0,0,0,0,0,0,0,0,0,0,0,0,0,0,0
170,False,reg_0,M2,cau100_afr0_asi0_0,regional_0,50,150,365,70,0,0.995,0.01,0,0.001,0.01,50,0,0,0,0,0,0,0,0,0,0,0,0,0,0,0,0,0,0,0,0,0,0,0,0,0,0,0,0,0,0,0,0,0,0
171,False,reg_0,M2,cau100_afr0_asi0_0,regional_0,50,150,365,70,0,0.995,0.01,0,0.001,0.01,50,0,0,0,0,0,0,0,0,0,0,0,0,0,0,0,0,0,0,0,0,0,0,0,0,0,0,0,0,0,0,0,0,0,0
172,False,reg_0,M2,cau100_afr0_asi0_0,regional_0,50,150,365,70,0,0.995,0.01,0,0.001,0.01,50,0,0,0,0,0,0,0,0,0,0,0,0,0,0,0,0,0,0,0,0,0,0,0,0,0,0,0,0,0,0,0,0,0,0
173,False,reg_0,M2,cau100_afr0_asi0_0,regional_0,50,150,365,70,0,0.995,0.01,0,0.001,0.01,50,0,0,0,0,0,0,0,0,0,0,0,0,0,0,0,0,0,0,0,0,0,0,0,0,0,0,0,0,0,0,0,0,0,0
174,False,reg_0,M2,cau100_afr0_asi0_0,regional_0,50,150,365,70,0,0.995,0.01,0,0.001,0.01,50,0,0,0,0,0,0,0,0,0,0,0,0,0,0,0,0,0,0,0,0,0,0,0,0,0,0,0,0,0,0,0,0,0,0
175,False,reg_0,M2,cau100_afr0_asi0_0,regional_0,50,150,365,70,0,0.995,0.01,0,0.001,0.01,50,0,0,0,0,0,0,0,0,0,0,0,0,0,0,0,0,0,0,0,0,0,0,0,0,0,0,0,0,0,0,0,0,0,0
176,False,reg_0,M2,cau100_afr0_asi0_0,regional_0,50,150,365,70,0,0.995,0.01,0,0.001,0.01,50,0,0,0,0,0,0,0,0,0,0,0,0,0,0,0,0,0,0,0,0,0,0,0,0,0,0,0,0,0,0,0,0,0,0
177,False,reg_0,M2,cau100_afr0_asi0_0,regional_0,50,150,365,70,0,0.995,0.01,0,0.001,0.01,50,0,0,0,0,0,0,0,0,0,0,0,0,0,0,0,0,0,0,0,0,0,0,0,0,0,0,0,0,0,0,0,0,0,0
178,False,reg_0,M2,cau100_afr0_asi0_0,regional_0,50,150,365,70,0,0.995,0.01,0,0.001,0.01,50,0,0,0,0,0,0,0,0,0,0,0,0,0,0,0,0,0,0,0,0,0,0,0,0,0,0,0,0,0,0,0,0,0,0
179,False,reg_0,M2,cau100_afr0_asi0_0,regional_0,50,150,365,70,0,0.995,0.01,0,0.001,0.01,50,0,0,0,0,0,0,0,0,0,0,0,0,0,0,0,0,0,0,0,0,0,0,0,0,0,0,0,0,0,0,0,0,0,0
180,False,reg_0,M2,cau100_afr0_asi0_0,regional_0,50,150,365,70,0,0.995,0.01,0,0.001,0.01,50,0,0,0,0,0,0,0,0,0,0,0,0,0,0,0,0,0,0,0,0,0,0,0,0,0,0,0,0,0,0,0,0,0,0
181,False,reg_0,M2,cau100_afr0_asi0_0,regional_0,50,150,365,70,0,0.995,0.01,0,0.001,0.01,50,0,0,0,0,0,0,0,0,0,0,0,0,0,0,0,0,0,0,0,0,0,0,0,0,0,0,0,0,0,0,0,0,0,0
182,False,reg_0,M2,cau100_afr0_asi0_0,regional_0,50,150,365,70,0,0.995,0.01,0,0.001,0.01,50,0,0,0,0,0,0,0,0,0,0,0,0,0,0,0,0,0,0,0,0,0,0,0,0,0,0,0,0,0,0,0,0,0,0
183,False,reg_0,M2,cau100_afr0_asi0_0,regional_0,50,150,365,70,0,0.995,0.01,0,0.001,0.01,50,0,0,0,0,0,0,0,0,0,0,0,0,0,0,0,0,0,0,0,0,0,0,0,0,0,0,0,0,0,0,0,0,0,0
184,False,reg_0,M2,cau100_afr0_asi0_0,regional_0,50,150,365,70,0,0.995,0.01,0,0.001,0.01,50,0,0,0,0,0,0,0,0,0,0,0,0,0,0,0,0,0,0,0,0,0,0,0,0,0,0,0,0,0,0,0,0,0,0
185,False,reg_0,M2,cau100_afr0_asi0_0,regional_0,50,150,365,70,0,0.995,0.01,0,0.001,0.01,50,0,0,0,0,0,0,0,0,0,0,0,0,0,0,0,0,0,0,0,0,0,0,0,0,0,0,0,0,0,0,0,0,0,0
186,False,reg_0,M2,cau100_afr0_asi0_0,regional_0,50,150,365,70,0,0.995,0.01,0,0.001,0.01,50,0,0,0,0,0,0,0,0,0,0,0,0,0,0,0,0,0,0,0,0,0,0,0,0,0,0,0,0,0,0,0,0,0,0
187,False,reg_0,M2,cau100_afr0_asi0_0,regional_0,50,150,365,70,0,0.995,0.01,0,0.001,0.01,50,0,0,0,0,0,0,0,0,0,0,0,0,0,0,0,0,0,0,0,0,0,0,0,0,0,0,0,0,0,0,0,0,0,0
188,False,reg_0,M2,cau100_afr0_asi0_0,regional_0,50,150,365,70,0,0.995,0.01,0,0.001,0.01,50,0,0,0,0,0,0,0,0,0,0,0,0,0,0,0,0,0,0,0,0,0,0,0,0,0,0,0,0,0,0,0,0,0,0
189,False,reg_0,M2,cau100_afr0_asi0_0,regional_0,50,150,365,70,0,0.995,0.01,0,0.001,0.01,50,0,0,0,0,0,0,0,0,0,0,0,0,0,0,0,0,0,0,0,0,0,0,0,0,0,0,0,0,0,0,0,0,0,0
190,False,reg_0,M2,cau100_afr0_asi0_0,regional_0,50,150,365,70,0,0.995,0.01,0,0.001,0.01,50,0,0,0,0,0,0,0,0,0,0,0,0,0,0,0,0,0,0,0,0,0,0,0,0,0,0,0,0,0,0,0,0,0,0
191,False,reg_0,M2,cau100_afr0_asi0_0,regional_0,50,150,365,70,0,0.995,0.01,0,0.001,0.01,50,0,0,0,0,0,0,0,0,0,0,0,0,0,0,0,0,0,0,0,0,0,0,0,0,0,0,0,0,0,0,0,0,0,0
192,False,reg_0,M2,cau100_afr0_asi0_0,regional_0,50,150,365,70,0,0.995,0.01,0,0.001,0.01,50,0,0,0,0,0,0,0,0,0,0,0,0,0,0,0,0,0,0,0,0,0,0,0,0,0,0,0,0,0,0,0,0,0,0
193,False,reg_0,M2,cau100_afr0_asi0_0,regional_0,50,150,365,70,0,0.995,0.01,0,0.001,0.01,50,0,0,0,0,0,0,0,0,0,0,0,0,0,0,0,0,0,0,0,0,0,0,0,0,0,0,0,0,0,0,0,0,0,0
194,False,reg_0,M2,cau100_afr0_asi0_0,regional_0,50,150,365,70,0,0.995,0.01,0,0.001,0.01,50,0,0,0,0,0,0,0,0,0,0,0,0,0,0,0,0,0,0,0,0,0,0,0,0,0,0,0,0,0,0,0,0,0,0
195,False,reg_0,M2,cau100_afr0_asi0_0,regional_0,50,150,365,70,0,0.995,0.01,0,0.001,0.01,50,0,0,0,0,0,0,0,0,0,0,0,0,0,0,0,0,0,0,0,0,0,0,0,0,0,0,0,0,0,0,0,0,0,0
196,False,reg_0,M2,cau100_afr0_asi0_0,regional_0,50,150,365,70,0,0.995,0.01,0,0.001,0.01,50,0,0,0,0,0,0,0,0,0,0,0,0,0,0,0,0,0,0,0,0,0,0,0,0,0,0,0,0,0,0,0,0,0,0
197,False,reg_0,M2,cau100_afr0_asi0_0,regional_0,50,150,365,70,0,0.995,0.01,0,0.001,0.01,50,0,0,0,0,0,0,0,0,0,0,0,0,0,0,0,0,0,0,0,0,0,0,0,0,0,0,0,0,0,0,0,0,0,0
198,False,reg_0,M2,cau100_afr0_asi0_0,regional_0,50,150,365,70,0,0.995,0.01,0,0.001,0.01,50,0,0,0,0,0,0,0,0,0,0,0,0,0,0,0,0,0,0,0,0,0,0,0,0,0,0,0,0,0,0,0,0,0,0
199,False,reg_0,M2,cau100_afr0_asi0_0,regional_0,50,150,365,70,0,0.995,0.01,0,0.001,0.01,50,0,0,0,0,0,0,0,0,0,0,0,0,0,0,0,0,0,0,0,0,0,0,0,0,0,0,0,0,0,0,0,0,0,0
200,False,reg_0,M2,cau100_afr0_asi0_0,regional_0,50,150,365,70,0,0.995,0.01,0,0.001,0.01,50,0,0,0,0,0,0,0,0,0,0,0,0,0,0,0,0,0,0,0,0,0,0,0,0,0,0,0,0,0,0,0,0,0,0
201,False,reg_0,M2,cau100_afr0_asi0_0,regional_0,50,150,365,70,0,0.995,0.01,0,0.001,0.01,50,0,0,0,0,0,0,0,0,0,0,0,0,0,0,0,0,0,0,0,0,0,0,0,0,0,0,0,0,0,0,0,0,0,0
202,False,reg_0,M2,cau100_afr0_asi0_0,regional_0,50,150,365,70,0,0.995,0.01,0,0.001,0.01,50,0,0,0,0,0,0,0,0,0,0,0,0,0,0,0,0,0,0,0,0,0,0,0,0,0,0,0,0,0,0,0,0,0,0
203,False,reg_0,M2,cau100_afr0_asi0_0,regional_0,50,150,365,70,0,0.995,0.01,0,0.001,0.01,50,0,0,0,0,0,0,0,0,0,0,0,0,0,0,0,0,0,0,0,0,0,0,0,0,0,0,0,0,0,0,0,0,0,0
204,False,reg_0,M2,cau100_afr0_asi0_0,regional_0,50,150,365,70,0,0.995,0.01,0,0.001,0.01,50,0,0,0,0,0,0,0,0,0,0,0,0,0,0,0,0,0,0,0,0,0,0,0,0,0,0,0,0,0,0,0,0,0,0
205,False,reg_0,M2,cau100_afr0_asi0_0,regional_0,50,150,365,70,0,0.995,0.01,0,0.001,0.01,50,0,0,0,0,0,0,0,0,0,0,0,0,0,0,0,0,0,0,0,0,0,0,0,0,0,0,0,0,0,0,0,0,0,0
206,False,reg_0,M2,cau100_afr0_asi0_0,regional_0,50,150,365,70,0,0.995,0.01,0,0.001,0.01,50,0,0,0,0,0,0,0,0,0,0,0,0,0,0,0,0,0,0,0,0,0,0,0,0,0,0,0,0,0,0,0,0,0,0
207,False,reg_0,M2,cau100_afr0_asi0_0,regional_0,50,150,365,70,0,0.995,0.01,0,0.001,0.01,50,0,0,0,0,0,0,0,0,0,0,0,0,0,0,0,0,0,0,0,0,0,0,0,0,0,0,0,0,0,0,0,0,0,0
208,False,reg_0,M2,cau100_afr0_asi0_0,regional_0,50,150,365,70,0,0.995,0.01,0,0.001,0.01,50,0,0,0,0,0,0,0,0,0,0,0,0,0,0,0,0,0,0,0,0,0,0,0,0,0,0,0,0,0,0,0,0,0,0
209,False,reg_0,M2,cau100_afr0_asi0_0,regional_0,50,150,365,70,0,0.995,0.01,0,0.001,0.01,50,0,0,0,0,0,0,0,0,0,0,0,0,0,0,0,0,0,0,0,0,0,0,0,0,0,0,0,0,0,0,0,0,0,0
210,False,reg_0,M2,cau100_afr0_asi0_0,regional_0,50,150,365,70,0,0.995,0.01,0,0.001,0.01,50,0,0,0,0,0,0,0,0,0,0,0,0,0,0,0,0,0,0,0,0,0,0,0,0,0,0,0,0,0,0,0,0,0,0
211,False,reg_0,M2,cau100_afr0_asi0_0,regional_0,50,150,365,70,0,0.995,0.01,0,0.001,0.01,50,0,0,0,0,0,0,0,0,0,0,0,0,0,0,0,0,0,0,0,0,0,0,0,0,0,0,0,0,0,0,0,0,0,0
212,False,reg_0,M2,cau100_afr0_asi0_0,regional_0,50,150,365,70,0,0.995,0.01,0,0.001,0.01,50,0,0,0,0,0,0,0,0,0,0,0,0,0,0,0,0,0,0,0,0,0,0,0,0,0,0,0,0,0,0,0,0,0,0
213,False,reg_0,M2,cau100_afr0_asi0_0,regional_0,50,150,365,70,0,0.995,0.01,0,0.001,0.01,50,0,0,0,0,0,0,0,0,0,0,0,0,0,0,0,0,0,0,0,0,0,0,0,0,0,0,0,0,0,0,0,0,0,0
214,False,reg_0,M2,cau100_afr0_asi0_0,regional_0,50,150,365,70,0,0.995,0.01,0,0.001,0.01,50,0,0,0,0,0,0,0,0,0,0,0,0,0,0,0,0,0,0,0,0,0,0,0,0,0,0,0,0,0,0,0,0,0,0
215,False,reg_0,M2,cau100_afr0_asi0_0,regional_0,50,150,365,70,0,0.995,0.01,0,0.001,0.01,50,0,0,0,0,0,0,0,0,0,0,0,0,0,0,0,0,0,0,0,0,0,0,0,0,0,0,0,0,0,0,0,0,0,0
216,False,reg_0,M2,cau100_afr0_asi0_0,regional_0,50,150,365,70,0,0.995,0.01,0,0.001,0.01,50,0,0,0,0,0,0,0,0,0,0,0,0,0,0,0,0,0,0,0,0,0,0,0,0,0,0,0,0,0,0,0,0,0,0
217,False,reg_0,M2,cau100_afr0_asi0_0,regional_0,50,150,365,70,0,0.995,0.01,0,0.001,0.01,50,0,0,0,0,0,0,0,0,0,0,0,0,0,0,0,0,0,0,0,0,0,0,0,0,0,0,0,0,0,0,0,0,0,0
218,False,reg_0,M2,cau100_afr0_asi0_0,regional_0,50,150,365,70,0,0.995,0.01,0,0.001,0.01,50,0,0,0,0,0,0,0,0,0,0,0,0,0,0,0,0,0,0,0,0,0,0,0,0,0,0,0,0,0,0,0,0,0,0
219,False,reg_0,M2,cau100_afr0_asi0_0,regional_0,50,150,365,70,0,0.995,0.01,0,0.001,0.01,50,0,0,0,0,0,0,0,0,0,0,0,0,0,0,0,0,0,0,0,0,0,0,0,0,0,0,0,0,0,0,0,0,0,0
220,False,reg_0,M2,cau100_afr0_asi0_0,regional_0,50,150,365,70,0,0.995,0.01,0,0.001,0.01,50,0,0,0,0,0,0,0,0,0,0,0,0,0,0,0,0,0,0,0,0,0,0,0,0,0,0,0,0,0,0,0,0,0,0
221,False,reg_0,M2,cau100_afr0_asi0_0,regional_0,50,150,365,70,0,0.995,0.01,0,0.001,0.01,50,0,0,0,0,0,0,0,0,0,0,0,0,0,0,0,0,0,0,0,0,0,0,0,0,0,0,0,0,0,0,0,0,0,0
222,False,reg_0,M2,cau100_afr0_asi0_0,regional_0,50,150,365,70,0,0.995,0.01,0,0.001,0.01,50,0,0,0,0,0,0,0,0,0,0,0,0,0,0,0,0,0,0,0,0,0,0,0,0,0,0,0,0,0,0,0,0,0,0
223,False,reg_0,M2,cau100_afr0_asi0_0,regional_0,50,150,365,70,0,0.995,0.01,0,0.001,0.01,50,0,0,0,0,0,0,0,0,0,0,0,0,0,0,0,0,0,0,0,0,0,0,0,0,0,0,0,0,0,0,0,0,0,0
224,False,reg_0,M2,cau100_afr0_asi0_0,regional_0,50,150,365,70,0,0.995,0.01,0,0.001,0.01,50,0,0,0,0,0,0,0,0,0,0,0,0,0,0,0,0,0,0,0,0,0,0,0,0,0,0,0,0,0,0,0,0,0,0
225,False,reg_0,M2,cau100_afr0_asi0_0,regional_0,50,150,365,70,0,0.995,0.01,0,0.001,0.01,50,0,0,0,0,0,0,0,0,0,0,0,0,0,0,0,0,0,0,0,0,0,0,0,0,0,0,0,0,0,0,0,0,0,0
226,False,reg_0,M2,cau100_afr0_asi0_0,regional_0,50,150,365,70,0,0.995,0.01,0,0.001,0.01,50,0,0,0,0,0,0,0,0,0,0,0,0,0,0,0,0,0,0,0,0,0,0,0,0,0,0,0,0,0,0,0,0,0,0
227,False,reg_0,M2,cau100_afr0_asi0_0,regional_0,50,150,365,70,0,0.995,0.01,0,0.001,0.01,50,0,0,0,0,0,0,0,0,0,0,0,0,0,0,0,0,0,0,0,0,0,0,0,0,0,0,0,0,0,0,0,0,0,0
228,False,reg_0,M2,cau100_afr0_asi0_0,regional_0,50,150,365,70,0,0.995,0.01,0,0.001,0.01,50,0,0,0,0,0,0,0,0,0,0,0,0,0,0,0,0,0,0,0,0,0,0,0,0,0,0,0,0,0,0,0,0,0,0
229,False,reg_0,M2,cau100_afr0_asi0_0,regional_0,50,150,365,70,0,0.995,0.01,0,0.001,0.01,50,0,0,0,0,0,0,0,0,0,0,0,0,0,0,0,0,0,0,0,0,0,0,0,0,0,0,0,0,0,0,0,0,0,0
230,False,reg_0,M2,cau100_afr0_asi0_0,regional_0,50,150,365,70,0,0.995,0.01,0,0.001,0.01,50,0,0,0,0,0,0,0,0,0,0,0,0,0,0,0,0,0,0,0,0,0,0,0,0,0,0,0,0,0,0,0,0,0,0
231,False,reg_0,M2,cau100_afr0_asi0_0,regional_0,50,150,365,70,0,0.995,0.01,0,0.001,0.01,50,0,0,0,0,0,0,0,0,0,0,0,0,0,0,0,0,0,0,0,0,0,0,0,0,0,0,0,0,0,0,0,0,0,0
232,False,reg_0,M2,cau100_afr0_asi0_0,regional_0,50,150,365,70,0,0.995,0.01,0,0.001,0.01,50,0,0,0,0,0,0,0,0,0,0,0,0,0,0,0,0,0,0,0,0,0,0,0,0,0,0,0,0,0,0,0,0,0,0
233,False,reg_0,M2,cau100_afr0_asi0_0,regional_0,50,150,365,70,0,0.995,0.01,0,0.001,0.01,50,0,0,0,0,0,0,0,0,0,0,0,0,0,0,0,0,0,0,0,0,0,0,0,0,0,0,0,0,0,0,0,0,0,0
234,False,reg_0,M2,cau100_afr0_asi0_0,regional_0,50,150,365,70,0,0.995,0.01,0,0.001,0.01,50,0,0,0,0,0,0,0,0,0,0,0,0,0,0,0,0,0,0,0,0,0,0,0,0,0,0,0,0,0,0,0,0,0,0
235,False,reg_0,M2,cau100_afr0_asi0_0,regional_0,50,150,365,70,0,0.995,0.01,0,0.001,0.01,50,0,0,0,0,0,0,0,0,0,0,0,0,0,0,0,0,0,0,0,0,0,0,0,0,0,0,0,0,0,0,0,0,0,0
236,False,reg_0,M2,cau100_afr0_asi0_0,regional_0,50,150,365,70,0,0.995,0.01,0,0.001,0.01,50,0,0,0,0,0,0,0,0,0,0,0,0,0,0,0,0,0,0,0,0,0,0,0,0,0,0,0,0,0,0,0,0,0,0
237,False,reg_0,M2,cau100_afr0_asi0_0,regional_0,50,150,365,70,0,0.995,0.01,0,0.001,0.01,50,0,0,0,0,0,0,0,0,0,0,0,0,0,0,0,0,0,0,0,0,0,0,0,0,0,0,0,0,0,0,0,0,0,0
238,False,reg_0,M2,cau100_afr0_asi0_0,regional_0,50,150,365,70,0,0.995,0.01,0,0.001,0.01,50,0,0,0,0,0,0,0,0,0,0,0,0,0,0,0,0,0,0,0,0,0,0,0,0,0,0,0,0,0,0,0,0,0,0
239,False,reg_0,M2,cau100_afr0_asi0_0,regional_0,50,150,365,70,0,0.995,0.01,0,0.001,0.01,50,0,0,0,0,0,0,0,0,0,0,0,0,0,0,0,0,0,0,0,0,0,0,0,0,0,0,0,0,0,0,0,0,0,0
240,False,reg_0,M2,cau100_afr0_asi0_0,regional_0,50,150,365,70,0,0.995,0.01,0,0.001,0.01,50,0,0,0,0,0,0,0,0,0,0,0,0,0,0,0,0,0,0,0,0,0,0,0,0,0,0,0,0,0,0,0,0,0,0
241,False,reg_0,M2,cau100_afr0_asi0_0,regional_0,50,150,365,70,0,0.995,0.01,0,0.001,0.01,50,0,0,0,0,0,0,0,0,0,0,0,0,0,0,0,0,0,0,0,0,0,0,0,0,0,0,0,0,0,0,0,0,0,0
242,False,reg_0,M2,cau100_afr0_asi0_0,regional_0,50,150,365,70,0,0.995,0.01,0,0.001,0.01,50,0,0,0,0,0,0,0,0,0,0,0,0,0,0,0,0,0,0,0,0,0,0,0,0,0,0,0,0,0,0,0,0,0,0
243,False,reg_0,M2,cau100_afr0_asi0_0,regional_0,50,150,365,70,0,0.995,0.01,0,0.001,0.01,50,0,0,0,0,0,0,0,0,0,0,0,0,0,0,0,0,0,0,0,0,0,0,0,0,0,0,0,0,0,0,0,0,0,0
244,False,reg_0,M2,cau100_afr0_asi0_0,regional_0,50,150,365,70,0,0.995,0.01,0,0.001,0.01,50,0,0,0,0,0,0,0,0,0,0,0,0,0,0,0,0,0,0,0,0,0,0,0,0,0,0,0,0,0,0,0,0,0,0
245,False,reg_0,M2,cau100_afr0_asi0_0,regional_0,50,150,365,70,0,0.995,0.01,0,0.001,0.01,50,0,0,0,0,0,0,0,0,0,0,0,0,0,0,0,0,0,0,0,0,0,0,0,0,0,0,0,0,0,0,0,0,0,0
246,False,reg_0,M2,cau100_afr0_asi0_0,regional_0,50,150,365,70,0,0.995,0.01,0,0.001,0.01,50,0,0,0,0,0,0,0,0,0,0,0,0,0,0,0,0,0,0,0,0,0,0,0,0,0,0,0,0,0,0,0,0,0,0
247,False,reg_0,M2,cau100_afr0_asi0_0,regional_0,50,150,365,70,0,0.995,0.01,0,0.001,0.01,50,0,0,0,0,0,0,0,0,0,0,0,0,0,0,0,0,0,0,0,0,0,0,0,0,0,0,0,0,0,0,0,0,0,0
248,False,reg_0,M2,cau100_afr0_asi0_0,regional_0,50,150,365,70,0,0.995,0.01,0,0.001,0.01,50,0,0,0,0,0,0,0,0,0,0,0,0,0,0,0,0,0,0,0,0,0,0,0,0,0,0,0,0,0,0,0,0,0,0
249,False,reg_0,M2,cau100_afr0_asi0_0,regional_0,50,150,365,70,0,0.995,0.01,0,0.001,0.01,50,0,0,0,0,0,0,0,0,0,0,0,0,0,0,0,0,0,0,0,0,0,0,0,0,0,0,0,0,0,0,0,0,0,0
250,False,reg_0,M2,cau100_afr0_asi0_0,regional_0,50,150,365,70,0,0.995,0.01,0,0.001,0.01,50,0,0,0,0,0,0,0,0,0,0,0,0,0,0,0,0,0,0,0,0,0,0,0,0,0,0,0,0,0,0,0,0,0,0
251,False,reg_0,M2,cau100_afr0_asi0_0,regional_0,50,150,365,70,0,0.995,0.01,0,0.001,0.01,50,0,0,0,0,0,0,0,0,0,0,0,0,0,0,0,0,0,0,0,0,0,0,0,0,0,0,0,0,0,0,0,0,0,0
252,False,reg_0,M2,cau100_afr0_asi0_0,regional_0,50,150,365,70,0,0.995,0.01,0,0.001,0.01,50,0,0,0,0,0,0,0,0,0,0,0,0,0,0,0,0,0,0,0,0,0,0,0,0,0,0,0,0,0,0,0,0,0,0
253,False,reg_0,M2,cau100_afr0_asi0_0,regional_0,50,150,365,70,0,0.995,0.01,0,0.001,0.01,50,0,0,0,0,0,0,0,0,0,0,0,0,0,0,0,0,0,0,0,0,0,0,0,0,0,0,0,0,0,0,0,0,0,0
254,False,reg_0,M2,cau100_afr0_asi0_0,regional_0,50,150,365,70,0,0.995,0.01,0,0.001,0.01,50,0,0,0,0,0,0,0,0,0,0,0,0,0,0,0,0,0,0,0,0,0,0,0,0,0,0,0,0,0,0,0,0,0,0
255,False,reg_0,M2,cau100_afr0_asi0_0,regional_0,50,150,365,70,0,0.995,0.01,0,0.001,0.01,50,0,0,0,0,0,0,0,0,0,0,0,0,0,0,0,0,0,0,0,0,0,0,0,0,0,0,0,0,0,0,0,0,0,0
256,False,reg_0,M2,cau100_afr0_asi0_0,regional_0,50,150,365,70,0,0.995,0.01,0,0.001,0.01,50,0,0,0,0,0,0,0,0,0,0,0,0,0,0,0,0,0,0,0,0,0,0,0,0,0,0,0,0,0,0,0,0,0,0
257,False,reg_0,M2,cau100_afr0_asi0_0,regional_0,50,150,365,70,0,0.995,0.01,0,0.001,0.01,50,0,0,0,0,0,0,0,0,0,0,0,0,0,0,0,0,0,0,0,0,0,0,0,0,0,0,0,0,0,0,0,0,0,0
258,False,reg_0,M2,cau100_afr0_asi0_0,regional_0,50,150,365,70,0,0.995,0.01,0,0.001,0.01,50,0,0,0,0,0,0,0,0,0,0,0,0,0,0,0,0,0,0,0,0,0,0,0,0,0,0,0,0,0,0,0,0,0,0
259,False,reg_0,M2,cau100_afr0_asi0_0,regional_0,50,150,365,70,0,0.995,0.01,0,0.001,0.01,50,0,0,0,0,0,0,0,0,0,0,0,0,0,0,0,0,0,0,0,0,0,0,0,0,0,0,0,0,0,0,0,0,0,0
260,False,reg_0,M2,cau100_afr0_asi0_0,regional_0,50,150,365,70,0,0.995,0.01,0,0.001,0.01,50,0,0,0,0,0,0,0,0,0,0,0,0,0,0,0,0,0,0,0,0,0,0,0,0,0,0,0,0,0,0,0,0,0,0
261,False,reg_0,M2,cau100_afr0_asi0_0,regional_0,50,150,365,70,0,0.995,0.01,0,0.001,0.01,50,0,0,0,0,0,0,0,0,0,0,0,0,0,0,0,0,0,0,0,0,0,0,0,0,0,0,0,0,0,0,0,0,0,0
262,False,reg_0,M2,cau100_afr0_asi0_0,regional_0,50,150,365,70,0,0.995,0.01,0,0.001,0.01,50,0,0,0,0,0,0,0,0,0,0,0,0,0,0,0,0,0,0,0,0,0,0,0,0,0,0,0,0,0,0,0,0,0,0
263,False,reg_0,M2,cau100_afr0_asi0_0,regional_0,50,150,365,70,0,0.995,0.01,0,0.001,0.01,50,0,0,0,0,0,0,0,0,0,0,0,0,0,0,0,0,0,0,0,0,0,0,0,0,0,0,0,0,0,0,0,0,0,0
264,False,reg_0,M2,cau100_afr0_asi0_0,regional_0,50,150,365,70,0,0.995,0.01,0,0.001,0.01,50,0,0,0,0,0,0,0,0,0,0,0,0,0,0,0,0,0,0,0,0,0,0,0,0,0,0,0,0,0,0,0,0,0,0
265,False,reg_0,M2,cau100_afr0_asi0_0,regional_0,50,150,365,70,0,0.995,0.01,0,0.001,0.01,50,0,0,0,0,0,0,0,0,0,0,0,0,0,0,0,0,0,0,0,0,0,0,0,0,0,0,0,0,0,0,0,0,0,0
266,False,reg_0,M2,cau100_afr0_asi0_0,regional_0,50,150,365,70,0,0.995,0.01,0,0.001,0.01,50,0,0,0,0,0,0,0,0,0,0,0,0,0,0,0,0,0,0,0,0,0,0,0,0,0,0,0,0,0,0,0,0,0,0
267,False,reg_0,M2,cau100_afr0_asi0_0,regional_0,50,150,365,70,0,0.995,0.01,0,0.001,0.01,50,0,0,0,0,0,0,0,0,0,0,0,0,0,0,0,0,0,0,0,0,0,0,0,0,0,0,0,0,0,0,0,0,0,0
268,False,reg_0,M2,cau100_afr0_asi0_0,regional_0,50,150,365,70,0,0.995,0.01,0,0.001,0.01,50,0,0,0,0,0,0,0,0,0,0,0,0,0,0,0,0,0,0,0,0,0,0,0,0,0,0,0,0,0,0,0,0,0,0
269,False,reg_0,M2,cau100_afr0_asi0_0,regional_0,50,150,365,70,0,0.995,0.01,0,0.001,0.01,50,0,0,0,0,0,0,0,0,0,0,0,0,0,0,0,0,0,0,0,0,0,0,0,0,0,0,0,0,0,0,0,0,0,0
270,False,reg_0,M2,cau100_afr0_asi0_0,regional_0,50,150,365,70,0,0.995,0.01,0,0.001,0.01,50,0,0,0,0,0,0,0,0,0,0,0,0,0,0,0,0,0,0,0,0,0,0,0,0,0,0,0,0,0,0,0,0,0,0
271,False,reg_0,M2,cau100_afr0_asi0_0,regional_0,50,150,365,70,0,0.995,0.01,0,0.001,0.01,50,0,0,0,0,0,0,0,0,0,0,0,0,0,0,0,0,0,0,0,0,0,0,0,0,0,0,0,0,0,0,0,0,0,0
272,False,reg_0,M2,cau100_afr0_asi0_0,regional_0,50,150,365,70,0,0.995,0.01,0,0.001,0.01,50,0,0,0,0,0,0,0,0,0,0,0,0,0,0,0,0,0,0,0,0,0,0,0,0,0,0,0,0,0,0,0,0,0,0
273,False,reg_0,M2,cau100_afr0_asi0_0,regional_0,50,150,365,70,0,0.995,0.01,0,0.001,0.01,50,0,0,0,0,0,0,0,0,0,0,0,0,0,0,0,0,0,0,0,0,0,0,0,0,0,0,0,0,0,0,0,0,0,0
274,False,reg_0,M2,cau100_afr0_asi0_0,regional_0,50,150,365,70,0,0.995,0.01,0,0.001,0.01,50,0,0,0,0,0,0,0,0,0,0,0,0,0,0,0,0,0,0,0,0,0,0,0,0,0,0,0,0,0,0,0,0,0,0
275,False,reg_0,M2,cau100_afr0_asi0_0,regional_0,50,150,365,70,0,0.995,0.01,0,0.001,0.01,50,0,0,0,0,0,0,0,0,0,0,0,0,0,0,0,0,0,0,0,0,0,0,0,0,0,0,0,0,0,0,0,0,0,0
276,False,reg_0,M2,cau100_afr0_asi0_0,regional_0,50,150,365,70,0,0.995,0.01,0,0.001,0.01,50,0,0,0,0,0,0,0,0,0,0,0,0,0,0,0,0,0,0,0,0,0,0,0,0,0,0,0,0,0,0,0,0,0,0
277,False,reg_0,M2,cau100_afr0_asi0_0,regional_0,50,150,365,70,0,0.995,0.01,0,0.001,0.01,50,0,0,0,0,0,0,0,0,0,0,0,0,0,0,0,0,0,0,0,0,0,0,0,0,0,0,0,0,0,0,0,0,0,0
278,False,reg_0,M2,cau100_afr0_asi0_0,regional_0,50,150,365,70,0,0.995,0.01,0,0.001,0.01,50,0,0,0,0,0,0,0,0,0,0,0,0,0,0,0,0,0,0,0,0,0,0,0,0,0,0,0,0,0,0,0,0,0,0
279,False,reg_0,M2,cau100_afr0_asi0_0,regional_0,50,150,365,70,0,0.995,0.01,0,0.001,0.01,50,0,0,0,0,0,0,0,0,0,0,0,0,0,0,0,0,0,0,0,0,0,0,0,0,0,0,0,0,0,0,0,0,0,0
280,False,reg_0,M2,cau100_afr0_asi0_0,regional_0,50,150,365,70,0,0.995,0.01,0,0.001,0.01,50,0,0,0,0,0,0,0,0,0,0,0,0,0,0,0,0,0,0,0,0,0,0,0,0,0,0,0,0,0,0,0,0,0,0
281,False,reg_0,M2,cau100_afr0_asi0_0,regional_0,50,150,365,70,0,0.995,0.01,0,0.001,0.01,50,0,0,0,0,0,0,0,0,0,0,0,0,0,0,0,0,0,0,0,0,0,0,0,0,0,0,0,0,0,0,0,0,0,0
282,False,reg_0,M2,cau100_afr0_asi0_0,regional_0,50,150,365,70,0,0.995,0.01,0,0.001,0.01,50,0,0,0,0,0,0,0,0,0,0,0,0,0,0,0,0,0,0,0,0,0,0,0,0,0,0,0,0,0,0,0,0,0,0
283,False,reg_0,M2,cau100_afr0_asi0_0,regional_0,50,150,365,70,0,0.995,0.01,0,0.001,0.01,50,0,0,0,0,0,0,0,0,0,0,0,0,0,0,0,0,0,0,0,0,0,0,0,0,0,0,0,0,0,0,0,0,0,0
284,False,reg_0,M2,cau100_afr0_asi0_0,regional_0,50,150,365,70,0,0.995,0.01,0,0.001,0.01,50,0,0,0,0,0,0,0,0,0,0,0,0,0,0,0,0,0,0,0,0,0,0,0,0,0,0,0,0,0,0,0,0,0,0
285,False,reg_0,M2,cau100_afr0_asi0_0,regional_0,50,150,365,70,0,0.995,0.01,0,0.001,0.01,50,0,0,0,0,0,0,0,0,0,0,0,0,0,0,0,0,0,0,0,0,0,0,0,0,0,0,0,0,0,0,0,0,0,0
286,False,reg_0,M2,cau100_afr0_asi0_0,regional_0,50,150,365,70,0,0.995,0.01,0,0.001,0.01,50,0,0,0,0,0,0,0,0,0,0,0,0,0,0,0,0,0,0,0,0,0,0,0,0,0,0,0,0,0,0,0,0,0,0
287,False,reg_0,M2,cau100_afr0_asi0_0,regional_0,50,150,365,70,0,0.995,0.01,0,0.001,0.01,50,0,0,0,0,0,0,0,0,0,0,0,0,0,0,0,0,0,0,0,0,0,0,0,0,0,0,0,0,0,0,0,0,0,0
288,False,reg_0,M2,cau100_afr0_asi0_0,regional_0,50,150,365,70,0,0.995,0.01,0,0.001,0.01,50,0,0,0,0,0,0,0,0,0,0,0,0,0,0,0,0,0,0,0,0,0,0,0,0,0,0,0,0,0,0,0,0,0,0
289,False,reg_0,M2,cau100_afr0_asi0_0,regional_0,50,150,365,70,0,0.995,0.01,0,0.001,0.01,50,0,0,0,0,0,0,0,0,0,0,0,0,0,0,0,0,0,0,0,0,0,0,0,0,0,0,0,0,0,0,0,0,0,0
290,False,reg_0,M2,cau100_afr0_asi0_0,regional_0,50,150,365,70,0,0.995,0.01,0,0.001,0.01,50,0,0,0,0,0,0,0,0,0,0,0,0,0,0,0,0,0,0,0,0,0,0,0,0,0,0,0,0,0,0,0,0,0,0
291,False,reg_0,M2,cau100_afr0_asi0_0,regional_0,50,150,365,70,0,0.995,0.01,0,0.001,0.01,50,0,0,0,0,0,0,0,0,0,0,0,0,0,0,0,0,0,0,0,0,0,0,0,0,0,0,0,0,0,0,0,0,0,0
292,False,reg_0,M2,cau100_afr0_asi0_0,regional_0,50,150,365,70,0,0.995,0.01,0,0.001,0.01,50,0,0,0,0,0,0,0,0,0,0,0,0,0,0,0,0,0,0,0,0,0,0,0,0,0,0,0,0,0,0,0,0,0,0
293,False,reg_0,M2,cau100_afr0_asi0_0,regional_0,50,150,365,70,0,0.995,0.01,0,0.001,0.01,50,0,0,0,0,0,0,0,0,0,0,0,0,0,0,0,0,0,0,0,0,0,0,0,0,0,0,0,0,0,0,0,0,0,0
294,False,reg_0,M2,cau100_afr0_asi0_0,regional_0,50,150,365,70,0,0.995,0.01,0,0.001,0.01,50,0,0,0,0,0,0,0,0,0,0,0,0,0,0,0,0,0,0,0,0,0,0,0,0,0,0,0,0,0,0,0,0,0,0
295,False,reg_0,M2,cau100_afr0_asi0_0,regional_0,50,150,365,70,0,0.995,0.01,0,0.001,0.01,50,0,0,0,0,0,0,0,0,0,0,0,0,0,0,0,0,0,0,0,0,0,0,0,0,0,0,0,0,0,0,0,0,0,0
296,False,reg_0,M2,cau100_afr0_asi0_0,regional_0,50,150,365,70,0,0.995,0.01,0,0.001,0.01,50,0,0,0,0,0,0,0,0,0,0,0,0,0,0,0,0,0,0,0,0,0,0,0,0,0,0,0,0,0,0,0,0,0,0
297,False,reg_0,M2,cau100_afr0_asi0_0,regional_0,50,150,365,70,0,0.995,0.01,0,0.001,0.01,50,0,0,0,0,0,0,0,0,0,0,0,0,0,0,0,0,0,0,0,0,0,0,0,0,0,0,0,0,0,0,0,0,0,0
298,False,reg_0,M2,cau100_afr0_asi0_0,regional_0,50,150,365,70,0,0.995,0.01,0,0.001,0.01,50,0,0,0,0,0,0,0,0,0,0,0,0,0,0,0,0,0,0,0,0,0,0,0,0,0,0,0,0,0,0,0,0,0,0
299,False,reg_0,M2,cau100_afr0_asi0_0,regional_0,50,150,365,70,0,0.995,0.01,0,0.001,0.01,50,0,0,0,0,0,0,0,0,0,0,0,0,0,0,0,0,0,0,0,0,0,0,0,0,0,0,0,0,0,0,0,0,0,0
300,False,reg_0,M2,cau100_afr0_asi0_0,regional_0,50,150,365,70,0,0.995,0.01,0,0.001,0.01,50,0,0,0,0,0,0,0,0,0,0,0,0,0,0,0,0,0,0,0,0,0,0,0,0,0,0,0,0,0,0,0,0,0,0
301,False,reg_0,M2,cau100_afr0_asi0_0,regional_0,50,150,365,70,0,0.995,0.01,0,0.001,0.01,50,0,0,0,0,0,0,0,0,0,0,0,0,0,0,0,0,0,0,0,0,0,0,0,0,0,0,0,0,0,0,0,0,0,0
302,False,reg_0,M2,cau100_afr0_asi0_0,regional_0,50,150,365,70,0,0.995,0.01,0,0.001,0.01,50,0,0,0,0,0,0,0,0,0,0,0,0,0,0,0,0,0,0,0,0,0,0,0,0,0,0,0,0,0,0,0,0,0,0
303,False,reg_0,M2,cau100_afr0_asi0_0,regional_0,50,150,365,70,0,0.995,0.01,0,0.001,0.01,50,0,0,0,0,0,0,0,0,0,0,0,0,0,0,0,0,0,0,0,0,0,0,0,0,0,0,0,0,0,0,0,0,0,0
304,False,reg_0,M2,cau100_afr0_asi0_0,regional_0,50,150,365,70,0,0.995,0.01,0,0.001,0.01,50,0,0,0,0,0,0,0,0,0,0,0,0,0,0,0,0,0,0,0,0,0,0,0,0,0,0,0,0,0,0,0,0,0,0
305,False,reg_0,M2,cau100_afr0_asi0_0,regional_0,50,150,365,70,0,0.995,0.01,0,0.001,0.01,50,0,0,0,0,0,0,0,0,0,0,0,0,0,0,0,0,0,0,0,0,0,0,0,0,0,0,0,0,0,0,0,0,0,0
306,False,reg_0,M2,cau100_afr0_asi0_0,regional_0,50,150,365,70,0,0.995,0.01,0,0.001,0.01,50,0,0,0,0,0,0,0,0,0,0,0,0,0,0,0,0,0,0,0,0,0,0,0,0,0,0,0,0,0,0,0,0,0,0
307,False,reg_0,M2,cau100_afr0_asi0_0,regional_0,50,150,365,70,0,0.995,0.01,0,0.001,0.01,50,0,0,0,0,0,0,0,0,0,0,0,0,0,0,0,0,0,0,0,0,0,0,0,0,0,0,0,0,0,0,0,0,0,0
308,False,reg_0,M2,cau100_afr0_asi0_0,regional_0,50,150,365,70,0,0.995,0.01,0,0.001,0.01,50,0,0,0,0,0,0,0,0,0,0,0,0,0,0,0,0,0,0,0,0,0,0,0,0,0,0,0,0,0,0,0,0,0,0
309,False,reg_0,M2,cau100_afr0_asi0_0,regional_0,50,150,365,70,0,0.995,0.01,0,0.001,0.01,50,0,0,0,0,0,0,0,0,0,0,0,0,0,0,0,0,0,0,0,0,0,0,0,0,0,0,0,0,0,0,0,0,0,0
310,False,reg_0,M2,cau100_afr0_asi0_0,regional_0,50,150,365,70,0,0.995,0.01,0,0.001,0.01,50,0,0,0,0,0,0,0,0,0,0,0,0,0,0,0,0,0,0,0,0,0,0,0,0,0,0,0,0,0,0,0,0,0,0
311,False,reg_0,M2,cau100_afr0_asi0_0,regional_0,50,150,365,70,0,0.995,0.01,0,0.001,0.01,50,0,0,0,0,0,0,0,0,0,0,0,0,0,0,0,0,0,0,0,0,0,0,0,0,0,0,0,0,0,0,0,0,0,0
312,False,reg_0,M2,cau100_afr0_asi0_0,regional_0,50,150,365,70,0,0.995,0.01,0,0.001,0.01,50,0,0,0,0,0,0,0,0,0,0,0,0,0,0,0,0,0,0,0,0,0,0,0,0,0,0,0,0,0,0,0,0,0,0
313,False,reg_0,M2,cau100_afr0_asi0_0,regional_0,50,150,365,70,0,0.995,0.01,0,0.001,0.01,50,0,0,0,0,0,0,0,0,0,0,0,0,0,0,0,0,0,0,0,0,0,0,0,0,0,0,0,0,0,0,0,0,0,0
314,False,reg_0,M2,cau100_afr0_asi0_0,regional_0,50,150,365,70,0,0.995,0.01,0,0.001,0.01,50,0,0,0,0,0,0,0,0,0,0,0,0,0,0,0,0,0,0,0,0,0,0,0,0,0,0,0,0,0,0,0,0,0,0
315,False,reg_0,M2,cau100_afr0_asi0_0,regional_0,50,150,365,70,0,0.995,0.01,0,0.001,0.01,50,0,0,0,0,0,0,0,0,0,0,0,0,0,0,0,0,0,0,0,0,0,0,0,0,0,0,0,0,0,0,0,0,0,0
316,False,reg_0,M2,cau100_afr0_asi0_0,regional_0,50,150,365,70,0,0.995,0.01,0,0.001,0.01,50,0,0,0,0,0,0,0,0,0,0,0,0,0,0,0,0,0,0,0,0,0,0,0,0,0,0,0,0,0,0,0,0,0,0
317,False,reg_0,M2,cau100_afr0_asi0_0,regional_0,50,150,365,70,0,0.995,0.01,0,0.001,0.01,50,0,0,0,0,0,0,0,0,0,0,0,0,0,0,0,0,0,0,0,0,0,0,0,0,0,0,0,0,0,0,0,0,0,0
318,False,reg_0,M2,cau100_afr0_asi0_0,regional_0,50,150,365,70,0,0.995,0.01,0,0.001,0.01,50,0,0,0,0,0,0,0,0,0,0,0,0,0,0,0,0,0,0,0,0,0,0,0,0,0,0,0,0,0,0,0,0,0,0
319,False,reg_0,M2,cau100_afr0_asi0_0,regional_0,50,150,365,70,0,0.995,0.01,0,0.001,0.01,50,0,0,0,0,0,0,0,0,0,0,0,0,0,0,0,0,0,0,0,0,0,0,0,0,0,0,0,0,0,0,0,0,0,0
320,False,reg_0,M2,cau100_afr0_asi0_0,regional_0,50,150,365,70,0,0.995,0.01,0,0.001,0.01,50,0,0,0,0,0,0,0,0,0,0,0,0,0,0,0,0,0,0,0,0,0,0,0,0,0,0,0,0,0,0,0,0,0,0
321,False,reg_0,M2,cau100_afr0_asi0_0,regional_0,50,150,365,70,0,0.995,0.01,0,0.001,0.01,50,0,0,0,0,0,0,0,0,0,0,0,0,0,0,0,0,0,0,0,0,0,0,0,0,0,0,0,0,0,0,0,0,0,0
322,False,reg_0,M2,cau100_afr0_asi0_0,regional_0,50,150,365,70,0,0.995,0.01,0,0.001,0.01,50,0,0,0,0,0,0,0,0,0,0,0,0,0,0,0,0,0,0,0,0,0,0,0,0,0,0,0,0,0,0,0,0,0,0
323,False,reg_0,M2,cau100_afr0_asi0_0,regional_0,50,150,365,70,0,0.995,0.01,0,0.001,0.01,50,0,0,0,0,0,0,0,0,0,0,0,0,0,0,0,0,0,0,0,0,0,0,0,0,0,0,0,0,0,0,0,0,0,0
324,False,reg_0,M2,cau100_afr0_asi0_0,regional_0,50,150,365,70,0,0.995,0.01,0,0.001,0.01,50,0,0,0,0,0,0,0,0,0,0,0,0,0,0,0,0,0,0,0,0,0,0,0,0,0,0,0,0,0,0,0,0,0,0
325,False,reg_0,M2,cau100_afr0_asi0_0,regional_0,50,150,365,70,0,0.995,0.01,0,0.001,0.01,50,0,0,0,0,0,0,0,0,0,0,0,0,0,0,0,0,0,0,0,0,0,0,0,0,0,0,0,0,0,0,0,0,0,0
326,False,reg_0,M2,cau100_afr0_asi0_0,regional_0,50,150,365,70,0,0.995,0.01,0,0.001,0.01,50,0,0,0,0,0,0,0,0,0,0,0,0,0,0,0,0,0,0,0,0,0,0,0,0,0,0,0,0,0,0,0,0,0,0
327,False,reg_0,M2,cau100_afr0_asi0_0,regional_0,50,150,365,70,0,0.995,0.01,0,0.001,0.01,50,0,0,0,0,0,0,0,0,0,0,0,0,0,0,0,0,0,0,0,0,0,0,0,0,0,0,0,0,0,0,0,0,0,0
328,False,reg_0,M2,cau100_afr0_asi0_0,regional_0,50,150,365,70,0,0.995,0.01,0,0.001,0.01,50,0,0,0,0,0,0,0,0,0,0,0,0,0,0,0,0,0,0,0,0,0,0,0,0,0,0,0,0,0,0,0,0,0,0
329,False,reg_0,M2,cau100_afr0_asi0_0,regional_0,50,150,365,70,0,0.995,0.01,0,0.001,0.01,50,0,0,0,0,0,0,0,0,0,0,0,0,0,0,0,0,0,0,0,0,0,0,0,0,0,0,0,0,0,0,0,0,0,0
330,False,reg_0,M2,cau100_afr0_asi0_0,regional_0,50,150,365,70,0,0.995,0.01,0,0.001,0.01,50,0,0,0,0,0,0,0,0,0,0,0,0,0,0,0,0,0,0,0,0,0,0,0,0,0,0,0,0,0,0,0,0,0,0
331,False,reg_0,M2,cau100_afr0_asi0_0,regional_0,50,150,365,70,0,0.995,0.01,0,0.001,0.01,50,0,0,0,0,0,0,0,0,0,0,0,0,0,0,0,0,0,0,0,0,0,0,0,0,0,0,0,0,0,0,0,0,0,0
332,False,reg_0,M2,cau100_afr0_asi0_0,regional_0,50,150,365,70,0,0.995,0.01,0,0.001,0.01,50,0,0,0,0,0,0,0,0,0,0,0,0,0,0,0,0,0,0,0,0,0,0,0,0,0,0,0,0,0,0,0,0,0,0
333,False,reg_0,M2,cau100_afr0_asi0_0,regional_0,50,150,365,70,0,0.995,0.01,0,0.001,0.01,50,0,0,0,0,0,0,0,0,0,0,0,0,0,0,0,0,0,0,0,0,0,0,0,0,0,0,0,0,0,0,0,0,0,0
334,False,reg_0,M2,cau100_afr0_asi0_0,regional_0,50,150,365,70,0,0.995,0.01,0,0.001,0.01,50,0,0,0,0,0,0,0,0,0,0,0,0,0,0,0,0,0,0,0,0,0,0,0,0,0,0,0,0,0,0,0,0,0,0
335,False,reg_0,M2,cau100_afr0_asi0_0,regional_0,50,150,365,70,0,0.995,0.01,0,0.001,0.01,50,0,0,0,0,0,0,0,0,0,0,0,0,0,0,0,0,0,0,0,0,0,0,0,0,0,0,0,0,0,0,0,0,0,0
336,False,reg_0,M2,cau100_afr0_asi0_0,regional_0,50,150,365,70,0,0.995,0.01,0,0.001,0.01,50,0,0,0,0,0,0,0,0,0,0,0,0,0,0,0,0,0,0,0,0,0,0,0,0,0,0,0,0,0,0,0,0,0,0
337,False,reg_0,M2,cau100_afr0_asi0_0,regional_0,50,150,365,70,0,0.995,0.01,0,0.001,0.01,50,0,0,0,0,0,0,0,0,0,0,0,0,0,0,0,0,0,0,0,0,0,0,0,0,0,0,0,0,0,0,0,0,0,0
338,False,reg_0,M2,cau100_afr0_asi0_0,regional_0,50,150,365,70,0,0.995,0.01,0,0.001,0.01,50,0,0,0,0,0,0,0,0,0,0,0,0,0,0,0,0,0,0,0,0,0,0,0,0,0,0,0,0,0,0,0,0,0,0
339,False,reg_0,M2,cau100_afr0_asi0_0,regional_0,50,150,365,70,0,0.995,0.01,0,0.001,0.01,50,0,0,0,0,0,0,0,0,0,0,0,0,0,0,0,0,0,0,0,0,0,0,0,0,0,0,0,0,0,0,0,0,0,0
340,False,reg_0,M2,cau100_afr0_asi0_0,regional_0,50,150,365,70,0,0.995,0.01,0,0.001,0.01,50,0,0,0,0,0,0,0,0,0,0,0,0,0,0,0,0,0,0,0,0,0,0,0,0,0,0,0,0,0,0,0,0,0,0
341,False,reg_0,M2,cau100_afr0_asi0_0,regional_0,50,150,365,70,0,0.995,0.01,0,0.001,0.01,50,0,0,0,0,0,0,0,0,0,0,0,0,0,0,0,0,0,0,0,0,0,0,0,0,0,0,0,0,0,0,0,0,0,0
342,False,reg_0,M2,cau100_afr0_asi0_0,regional_0,50,150,365,70,0,0.995,0.01,0,0.001,0.01,50,0,0,0,0,0,0,0,0,0,0,0,0,0,0,0,0,0,0,0,0,0,0,0,0,0,0,0,0,0,0,0,0,0,0
343,False,reg_0,M2,cau100_afr0_asi0_0,regional_0,50,150,365,70,0,0.995,0.01,0,0.001,0.01,50,0,0,0,0,0,0,0,0,0,0,0,0,0,0,0,0,0,0,0,0,0,0,0,0,0,0,0,0,0,0,0,0,0,0
344,False,reg_0,M2,cau100_afr0_asi0_0,regional_0,50,150,365,70,0,0.995,0.01,0,0.001,0.01,50,0,0,0,0,0,0,0,0,0,0,0,0,0,0,0,0,0,0,0,0,0,0,0,0,0,0,0,0,0,0,0,0,0,0
345,False,reg_0,M2,cau100_afr0_asi0_0,regional_0,50,150,365,70,0,0.995,0.01,0,0.001,0.01,50,0,0,0,0,0,0,0,0,0,0,0,0,0,0,0,0,0,0,0,0,0,0,0,0,0,0,0,0,0,0,0,0,0,0
346,False,reg_0,M2,cau100_afr0_asi0_0,regional_0,50,150,365,70,0,0.995,0.01,0,0.001,0.01,50,0,0,0,0,0,0,0,0,0,0,0,0,0,0,0,0,0,0,0,0,0,0,0,0,0,0,0,0,0,0,0,0,0,0
347,False,reg_0,M2,cau100_afr0_asi0_0,regional_0,50,150,365,70,0,0.995,0.01,0,0.001,0.01,50,0,0,0,0,0,0,0,0,0,0,0,0,0,0,0,0,0,0,0,0,0,0,0,0,0,0,0,0,0,0,0,0,0,0
348,False,reg_0,M2,cau100_afr0_asi0_0,regional_0,50,150,365,70,0,0.995,0.01,0,0.001,0.01,50,0,0,0,0,0,0,0,0,0,0,0,0,0,0,0,0,0,0,0,0,0,0,0,0,0,0,0,0,0,0,0,0,0,0
349,False,reg_0,M2,cau100_afr0_asi0_0,regional_0,50,150,365,70,0,0.995,0.01,0,0.001,0.01,50,0,0,0,0,0,0,0,0,0,0,0,0,0,0,0,0,0,0,0,0,0,0,0,0,0,0,0,0,0,0,0,0,0,0
350,False,reg_0,M2,cau100_afr0_asi0_0,regional_0,50,150,365,70,0,0.995,0.01,0,0.001,0.01,50,0,0,0,0,0,0,0,0,0,0,0,0,0,0,0,0,0,0,0,0,0,0,0,0,0,0,0,0,0,0,0,0,0,0
351,False,reg_0,M2,cau100_afr0_asi0_0,regional_0,50,150,365,70,0,0.995,0.01,0,0.001,0.01,50,0,0,0,0,0,0,0,0,0,0,0,0,0,0,0,0,0,0,0,0,0,0,0,0,0,0,0,0,0,0,0,0,0,0
352,False,reg_0,M2,cau100_afr0_asi0_0,regional_0,50,150,365,70,0,0.995,0.01,0,0.001,0.01,50,0,0,0,0,0,0,0,0,0,0,0,0,0,0,0,0,0,0,0,0,0,0,0,0,0,0,0,0,0,0,0,0,0,0
353,False,reg_0,M2,cau100_afr0_asi0_0,regional_0,50,150,365,70,0,0.995,0.01,0,0.001,0.01,50,0,0,0,0,0,0,0,0,0,0,0,0,0,0,0,0,0,0,0,0,0,0,0,0,0,0,0,0,0,0,0,0,0,0
354,False,reg_0,M2,cau100_afr0_asi0_0,regional_0,50,150,365,70,0,0.995,0.01,0,0.001,0.01,50,0,0,0,0,0,0,0,0,0,0,0,0,0,0,0,0,0,0,0,0,0,0,0,0,0,0,0,0,0,0,0,0,0,0
355,False,reg_0,M2,cau100_afr0_asi0_0,regional_0,50,150,365,70,0,0.995,0.01,0,0.001,0.01,50,0,0,0,0,0,0,0,0,0,0,0,0,0,0,0,0,0,0,0,0,0,0,0,0,0,0,0,0,0,0,0,0,0,0
356,False,reg_0,M2,cau100_afr0_asi0_0,regional_0,50,150,365,70,0,0.995,0.01,0,0.001,0.01,50,0,0,0,0,0,0,0,0,0,0,0,0,0,0,0,0,0,0,0,0,0,0,0,0,0,0,0,0,0,0,0,0,0,0
357,False,reg_0,M2,cau100_afr0_asi0_0,regional_0,50,150,365,70,0,0.995,0.01,0,0.001,0.01,50,0,0,0,0,0,0,0,0,0,0,0,0,0,0,0,0,0,0,0,0,0,0,0,0,0,0,0,0,0,0,0,0,0,0
358,False,reg_0,M2,cau100_afr0_asi0_0,regional_0,50,150,365,70,0,0.995,0.01,0,0.001,0.01,50,0,0,0,0,0,0,0,0,0,0,0,0,0,0,0,0,0,0,0,0,0,0,0,0,0,0,0,0,0,0,0,0,0,0
359,False,reg_0,M2,cau100_afr0_asi0_0,regional_0,50,150,365,70,0,0.995,0.01,0,0.001,0.01,50,0,0,0,0,0,0,0,0,0,0,0,0,0,0,0,0,0,0,0,0,0,0,0,0,0,0,0,0,0,0,0,0,0,0
360,False,reg_0,M2,cau100_afr0_asi0_0,regional_0,50,150,365,70,0,0.995,0.01,0,0.001,0.01,50,0,0,0,0,0,0,0,0,0,0,0,0,0,0,0,0,0,0,0,0,0,0,0,0,0,0,0,0,0,0,0,0,0,0
361,False,reg_0,M2,cau100_afr0_asi0_0,regional_0,50,150,365,70,0,0.995,0.01,0,0.001,0.01,50,0,0,0,0,0,0,0,0,0,0,0,0,0,0,0,0,0,0,0,0,0,0,0,0,0,0,0,0,0,0,0,0,0,0
362,False,reg_0,M2,cau100_afr0_asi0_0,regional_0,50,150,365,70,0,0.995,0.01,0,0.001,0.01,50,0,0,0,0,0,0,0,0,0,0,0,0,0,0,0,0,0,0,0,0,0,0,0,0,0,0,0,0,0,0,0,0,0,0
363,False,reg_0,M2,cau100_afr0_asi0_0,regional_0,50,150,365,70,0,0.995,0.01,0,0.001,0.01,50,0,0,0,0,0,0,0,0,0,0,0,0,0,0,0,0,0,0,0,0,0,0,0,0,0,0,0,0,0,0,0,0,0,0
364,False,reg_0,M2,cau100_afr0_asi0_0,regional_0,50,150,365,70,0,0.995,0.01,0,0.001,0.01,50,0,0,0,0,0,0,0,0,0,0,0,0,0,0,0,0,0,0,0,0,0,0,0,0,0,0,0,0,0,0,0,0,0,0
365,False,reg_0,M2,cau100_afr0_asi0_0,regional_0,50,150,365,70,0,0.995,0.01,0,0.001,0.01,50,0,0,0,0,0,0,0,0,0,0,0,0,0,0,0,0,0,0,0,0,0,0,0,0,0,0,0,0,0,0,0,0,0,0
366,False,reg_0,M2,cau100_afr0_asi0_0,regional_0,50,150,365,70,0,0.995,0.01,0,0.001,0.01,50,0,0,0,0,0,0,0,0,0,0,0,0,0,0,0,0,0,0,0,0,0,0,0,0,0,0,0,0,0,0,0,0,0,0
367,False,reg_0,M2,cau100_afr0_asi0_0,regional_0,50,150,365,70,0,0.995,0.01,0,0.001,0.01,50,0,0,0,0,0,0,0,0,0,0,0,0,0,0,0,0,0,0,0,0,0,0,0,0,0,0,0,0,0,0,0,0,0,0
368,False,reg_0,M2,cau100_afr0_asi0_0,regional_0,50,150,365,70,0,0.995,0.01,0,0.001,0.01,50,0,0,0,0,0,0,0,0,0,0,0,0,0,0,0,0,0,0,0,0,0,0,0,0,0,0,0,0,0,0,0,0,0,0
369,False,reg_0,M2,cau100_afr0_asi0_0,regional_0,50,150,365,70,0,0.995,0.01,0,0.001,0.01,50,0,0,0,0,0,0,0,0,0,0,0,0,0,0,0,0,0,0,0,0,0,0,0,0,0,0,0,0,0,0,0,0,0,0
370,False,reg_0,M2,cau100_afr0_asi0_0,regional_0,50,150,365,70,0,0.995,0.01,0,0.001,0.01,50,0,0,0,0,0,0,0,0,0,0,0,0,0,0,0,0,0,0,0,0,0,0,0,0,0,0,0,0,0,0,0,0,0,0
371,False,reg_0,M2,cau100_afr0_asi0_0,regional_0,50,150,365,70,0,0.995,0.01,0,0.001,0.01,50,0,0,0,0,0,0,0,0,0,0,0,0,0,0,0,0,0,0,0,0,0,0,0,0,0,0,0,0,0,0,0,0,0,0
372,False,reg_0,M2,cau100_afr0_asi0_0,regional_0,50,150,365,70,0,0.995,0.01,0,0.001,0.01,50,0,0,0,0,0,0,0,0,0,0,0,0,0,0,0,0,0,0,0,0,0,0,0,0,0,0,0,0,0,0,0,0,0,0
373,False,reg_0,M2,cau100_afr0_asi0_0,regional_0,50,150,365,70,0,0.995,0.01,0,0.001,0.01,50,0,0,0,0,0,0,0,0,0,0,0,0,0,0,0,0,0,0,0,0,0,0,0,0,0,0,0,0,0,0,0,0,0,0
374,False,reg_0,M2,cau100_afr0_asi0_0,regional_0,50,150,365,70,0,0.995,0.01,0,0.001,0.01,50,0,0,0,0,0,0,0,0,0,0,0,0,0,0,0,0,0,0,0,0,0,0,0,0,0,0,0,0,0,0,0,0,0,0
375,False,reg_0,M2,cau100_afr0_asi0_0,regional_0,50,150,365,70,0,0.995,0.01,0,0.001,0.01,50,0,0,0,0,0,0,0,0,0,0,0,0,0,0,0,0,0,0,0,0,0,0,0,0,0,0,0,0,0,0,0,0,0,0
376,False,reg_0,M2,cau100_afr0_asi0_0,regional_0,50,150,365,70,0,0.995,0.01,0,0.001,0.01,50,0,0,0,0,0,0,0,0,0,0,0,0,0,0,0,0,0,0,0,0,0,0,0,0,0,0,0,0,0,0,0,0,0,0
377,False,reg_0,M2,cau100_afr0_asi0_0,regional_0,50,150,365,70,0,0.995,0.01,0,0.001,0.01,50,0,0,0,0,0,0,0,0,0,0,0,0,0,0,0,0,0,0,0,0,0,0,0,0,0,0,0,0,0,0,0,0,0,0
378,False,reg_0,M2,cau100_afr0_asi0_0,regional_0,50,150,365,70,0,0.995,0.01,0,0.001,0.01,50,0,0,0,0,0,0,0,0,0,0,0,0,0,0,0,0,0,0,0,0,0,0,0,0,0,0,0,0,0,0,0,0,0,0
379,False,reg_0,M2,cau100_afr0_asi0_0,regional_0,50,150,365,70,0,0.995,0.01,0,0.001,0.01,50,0,0,0,0,0,0,0,0,0,0,0,0,0,0,0,0,0,0,0,0,0,0,0,0,0,0,0,0,0,0,0,0,0,0
380,False,reg_0,M2,cau100_afr0_asi0_0,regional_0,50,150,365,70,0,0.995,0.01,0,0.001,0.01,50,0,0,0,0,0,0,0,0,0,0,0,0,0,0,0,0,0,0,0,0,0,0,0,0,0,0,0,0,0,0,0,0,0,0
381,False,reg_0,M2,cau100_afr0_asi0_0,regional_0,50,150,365,70,0,0.995,0.01,0,0.001,0.01,50,0,0,0,0,0,0,0,0,0,0,0,0,0,0,0,0,0,0,0,0,0,0,0,0,0,0,0,0,0,0,0,0,0,0
382,False,reg_0,M2,cau100_afr0_asi0_0,regional_0,50,150,365,70,0,0.995,0.01,0,0.001,0.01,50,0,0,0,0,0,0,0,0,0,0,0,0,0,0,0,0,0,0,0,0,0,0,0,0,0,0,0,0,0,0,0,0,0,0
383,False,reg_0,M2,cau100_afr0_asi0_0,regional_0,50,150,365,70,0,0.995,0.01,0,0.001,0.01,50,0,0,0,0,0,0,0,0,0,0,0,0,0,0,0,0,0,0,0,0,0,0,0,0,0,0,0,0,0,0,0,0,0,0
384,False,reg_0,M2,cau100_afr0_asi0_0,regional_0,50,150,365,70,0,0.995,0.01,0,0.001,0.01,50,0,0,0,0,0,0,0,0,0,0,0,0,0,0,0,0,0,0,0,0,0,0,0,0,0,0,0,0,0,0,0,0,0,0
385,False,reg_0,M2,cau100_afr0_asi0_0,regional_0,50,150,365,70,0,0.995,0.01,0,0.001,0.01,50,0,0,0,0,0,0,0,0,0,0,0,0,0,0,0,0,0,0,0,0,0,0,0,0,0,0,0,0,0,0,0,0,0,0
386,False,reg_0,M2,cau100_afr0_asi0_0,regional_0,50,150,365,70,0,0.995,0.01,0,0.001,0.01,50,0,0,0,0,0,0,0,0,0,0,0,0,0,0,0,0,0,0,0,0,0,0,0,0,0,0,0,0,0,0,0,0,0,0
387,False,reg_0,M2,cau100_afr0_asi0_0,regional_0,50,150,365,70,0,0.995,0.01,0,0.001,0.01,50,0,0,0,0,0,0,0,0,0,0,0,0,0,0,0,0,0,0,0,0,0,0,0,0,0,0,0,0,0,0,0,0,0,0
388,False,reg_0,M2,cau100_afr0_asi0_0,regional_0,50,150,365,70,0,0.995,0.01,0,0.001,0.01,50,0,0,0,0,0,0,0,0,0,0,0,0,0,0,0,0,0,0,0,0,0,0,0,0,0,0,0,0,0,0,0,0,0,0
389,False,reg_0,M2,cau100_afr0_asi0_0,regional_0,50,150,365,70,0,0.995,0.01,0,0.001,0.01,50,0,0,0,0,0,0,0,0,0,0,0,0,0,0,0,0,0,0,0,0,0,0,0,0,0,0,0,0,0,0,0,0,0,0
390,False,reg_0,M2,cau100_afr0_asi0_0,regional_0,50,150,365,70,0,0.995,0.01,0,0.001,0.01,50,0,0,0,0,0,0,0,0,0,0,0,0,0,0,0,0,0,0,0,0,0,0,0,0,0,0,0,0,0,0,0,0,0,0
391,False,reg_0,M2,cau100_afr0_asi0_0,regional_0,50,150,365,70,0,0.995,0.01,0,0.001,0.01,50,0,0,0,0,0,0,0,0,0,0,0,0,0,0,0,0,0,0,0,0,0,0,0,0,0,0,0,0,0,0,0,0,0,0
392,False,reg_0,M2,cau100_afr0_asi0_0,regional_0,50,150,365,70,0,0.995,0.01,0,0.001,0.01,50,0,0,0,0,0,0,0,0,0,0,0,0,0,0,0,0,0,0,0,0,0,0,0,0,0,0,0,0,0,0,0,0,0,0
393,False,reg_0,M2,cau100_afr0_asi0_0,regional_0,50,150,365,70,0,0.995,0.01,0,0.001,0.01,50,0,0,0,0,0,0,0,0,0,0,0,0,0,0,0,0,0,0,0,0,0,0,0,0,0,0,0,0,0,0,0,0,0,0
394,False,reg_0,M2,cau100_afr0_asi0_0,regional_0,50,150,365,70,0,0.995,0.01,0,0.001,0.01,50,0,0,0,0,0,0,0,0,0,0,0,0,0,0,0,0,0,0,0,0,0,0,0,0,0,0,0,0,0,0,0,0,0,0
395,False,reg_0,M2,cau100_afr0_asi0_0,regional_0,50,150,365,70,0,0.995,0.01,0,0.001,0.01,50,0,0,0,0,0,0,0,0,0,0,0,0,0,0,0,0,0,0,0,0,0,0,0,0,0,0,0,0,0,0,0,0,0,0
396,False,reg_0,M2,cau100_afr0_asi0_0,regional_0,50,150,365,70,0,0.995,0.01,0,0.001,0.01,50,0,0,0,0,0,0,0,0,0,0,0,0,0,0,0,0,0,0,0,0,0,0,0,0,0,0,0,0,0,0,0,0,0,0
397,False,reg_0,M2,cau100_afr0_asi0_0,regional_0,50,150,365,70,0,0.995,0.01,0,0.001,0.01,50,0,0,0,0,0,0,0,0,0,0,0,0,0,0,0,0,0,0,0,0,0,0,0,0,0,0,0,0,0,0,0,0,0,0
398,False,reg_0,M2,cau100_afr0_asi0_0,regional_0,50,150,365,70,0,0.995,0.01,0,0.001,0.01,50,0,0,0,0,0,0,0,0,0,0,0,0,0,0,0,0,0,0,0,0,0,0,0,0,0,0,0,0,0,0,0,0,0,0
399,False,reg_0,M2,cau100_afr0_asi0_0,regional_0,50,150,365,70,0,0.995,0.01,0,0.001,0.01,50,0,0,0,0,0,0,0,0,0,0,0,0,0,0,0,0,0,0,0,0,0,0,0,0,0,0,0,0,0,0,0,0,0,0
400,False,reg_0,M2,cau100_afr0_asi0_0,regional_0,50,150,365,70,0,0.995,0.01,0,0.001,0.01,50,0,0,0,0,0,0,0,0,0,0,0,0,0,0,0,0,0,0,0,0,0,0,0,0,0,0,0,0,0,0,0,0,0,0
401,False,reg_0,M2,cau100_afr0_asi0_0,regional_0,50,150,365,70,0,0.995,0.01,0,0.001,0.01,50,0,0,0,0,0,0,0,0,0,0,0,0,0,0,0,0,0,0,0,0,0,0,0,0,0,0,0,0,0,0,0,0,0,0
402,False,reg_0,M2,cau100_afr0_asi0_0,regional_0,50,150,365,70,0,0.995,0.01,0,0.001,0.01,50,0,0,0,0,0,0,0,0,0,0,0,0,0,0,0,0,0,0,0,0,0,0,0,0,0,0,0,0,0,0,0,0,0,0
403,False,reg_0,M2,cau100_afr0_asi0_0,regional_0,50,150,365,70,0,0.995,0.01,0,0.001,0.01,50,0,0,0,0,0,0,0,0,0,0,0,0,0,0,0,0,0,0,0,0,0,0,0,0,0,0,0,0,0,0,0,0,0,0
404,False,reg_0,M2,cau100_afr0_asi0_0,regional_0,50,150,365,70,0,0.995,0.01,0,0.001,0.01,50,0,0,0,0,0,0,0,0,0,0,0,0,0,0,0,0,0,0,0,0,0,0,0,0,0,0,0,0,0,0,0,0,0,0
405,False,reg_0,M2,cau100_afr0_asi0_0,regional_0,50,150,365,70,0,0.995,0.01,0,0.001,0.01,50,0,0,0,0,0,0,0,0,0,0,0,0,0,0,0,0,0,0,0,0,0,0,0,0,0,0,0,0,0,0,0,0,0,0
406,False,reg_0,M2,cau100_afr0_asi0_0,regional_0,50,150,365,70,0,0.995,0.01,0,0.001,0.01,50,0,0,0,0,0,0,0,0,0,0,0,0,0,0,0,0,0,0,0,0,0,0,0,0,0,0,0,0,0,0,0,0,0,0
407,False,reg_0,M2,cau100_afr0_asi0_0,regional_0,50,150,365,70,0,0.995,0.01,0,0.001,0.01,50,0,0,0,0,0,0,0,0,0,0,0,0,0,0,0,0,0,0,0,0,0,0,0,0,0,0,0,0,0,0,0,0,0,0
408,False,reg_0,M2,cau100_afr0_asi0_0,regional_0,50,150,365,70,0,0.995,0.01,0,0.001,0.01,50,0,0,0,0,0,0,0,0,0,0,0,0,0,0,0,0,0,0,0,0,0,0,0,0,0,0,0,0,0,0,0,0,0,0
409,False,reg_0,M2,cau100_afr0_asi0_0,regional_0,50,150,365,70,0,0.995,0.01,0,0.001,0.01,50,0,0,0,0,0,0,0,0,0,0,0,0,0,0,0,0,0,0,0,0,0,0,0,0,0,0,0,0,0,0,0,0,0,0
410,False,reg_0,M2,cau100_afr0_asi0_0,regional_0,50,150,365,70,0,0.995,0.01,0,0.001,0.01,50,0,0,0,0,0,0,0,0,0,0,0,0,0,0,0,0,0,0,0,0,0,0,0,0,0,0,0,0,0,0,0,0,0,0
411,False,reg_0,M2,cau100_afr0_asi0_0,regional_0,50,150,365,70,0,0.995,0.01,0,0.001,0.01,50,0,0,0,0,0,0,0,0,0,0,0,0,0,0,0,0,0,0,0,0,0,0,0,0,0,0,0,0,0,0,0,0,0,0
412,False,reg_0,M2,cau100_afr0_asi0_0,regional_0,50,150,365,70,0,0.995,0.01,0,0.001,0.01,50,0,0,0,0,0,0,0,0,0,0,0,0,0,0,0,0,0,0,0,0,0,0,0,0,0,0,0,0,0,0,0,0,0,0
413,False,reg_0,M2,cau100_afr0_asi0_0,regional_0,50,150,365,70,0,0.995,0.01,0,0.001,0.01,50,0,0,0,0,0,0,0,0,0,0,0,0,0,0,0,0,0,0,0,0,0,0,0,0,0,0,0,0,0,0,0,0,0,0
414,False,reg_0,M2,cau100_afr0_asi0_0,regional_0,50,150,365,70,0,0.995,0.01,0,0.001,0.01,50,0,0,0,0,0,0,0,0,0,0,0,0,0,0,0,0,0,0,0,0,0,0,0,0,0,0,0,0,0,0,0,0,0,0
415,False,reg_0,M2,cau100_afr0_asi0_0,regional_0,50,150,365,70,0,0.995,0.01,0,0.001,0.01,50,0,0,0,0,0,0,0,0,0,0,0,0,0,0,0,0,0,0,0,0,0,0,0,0,0,0,0,0,0,0,0,0,0,0
416,False,reg_0,M2,cau100_afr0_asi0_0,regional_0,50,150,365,70,0,0.995,0.01,0,0.001,0.01,50,0,0,0,0,0,0,0,0,0,0,0,0,0,0,0,0,0,0,0,0,0,0,0,0,0,0,0,0,0,0,0,0,0,0
417,False,reg_0,M2,cau100_afr0_asi0_0,regional_0,50,150,365,70,0,0.995,0.01,0,0.001,0.01,50,0,0,0,0,0,0,0,0,0,0,0,0,0,0,0,0,0,0,0,0,0,0,0,0,0,0,0,0,0,0,0,0,0,0
418,False,reg_0,M2,cau100_afr0_asi0_0,regional_0,50,150,365,70,0,0.995,0.01,0,0.001,0.01,50,0,0,0,0,0,0,0,0,0,0,0,0,0,0,0,0,0,0,0,0,0,0,0,0,0,0,0,0,0,0,0,0,0,0
419,False,reg_0,M2,cau100_afr0_asi0_0,regional_0,50,150,365,70,0,0.995,0.01,0,0.001,0.01,50,0,0,0,0,0,0,0,0,0,0,0,0,0,0,0,0,0,0,0,0,0,0,0,0,0,0,0,0,0,0,0,0,0,0
420,False,reg_0,M2,cau100_afr0_asi0_0,regional_0,50,150,365,70,0,0.995,0.01,0,0.001,0.01,50,0,0,0,0,0,0,0,0,0,0,0,0,0,0,0,0,0,0,0,0,0,0,0,0,0,0,0,0,0,0,0,0,0,0
421,False,reg_0,M2,cau100_afr0_asi0_0,regional_0,50,150,365,70,0,0.995,0.01,0,0.001,0.01,50,0,0,0,0,0,0,0,0,0,0,0,0,0,0,0,0,0,0,0,0,0,0,0,0,0,0,0,0,0,0,0,0,0,0
422,False,reg_0,M2,cau100_afr0_asi0_0,regional_0,50,150,365,70,0,0.995,0.01,0,0.001,0.01,50,0,0,0,0,0,0,0,0,0,0,0,0,0,0,0,0,0,0,0,0,0,0,0,0,0,0,0,0,0,0,0,0,0,0
423,False,reg_0,M2,cau100_afr0_asi0_0,regional_0,50,150,365,70,0,0.995,0.01,0,0.001,0.01,50,0,0,0,0,0,0,0,0,0,0,0,0,0,0,0,0,0,0,0,0,0,0,0,0,0,0,0,0,0,0,0,0,0,0
424,False,reg_0,M2,cau100_afr0_asi0_0,regional_0,50,150,365,70,0,0.995,0.01,0,0.001,0.01,50,0,0,0,0,0,0,0,0,0,0,0,0,0,0,0,0,0,0,0,0,0,0,0,0,0,0,0,0,0,0,0,0,0,0
425,False,reg_0,M2,cau100_afr0_asi0_0,regional_0,50,150,365,70,0,0.995,0.01,0,0.001,0.01,50,0,0,0,0,0,0,0,0,0,0,0,0,0,0,0,0,0,0,0,0,0,0,0,0,0,0,0,0,0,0,0,0,0,0
426,False,reg_0,M2,cau100_afr0_asi0_0,regional_0,50,150,365,70,0,0.995,0.01,0,0.001,0.01,50,0,0,0,0,0,0,0,0,0,0,0,0,0,0,0,0,0,0,0,0,0,0,0,0,0,0,0,0,0,0,0,0,0,0
427,False,reg_0,M2,cau100_afr0_asi0_0,regional_0,50,150,365,70,0,0.995,0.01,0,0.001,0.01,50,0,0,0,0,0,0,0,0,0,0,0,0,0,0,0,0,0,0,0,0,0,0,0,0,0,0,0,0,0,0,0,0,0,0
428,False,reg_0,M2,cau100_afr0_asi0_0,regional_0,50,150,365,70,0,0.995,0.01,0,0.001,0.01,50,0,0,0,0,0,0,0,0,0,0,0,0,0,0,0,0,0,0,0,0,0,0,0,0,0,0,0,0,0,0,0,0,0,0
429,False,reg_0,M2,cau100_afr0_asi0_0,regional_0,50,150,365,70,0,0.995,0.01,0,0.001,0.01,50,0,0,0,0,0,0,0,0,0,0,0,0,0,0,0,0,0,0,0,0,0,0,0,0,0,0,0,0,0,0,0,0,0,0
430,False,reg_0,M2,cau100_afr0_asi0_0,regional_0,50,150,365,70,0,0.995,0.01,0,0.001,0.01,50,0,0,0,0,0,0,0,0,0,0,0,0,0,0,0,0,0,0,0,0,0,0,0,0,0,0,0,0,0,0,0,0,0,0
431,False,reg_0,M2,cau100_afr0_asi0_0,regional_0,50,150,365,70,0,0.995,0.01,0,0.001,0.01,50,0,0,0,0,0,0,0,0,0,0,0,0,0,0,0,0,0,0,0,0,0,0,0,0,0,0,0,0,0,0,0,0,0,0
432,False,reg_0,M2,cau100_afr0_asi0_0,regional_0,50,150,365,70,0,0.995,0.01,0,0.001,0.01,50,0,0,0,0,0,0,0,0,0,0,0,0,0,0,0,0,0,0,0,0,0,0,0,0,0,0,0,0,0,0,0,0,0,0
433,False,reg_0,M2,cau100_afr0_asi0_0,regional_0,50,150,365,70,0,0.995,0.01,0,0.001,0.01,50,0,0,0,0,0,0,0,0,0,0,0,0,0,0,0,0,0,0,0,0,0,0,0,0,0,0,0,0,0,0,0,0,0,0
434,False,reg_0,M2,cau100_afr0_asi0_0,regional_0,50,150,365,70,0,0.995,0.01,0,0.001,0.01,50,0,0,0,0,0,0,0,0,0,0,0,0,0,0,0,0,0,0,0,0,0,0,0,0,0,0,0,0,0,0,0,0,0,0
